relationship_id,source_account,target_account,relationship_type,total_amount,transaction_count
REL20001,ACC101802,ACC101721,Beneficiary,544637.52,15
REL20002,ACC101228,ACC101401,Co-holder,882360.48,13
REL20003,ACC100169,ACC101125,Beneficiary,591929.2,18
REL20004,ACC101265,ACC101304,Mule Chain,279850.86,15
REL20005,ACC101871,ACC101857,Co-holder,132097.8,50
REL20006,ACC101934,ACC100921,Co-holder,197339.9,28
REL20007,ACC100477,ACC101129,Beneficiary,363826.98,46
REL20008,ACC100782,ACC100140,Common IP,588038.79,3
REL20009,ACC101106,ACC100117,Co-holder,235241.26,20
REL20010,ACC100330,ACC101457,Beneficiary,548605.21,39
REL20011,ACC100961,ACC100899,Mule Chain,377296.75,22
REL20012,ACC101316,ACC101569,Co-holder,416227.36,9
REL20013,ACC101163,ACC101879,Co-holder,502099.75,18
REL20014,ACC101051,ACC101242,Frequent Transactor,550612.18,20
REL20015,ACC100662,ACC101932,Beneficiary,227944.79,50
REL20016,ACC100910,ACC100352,Beneficiary,773175.33,3
REL20017,ACC101936,ACC100114,Shared Device,164995.12,44
REL20018,ACC101460,ACC101226,Shared Device,909607.38,41
REL20019,ACC101320,ACC101349,Shared Device,345506.19,35
REL20020,ACC100013,ACC101024,Frequent Transactor,483020.31,43
REL20021,ACC101724,ACC100939,Frequent Transactor,521157.44,6
REL20022,ACC100698,ACC101086,Beneficiary,543776.1,45
REL20023,ACC101455,ACC100337,Mule Chain,962447.89,38
REL20024,ACC101432,ACC100422,Beneficiary,398801.51,22
REL20025,ACC100734,ACC101210,Frequent Transactor,421864.0,20
REL20026,ACC100393,ACC100538,Shared Device,731524.53,27
REL20027,ACC100948,ACC101915,Frequent Transactor,613106.11,43
REL20028,ACC101006,ACC100470,Shared Device,607854.19,41
REL20029,ACC101175,ACC100196,Common IP,92698.08,10
REL20030,ACC101650,ACC101048,Frequent Transactor,104723.2,8
REL20031,ACC101148,ACC101615,Frequent Transactor,812196.45,15
REL20032,ACC101737,ACC101897,Common IP,512624.08,42
REL20033,ACC100084,ACC100742,Common IP,143115.11,27
REL20034,ACC100397,ACC100697,Co-holder,138837.68,18
REL20035,ACC100507,ACC100602,Beneficiary,32410.46,46
REL20036,ACC101100,ACC101153,Frequent Transactor,179143.41,6
REL20037,ACC100922,ACC101709,Co-holder,177085.77,30
REL20038,ACC100579,ACC101760,Beneficiary,483004.02,42
REL20039,ACC101513,ACC101967,Mule Chain,474490.13,42
REL20040,ACC100530,ACC100508,Shared Device,66623.96,31
REL20041,ACC100370,ACC100341,Shared Device,232462.84,48
REL20042,ACC101689,ACC100914,Beneficiary,120538.85,35
REL20043,ACC101432,ACC101443,Common IP,135549.95,41
REL20044,ACC101638,ACC101849,Common IP,938932.96,33
REL20045,ACC101561,ACC100923,Frequent Transactor,772542.94,17
REL20046,ACC101083,ACC100672,Shared Device,347790.53,13
REL20047,ACC101080,ACC101156,Co-holder,551976.54,31
REL20048,ACC100310,ACC101880,Co-holder,105899.78,28
REL20049,ACC101857,ACC101189,Co-holder,741763.98,5
REL20050,ACC101476,ACC100819,Shared Device,901987.44,45
REL20051,ACC101017,ACC101796,Beneficiary,265699.78,47
REL20052,ACC100243,ACC100176,Shared Device,295189.41,32
REL20053,ACC100812,ACC100343,Shared Device,443193.87,17
REL20054,ACC101174,ACC101715,Beneficiary,625224.27,48
REL20055,ACC101251,ACC100191,Co-holder,720831.4,31
REL20056,ACC101638,ACC100164,Frequent Transactor,179731.51,29
REL20057,ACC100881,ACC101984,Common IP,246418.68,49
REL20058,ACC100031,ACC101209,Frequent Transactor,112218.37,50
REL20059,ACC101738,ACC101289,Beneficiary,488124.72,47
REL20060,ACC100021,ACC100604,Beneficiary,148921.28,6
REL20061,ACC101207,ACC100205,Mule Chain,256998.87,14
REL20062,ACC101492,ACC100998,Beneficiary,817477.57,31
REL20063,ACC100594,ACC100839,Co-holder,830124.83,25
REL20064,ACC100654,ACC101910,Beneficiary,146708.11,39
REL20065,ACC101096,ACC100818,Co-holder,392313.8,19
REL20066,ACC100705,ACC101965,Frequent Transactor,440001.83,32
REL20067,ACC100403,ACC100233,Shared Device,981814.28,20
REL20068,ACC100550,ACC101477,Mule Chain,72540.32,11
REL20069,ACC101377,ACC100001,Shared Device,734757.97,41
REL20070,ACC100185,ACC100812,Co-holder,288335.39,20
REL20071,ACC100430,ACC100780,Common IP,90443.79,15
REL20072,ACC100666,ACC100407,Shared Device,323077.86,49
REL20073,ACC100261,ACC100606,Frequent Transactor,431410.91,22
REL20074,ACC101137,ACC101994,Shared Device,578641.74,14
REL20075,ACC101418,ACC101721,Shared Device,731467.39,44
REL20076,ACC100415,ACC100685,Mule Chain,809548.79,17
REL20077,ACC100821,ACC100377,Common IP,273090.14,3
REL20078,ACC100381,ACC100138,Common IP,481797.98,29
REL20079,ACC100119,ACC100264,Beneficiary,890056.9,13
REL20080,ACC101117,ACC101613,Common IP,240039.42,28
REL20081,ACC101683,ACC101822,Common IP,926937.93,38
REL20082,ACC101020,ACC101586,Co-holder,592911.02,2
REL20083,ACC101225,ACC101236,Mule Chain,661975.37,9
REL20084,ACC101743,ACC100019,Shared Device,602406.17,37
REL20085,ACC100747,ACC101040,Common IP,162628.51,41
REL20086,ACC100745,ACC100129,Co-holder,704232.2,40
REL20087,ACC100215,ACC100545,Beneficiary,366298.38,37
REL20088,ACC101615,ACC101924,Mule Chain,357746.58,48
REL20089,ACC100611,ACC100854,Frequent Transactor,334241.58,47
REL20090,ACC101965,ACC101860,Common IP,99844.86,38
REL20091,ACC100644,ACC100284,Mule Chain,724079.09,7
REL20092,ACC100487,ACC101006,Co-holder,316908.5,20
REL20093,ACC100375,ACC100528,Beneficiary,834058.97,50
REL20094,ACC100170,ACC100304,Beneficiary,793525.52,16
REL20095,ACC101461,ACC100778,Shared Device,344892.17,28
REL20096,ACC101403,ACC100549,Mule Chain,193290.26,8
REL20097,ACC100549,ACC101670,Beneficiary,791757.37,39
REL20098,ACC101923,ACC100448,Shared Device,694188.14,46
REL20099,ACC101405,ACC100120,Common IP,866639.49,31
REL20100,ACC100127,ACC101081,Mule Chain,600958.13,42
REL20101,ACC100566,ACC100013,Co-holder,247752.64,7
REL20102,ACC100769,ACC100060,Shared Device,508335.37,20
REL20103,ACC101530,ACC100187,Common IP,818645.62,24
REL20104,ACC101415,ACC100520,Shared Device,190170.23,48
REL20105,ACC100404,ACC101106,Co-holder,62670.51,28
REL20106,ACC100665,ACC101439,Beneficiary,88489.87,35
REL20107,ACC100241,ACC100270,Frequent Transactor,954851.1,34
REL20108,ACC100557,ACC100119,Co-holder,388927.87,32
REL20109,ACC100512,ACC101440,Shared Device,32556.27,37
REL20110,ACC101875,ACC100028,Co-holder,547736.34,12
REL20111,ACC100626,ACC100450,Mule Chain,402198.92,8
REL20112,ACC101870,ACC100825,Frequent Transactor,736257.16,48
REL20113,ACC101881,ACC100409,Frequent Transactor,987762.79,12
REL20114,ACC100741,ACC101131,Mule Chain,916367.54,48
REL20115,ACC101471,ACC101921,Co-holder,790709.36,10
REL20116,ACC101378,ACC100583,Frequent Transactor,386560.68,49
REL20117,ACC101798,ACC100430,Common IP,518366.05,15
REL20118,ACC101695,ACC100586,Common IP,434817.48,28
REL20119,ACC100136,ACC100221,Co-holder,287346.54,40
REL20120,ACC101716,ACC100740,Mule Chain,525785.35,29
REL20121,ACC100828,ACC100945,Shared Device,523486.35,39
REL20122,ACC100924,ACC101292,Co-holder,303547.69,14
REL20123,ACC100473,ACC100181,Common IP,166923.72,18
REL20124,ACC101002,ACC101382,Beneficiary,381198.53,36
REL20125,ACC100048,ACC100043,Co-holder,617867.76,44
REL20126,ACC100963,ACC100811,Mule Chain,181736.34,8
REL20127,ACC100630,ACC101869,Common IP,73352.71,35
REL20128,ACC101471,ACC100216,Common IP,55407.19,10
REL20129,ACC100644,ACC100035,Co-holder,782534.72,21
REL20130,ACC100386,ACC100900,Mule Chain,713144.07,50
REL20131,ACC101297,ACC100489,Beneficiary,5787.57,12
REL20132,ACC101573,ACC100026,Co-holder,477109.72,48
REL20133,ACC101394,ACC100314,Mule Chain,670443.22,9
REL20134,ACC101880,ACC100929,Shared Device,105958.0,27
REL20135,ACC101223,ACC100795,Co-holder,377920.7,6
REL20136,ACC100612,ACC101163,Shared Device,245808.28,26
REL20137,ACC100630,ACC101129,Shared Device,848286.02,31
REL20138,ACC101067,ACC101412,Common IP,954160.82,44
REL20139,ACC101320,ACC100987,Common IP,756524.13,13
REL20140,ACC101038,ACC100133,Mule Chain,567303.97,25
REL20141,ACC100754,ACC101839,Co-holder,858312.14,43
REL20142,ACC100071,ACC101322,Mule Chain,273954.51,7
REL20143,ACC101961,ACC100261,Beneficiary,409098.65,2
REL20144,ACC100336,ACC100751,Shared Device,661824.9,50
REL20145,ACC101096,ACC100180,Co-holder,426246.1,1
REL20146,ACC100166,ACC100998,Beneficiary,548156.94,4
REL20147,ACC101882,ACC101216,Common IP,42048.28,46
REL20148,ACC100449,ACC100049,Common IP,185216.55,36
REL20149,ACC100992,ACC101413,Shared Device,900265.79,13
REL20150,ACC100330,ACC101324,Frequent Transactor,799559.84,42
REL20151,ACC101976,ACC101349,Co-holder,704327.09,6
REL20152,ACC100630,ACC100874,Common IP,480410.16,4
REL20153,ACC101969,ACC100394,Frequent Transactor,133666.54,27
REL20154,ACC101572,ACC101223,Frequent Transactor,687077.78,48
REL20155,ACC100291,ACC100251,Beneficiary,928194.13,47
REL20156,ACC100701,ACC101747,Mule Chain,996714.56,12
REL20157,ACC101422,ACC101050,Beneficiary,869140.14,46
REL20158,ACC101101,ACC100875,Mule Chain,845324.72,12
REL20159,ACC101760,ACC101812,Mule Chain,908240.42,5
REL20160,ACC101982,ACC100987,Frequent Transactor,669919.82,4
REL20161,ACC100906,ACC101942,Beneficiary,461293.09,36
REL20162,ACC100017,ACC100547,Co-holder,823091.65,42
REL20163,ACC101802,ACC101212,Beneficiary,65396.18,50
REL20164,ACC100774,ACC100547,Mule Chain,557329.33,34
REL20165,ACC100899,ACC101162,Co-holder,52560.89,48
REL20166,ACC101911,ACC100484,Mule Chain,421244.22,33
REL20167,ACC101579,ACC101773,Co-holder,415122.16,39
REL20168,ACC100125,ACC100226,Co-holder,516684.31,45
REL20169,ACC100792,ACC101415,Frequent Transactor,544170.09,46
REL20170,ACC100548,ACC100959,Co-holder,842716.99,9
REL20171,ACC100345,ACC100178,Beneficiary,764048.65,30
REL20172,ACC101379,ACC100162,Frequent Transactor,737387.21,37
REL20173,ACC100734,ACC100265,Co-holder,788531.46,23
REL20174,ACC100385,ACC100412,Frequent Transactor,392995.91,29
REL20175,ACC101771,ACC100927,Mule Chain,619779.31,47
REL20176,ACC100662,ACC101850,Beneficiary,257553.49,48
REL20177,ACC100681,ACC100728,Co-holder,516921.52,9
REL20178,ACC101807,ACC100672,Beneficiary,158181.14,43
REL20179,ACC101710,ACC100993,Frequent Transactor,880486.61,36
REL20180,ACC101560,ACC100685,Common IP,313956.18,28
REL20181,ACC101092,ACC101375,Co-holder,999969.35,3
REL20182,ACC100033,ACC100131,Shared Device,273963.05,18
REL20183,ACC100733,ACC100882,Beneficiary,938960.15,34
REL20184,ACC101420,ACC100074,Mule Chain,370031.82,29
REL20185,ACC101512,ACC100870,Frequent Transactor,74861.6,27
REL20186,ACC100583,ACC101800,Frequent Transactor,317558.01,32
REL20187,ACC100434,ACC100637,Mule Chain,163115.24,12
REL20188,ACC100736,ACC101916,Mule Chain,992833.16,26
REL20189,ACC101893,ACC101858,Frequent Transactor,977225.56,34
REL20190,ACC100254,ACC101976,Co-holder,768902.1,8
REL20191,ACC100516,ACC101851,Mule Chain,52541.31,50
REL20192,ACC100072,ACC101492,Mule Chain,51123.33,26
REL20193,ACC101045,ACC100157,Shared Device,217129.18,39
REL20194,ACC100245,ACC100266,Beneficiary,519337.56,44
REL20195,ACC100943,ACC101625,Frequent Transactor,669896.08,49
REL20196,ACC101010,ACC100440,Shared Device,543871.53,32
REL20197,ACC101416,ACC100315,Beneficiary,626888.52,49
REL20198,ACC101421,ACC101610,Frequent Transactor,788927.83,20
REL20199,ACC100496,ACC100318,Beneficiary,6996.26,22
REL20200,ACC100075,ACC101411,Beneficiary,575911.08,7
REL20201,ACC100511,ACC101620,Shared Device,48437.41,35
REL20202,ACC101952,ACC100147,Common IP,556125.14,15
REL20203,ACC100969,ACC101959,Shared Device,976347.55,44
REL20204,ACC101316,ACC101740,Mule Chain,940002.65,41
REL20205,ACC101631,ACC101821,Frequent Transactor,899251.62,17
REL20206,ACC100375,ACC101925,Mule Chain,664484.12,27
REL20207,ACC101956,ACC101808,Beneficiary,253536.63,35
REL20208,ACC100704,ACC100232,Frequent Transactor,107661.29,9
REL20209,ACC100130,ACC101540,Common IP,751039.51,15
REL20210,ACC101369,ACC100416,Beneficiary,955809.82,29
REL20211,ACC101036,ACC100130,Beneficiary,941952.88,28
REL20212,ACC101379,ACC101567,Co-holder,248174.09,32
REL20213,ACC100644,ACC101161,Mule Chain,890593.29,17
REL20214,ACC101051,ACC100971,Beneficiary,365345.09,16
REL20215,ACC101956,ACC100668,Common IP,343716.41,40
REL20216,ACC101831,ACC101016,Shared Device,774046.72,41
REL20217,ACC101420,ACC101495,Shared Device,585189.47,16
REL20218,ACC100326,ACC101834,Mule Chain,522139.4,28
REL20219,ACC100874,ACC101759,Beneficiary,172740.61,30
REL20220,ACC101357,ACC101798,Beneficiary,630354.5,10
REL20221,ACC100575,ACC100637,Frequent Transactor,864492.85,47
REL20222,ACC100909,ACC101994,Beneficiary,207883.54,48
REL20223,ACC101954,ACC101788,Common IP,598050.78,28
REL20224,ACC101748,ACC100989,Co-holder,362666.89,27
REL20225,ACC101952,ACC101967,Mule Chain,857201.36,49
REL20226,ACC100016,ACC100291,Co-holder,228685.66,22
REL20227,ACC101129,ACC101508,Frequent Transactor,61321.98,45
REL20228,ACC101213,ACC100124,Mule Chain,294078.17,24
REL20229,ACC100838,ACC100978,Common IP,784368.29,45
REL20230,ACC100961,ACC101791,Common IP,484203.98,12
REL20231,ACC101593,ACC100140,Beneficiary,482366.58,17
REL20232,ACC101548,ACC100739,Beneficiary,843097.75,6
REL20233,ACC101330,ACC100559,Common IP,553349.59,50
REL20234,ACC100288,ACC100421,Beneficiary,657247.14,49
REL20235,ACC101243,ACC101156,Mule Chain,123798.19,18
REL20236,ACC101987,ACC100683,Common IP,694923.12,21
REL20237,ACC100579,ACC100386,Frequent Transactor,448746.37,28
REL20238,ACC101015,ACC101621,Shared Device,197925.27,25
REL20239,ACC100994,ACC101741,Co-holder,881312.43,44
REL20240,ACC100803,ACC101172,Co-holder,520432.75,48
REL20241,ACC101529,ACC100933,Shared Device,616866.96,49
REL20242,ACC101628,ACC100258,Shared Device,382547.76,46
REL20243,ACC100105,ACC101095,Mule Chain,322574.49,15
REL20244,ACC101325,ACC101271,Frequent Transactor,19612.73,18
REL20245,ACC100453,ACC100130,Co-holder,819926.77,42
REL20246,ACC100912,ACC101416,Frequent Transactor,270160.7,17
REL20247,ACC101759,ACC101153,Mule Chain,167053.46,11
REL20248,ACC100518,ACC100098,Common IP,795978.41,28
REL20249,ACC101731,ACC101914,Co-holder,714045.6,2
REL20250,ACC101595,ACC101793,Co-holder,253466.34,25
REL20251,ACC100541,ACC100785,Mule Chain,466400.47,36
REL20252,ACC101730,ACC101545,Common IP,425772.17,13
REL20253,ACC101057,ACC100023,Frequent Transactor,204839.29,7
REL20254,ACC100396,ACC101747,Co-holder,367868.06,45
REL20255,ACC100937,ACC101033,Frequent Transactor,461658.47,25
REL20256,ACC100911,ACC100902,Common IP,352615.17,16
REL20257,ACC100226,ACC100420,Common IP,683267.02,6
REL20258,ACC100296,ACC101205,Co-holder,510881.09,22
REL20259,ACC100313,ACC101184,Co-holder,993527.66,34
REL20260,ACC101367,ACC101263,Common IP,218079.85,36
REL20261,ACC101035,ACC101630,Common IP,697452.53,27
REL20262,ACC100256,ACC101792,Common IP,114793.75,14
REL20263,ACC101207,ACC100733,Beneficiary,272494.74,19
REL20264,ACC100117,ACC100666,Beneficiary,882444.71,44
REL20265,ACC100162,ACC100824,Common IP,185471.92,24
REL20266,ACC101455,ACC101134,Frequent Transactor,788161.23,33
REL20267,ACC101766,ACC101901,Frequent Transactor,986962.89,32
REL20268,ACC101728,ACC101433,Shared Device,401379.17,32
REL20269,ACC100978,ACC101861,Common IP,150099.26,36
REL20270,ACC101093,ACC101990,Co-holder,766957.7,28
REL20271,ACC100057,ACC100746,Frequent Transactor,771782.6,1
REL20272,ACC101382,ACC100411,Beneficiary,982349.63,23
REL20273,ACC101152,ACC101927,Mule Chain,946153.61,40
REL20274,ACC101260,ACC100671,Mule Chain,323937.43,4
REL20275,ACC100108,ACC100054,Shared Device,433523.16,6
REL20276,ACC101078,ACC100085,Frequent Transactor,573200.9,47
REL20277,ACC101301,ACC100828,Mule Chain,198304.6,5
REL20278,ACC101891,ACC100830,Co-holder,797839.82,23
REL20279,ACC101269,ACC100461,Co-holder,218901.02,21
REL20280,ACC100104,ACC100188,Frequent Transactor,898624.99,34
REL20281,ACC100086,ACC100023,Co-holder,96068.57,39
REL20282,ACC100687,ACC101026,Common IP,474847.49,1
REL20283,ACC100256,ACC101234,Mule Chain,825619.58,43
REL20284,ACC100569,ACC101786,Frequent Transactor,964059.1,36
REL20285,ACC101266,ACC100321,Mule Chain,279933.17,12
REL20286,ACC100312,ACC100355,Beneficiary,462179.4,23
REL20287,ACC101341,ACC100668,Common IP,120360.41,6
REL20288,ACC100692,ACC101815,Common IP,159752.8,33
REL20289,ACC101780,ACC100739,Beneficiary,558686.85,38
REL20290,ACC100727,ACC101264,Shared Device,440696.87,6
REL20291,ACC100183,ACC101275,Co-holder,633873.63,39
REL20292,ACC101658,ACC101640,Frequent Transactor,126990.53,15
REL20293,ACC101070,ACC100867,Shared Device,396904.86,5
REL20294,ACC101299,ACC101810,Common IP,104033.45,47
REL20295,ACC101943,ACC101425,Shared Device,235032.44,20
REL20296,ACC101481,ACC101278,Co-holder,780288.73,10
REL20297,ACC101517,ACC101005,Common IP,100971.34,38
REL20298,ACC101383,ACC101969,Frequent Transactor,281378.26,19
REL20299,ACC100035,ACC101071,Mule Chain,498341.1,25
REL20300,ACC100216,ACC101252,Shared Device,122971.64,20
REL20301,ACC100610,ACC100480,Mule Chain,639040.58,13
REL20302,ACC100050,ACC101244,Frequent Transactor,34337.58,3
REL20303,ACC100819,ACC100357,Shared Device,599881.8,47
REL20304,ACC101639,ACC100171,Common IP,227055.08,4
REL20305,ACC100532,ACC100205,Frequent Transactor,645516.09,18
REL20306,ACC101850,ACC101751,Frequent Transactor,391139.9,14
REL20307,ACC100232,ACC100575,Co-holder,812739.23,32
REL20308,ACC100415,ACC100041,Frequent Transactor,721114.94,7
REL20309,ACC100832,ACC100596,Co-holder,75497.81,40
REL20310,ACC101473,ACC101564,Frequent Transactor,314085.03,45
REL20311,ACC100729,ACC100434,Frequent Transactor,519723.88,27
REL20312,ACC101787,ACC101669,Co-holder,251738.22,16
REL20313,ACC100159,ACC101647,Common IP,575737.96,22
REL20314,ACC101580,ACC100319,Common IP,689311.09,47
REL20315,ACC100878,ACC100263,Frequent Transactor,607996.55,13
REL20316,ACC101930,ACC100840,Frequent Transactor,716852.81,22
REL20317,ACC100551,ACC100460,Shared Device,296738.99,8
REL20318,ACC101963,ACC101325,Mule Chain,436032.61,11
REL20319,ACC101321,ACC101589,Common IP,418757.69,15
REL20320,ACC100980,ACC101283,Common IP,417566.42,14
REL20321,ACC100552,ACC100670,Shared Device,390225.41,11
REL20322,ACC101718,ACC101906,Co-holder,205316.34,24
REL20323,ACC101745,ACC101285,Common IP,971998.07,44
REL20324,ACC100425,ACC100682,Mule Chain,703101.86,43
REL20325,ACC101681,ACC100344,Co-holder,703300.77,17
REL20326,ACC101788,ACC101079,Frequent Transactor,485185.01,26
REL20327,ACC100846,ACC101857,Frequent Transactor,927258.81,50
REL20328,ACC101807,ACC101160,Co-holder,992605.79,20
REL20329,ACC100727,ACC101454,Common IP,743991.74,41
REL20330,ACC101174,ACC100340,Common IP,877999.93,21
REL20331,ACC100547,ACC100582,Shared Device,338297.33,5
REL20332,ACC100928,ACC100883,Beneficiary,167221.56,20
REL20333,ACC101539,ACC101206,Mule Chain,183521.78,16
REL20334,ACC101133,ACC100527,Shared Device,893318.44,35
REL20335,ACC101651,ACC100972,Co-holder,75153.52,4
REL20336,ACC101347,ACC101880,Beneficiary,623334.09,35
REL20337,ACC101707,ACC100291,Co-holder,930587.16,49
REL20338,ACC100857,ACC101223,Frequent Transactor,878626.68,30
REL20339,ACC101338,ACC100229,Mule Chain,90616.4,40
REL20340,ACC100946,ACC100320,Shared Device,345745.74,4
REL20341,ACC100312,ACC101683,Frequent Transactor,520065.21,4
REL20342,ACC101879,ACC101579,Common IP,659761.36,26
REL20343,ACC100599,ACC100793,Frequent Transactor,933274.94,9
REL20344,ACC101080,ACC101844,Shared Device,680708.06,13
REL20345,ACC100838,ACC101060,Beneficiary,485109.89,27
REL20346,ACC100078,ACC101485,Frequent Transactor,347124.93,49
REL20347,ACC101072,ACC100017,Beneficiary,245036.01,14
REL20348,ACC101538,ACC101250,Shared Device,918995.41,44
REL20349,ACC101793,ACC100171,Common IP,978241.16,28
REL20350,ACC101898,ACC101185,Co-holder,470270.54,1
REL20351,ACC100611,ACC100614,Co-holder,990530.46,41
REL20352,ACC101409,ACC100429,Common IP,52228.78,32
REL20353,ACC100373,ACC101937,Frequent Transactor,944306.69,43
REL20354,ACC101050,ACC100098,Mule Chain,545561.01,11
REL20355,ACC101427,ACC100941,Common IP,225452.49,35
REL20356,ACC100094,ACC101185,Shared Device,903673.43,35
REL20357,ACC101972,ACC101522,Shared Device,765436.84,37
REL20358,ACC100681,ACC100462,Co-holder,458536.7,29
REL20359,ACC101460,ACC101876,Co-holder,624442.29,2
REL20360,ACC100591,ACC101824,Common IP,340116.16,5
REL20361,ACC100076,ACC101457,Beneficiary,536442.42,46
REL20362,ACC100445,ACC100998,Shared Device,855617.4,39
REL20363,ACC101944,ACC101725,Shared Device,429728.58,4
REL20364,ACC101941,ACC100768,Beneficiary,140469.03,5
REL20365,ACC101087,ACC101051,Co-holder,649029.88,40
REL20366,ACC100104,ACC101651,Common IP,350734.33,2
REL20367,ACC101007,ACC100965,Shared Device,540163.99,15
REL20368,ACC101189,ACC101172,Beneficiary,655424.06,43
REL20369,ACC100045,ACC101508,Shared Device,882169.01,7
REL20370,ACC101091,ACC100164,Beneficiary,613264.75,46
REL20371,ACC101581,ACC101854,Shared Device,893051.6,14
REL20372,ACC100675,ACC101987,Frequent Transactor,838995.32,11
REL20373,ACC100870,ACC101575,Beneficiary,155269.21,34
REL20374,ACC101785,ACC100981,Shared Device,909418.84,3
REL20375,ACC101796,ACC100658,Shared Device,448976.93,1
REL20376,ACC101523,ACC101371,Common IP,448193.63,29
REL20377,ACC100999,ACC101977,Shared Device,110829.05,35
REL20378,ACC101522,ACC101128,Frequent Transactor,245583.31,24
REL20379,ACC100899,ACC100698,Beneficiary,101432.16,1
REL20380,ACC100413,ACC100201,Co-holder,938620.83,39
REL20381,ACC100799,ACC100320,Frequent Transactor,924199.99,47
REL20382,ACC100419,ACC101175,Mule Chain,197607.28,8
REL20383,ACC100824,ACC100741,Frequent Transactor,259889.35,9
REL20384,ACC101293,ACC100515,Mule Chain,148243.39,18
REL20385,ACC101967,ACC101887,Mule Chain,637643.8,10
REL20386,ACC101072,ACC101415,Beneficiary,973522.7,28
REL20387,ACC100601,ACC100678,Mule Chain,234550.11,20
REL20388,ACC100738,ACC100333,Beneficiary,449804.07,39
REL20389,ACC101560,ACC101253,Common IP,760499.04,7
REL20390,ACC101236,ACC100951,Mule Chain,334104.38,29
REL20391,ACC100221,ACC101099,Shared Device,845399.68,12
REL20392,ACC101863,ACC101063,Beneficiary,206384.02,9
REL20393,ACC100414,ACC101568,Frequent Transactor,951683.92,23
REL20394,ACC100252,ACC100324,Frequent Transactor,977492.4,22
REL20395,ACC100552,ACC101656,Common IP,531571.76,29
REL20396,ACC101109,ACC101346,Shared Device,486767.16,34
REL20397,ACC100911,ACC100638,Co-holder,488494.23,17
REL20398,ACC100122,ACC101730,Shared Device,10376.86,25
REL20399,ACC100223,ACC100550,Mule Chain,317485.3,50
REL20400,ACC100778,ACC101385,Common IP,248381.5,5
REL20401,ACC101929,ACC100052,Shared Device,154025.31,12
REL20402,ACC101310,ACC101791,Frequent Transactor,110324.34,22
REL20403,ACC100032,ACC101063,Mule Chain,769691.11,19
REL20404,ACC101395,ACC101326,Shared Device,420188.33,6
REL20405,ACC101302,ACC100202,Beneficiary,79363.43,14
REL20406,ACC100736,ACC100687,Beneficiary,484698.88,34
REL20407,ACC100557,ACC101921,Frequent Transactor,282761.03,50
REL20408,ACC101756,ACC101495,Co-holder,287061.34,16
REL20409,ACC100705,ACC100706,Shared Device,912222.77,34
REL20410,ACC101320,ACC101315,Beneficiary,499152.22,31
REL20411,ACC101574,ACC100160,Co-holder,811018.56,15
REL20412,ACC100622,ACC101813,Beneficiary,500045.26,37
REL20413,ACC101135,ACC100916,Mule Chain,200445.37,50
REL20414,ACC101551,ACC100170,Shared Device,440666.9,23
REL20415,ACC101986,ACC100919,Beneficiary,250008.16,42
REL20416,ACC101461,ACC100601,Beneficiary,200918.72,4
REL20417,ACC101714,ACC101021,Beneficiary,906960.73,43
REL20418,ACC101019,ACC101790,Frequent Transactor,213291.96,17
REL20419,ACC101710,ACC101754,Mule Chain,931898.15,27
REL20420,ACC101164,ACC100310,Co-holder,85592.01,43
REL20421,ACC100262,ACC101078,Mule Chain,904447.79,43
REL20422,ACC101881,ACC100954,Common IP,603681.44,48
REL20423,ACC100476,ACC100078,Co-holder,667517.06,3
REL20424,ACC100536,ACC100904,Beneficiary,466853.75,4
REL20425,ACC101599,ACC101158,Common IP,439110.15,44
REL20426,ACC101649,ACC101722,Frequent Transactor,263427.58,8
REL20427,ACC101015,ACC100631,Beneficiary,31887.47,44
REL20428,ACC101691,ACC101324,Common IP,732149.62,7
REL20429,ACC101408,ACC100683,Shared Device,357581.73,40
REL20430,ACC101748,ACC100508,Frequent Transactor,861498.84,24
REL20431,ACC100989,ACC101849,Common IP,73865.11,47
REL20432,ACC100909,ACC100655,Frequent Transactor,402084.5,17
REL20433,ACC101617,ACC101768,Co-holder,531868.19,36
REL20434,ACC101173,ACC100622,Common IP,254850.35,13
REL20435,ACC101255,ACC100947,Co-holder,157266.77,6
REL20436,ACC101523,ACC101569,Common IP,948308.79,33
REL20437,ACC101161,ACC101728,Common IP,787253.29,48
REL20438,ACC101000,ACC101827,Beneficiary,553654.9,50
REL20439,ACC100728,ACC101509,Common IP,310757.49,11
REL20440,ACC100091,ACC101025,Common IP,976485.79,20
REL20441,ACC101500,ACC101669,Common IP,863969.11,44
REL20442,ACC100245,ACC100480,Shared Device,700936.54,42
REL20443,ACC101545,ACC101504,Beneficiary,109423.27,39
REL20444,ACC100026,ACC100576,Co-holder,445444.74,33
REL20445,ACC100887,ACC101432,Co-holder,227405.25,34
REL20446,ACC100735,ACC101526,Common IP,386981.23,25
REL20447,ACC100367,ACC100462,Shared Device,639124.67,18
REL20448,ACC100178,ACC101932,Beneficiary,89434.98,19
REL20449,ACC101374,ACC100085,Frequent Transactor,463362.77,39
REL20450,ACC101366,ACC101384,Co-holder,102958.76,41
REL20451,ACC101436,ACC100887,Beneficiary,78194.0,21
REL20452,ACC101520,ACC101837,Beneficiary,119029.93,38
REL20453,ACC101920,ACC100700,Frequent Transactor,522989.27,8
REL20454,ACC101392,ACC101463,Co-holder,271039.11,31
REL20455,ACC101418,ACC101635,Co-holder,202591.15,39
REL20456,ACC100975,ACC101305,Shared Device,783633.53,21
REL20457,ACC100209,ACC100923,Shared Device,209007.41,36
REL20458,ACC101321,ACC100726,Common IP,997813.57,24
REL20459,ACC100295,ACC101394,Co-holder,816196.84,44
REL20460,ACC100928,ACC100022,Beneficiary,760565.37,22
REL20461,ACC100925,ACC100186,Common IP,457807.76,41
REL20462,ACC100904,ACC101946,Co-holder,634921.85,44
REL20463,ACC100138,ACC100738,Co-holder,761177.44,42
REL20464,ACC100907,ACC100366,Shared Device,675842.96,1
REL20465,ACC100801,ACC100010,Shared Device,796335.16,37
REL20466,ACC101459,ACC101138,Frequent Transactor,614167.58,2
REL20467,ACC101224,ACC101796,Mule Chain,506003.47,38
REL20468,ACC100865,ACC100426,Beneficiary,313377.23,45
REL20469,ACC101805,ACC100475,Mule Chain,782507.22,22
REL20470,ACC101030,ACC100993,Shared Device,907398.16,32
REL20471,ACC100031,ACC101847,Common IP,138426.95,5
REL20472,ACC100289,ACC101822,Common IP,941516.96,17
REL20473,ACC101644,ACC100845,Beneficiary,103812.11,28
REL20474,ACC101584,ACC100228,Common IP,380972.02,40
REL20475,ACC101344,ACC101356,Beneficiary,338640.94,20
REL20476,ACC101037,ACC100427,Common IP,30343.43,18
REL20477,ACC100182,ACC100442,Shared Device,587743.37,8
REL20478,ACC101414,ACC100605,Common IP,354423.4,45
REL20479,ACC101560,ACC100266,Mule Chain,976412.26,38
REL20480,ACC100966,ACC100544,Mule Chain,740367.73,31
REL20481,ACC100821,ACC101880,Mule Chain,592159.19,7
REL20482,ACC100148,ACC101845,Common IP,440717.48,47
REL20483,ACC100487,ACC101257,Co-holder,44563.03,36
REL20484,ACC100398,ACC101788,Shared Device,591551.74,5
REL20485,ACC100891,ACC100877,Common IP,155295.95,47
REL20486,ACC101904,ACC100265,Common IP,823151.08,18
REL20487,ACC100149,ACC101988,Co-holder,371781.04,31
REL20488,ACC100406,ACC101952,Shared Device,937482.01,44
REL20489,ACC100879,ACC101133,Common IP,12947.45,28
REL20490,ACC100137,ACC100017,Co-holder,165751.54,30
REL20491,ACC101404,ACC101845,Beneficiary,419408.54,28
REL20492,ACC101229,ACC100302,Mule Chain,224073.2,36
REL20493,ACC100449,ACC101498,Mule Chain,66379.03,20
REL20494,ACC101750,ACC100857,Common IP,483722.97,25
REL20495,ACC101715,ACC101022,Co-holder,731819.25,13
REL20496,ACC101667,ACC100898,Shared Device,864652.8,36
REL20497,ACC101212,ACC100041,Frequent Transactor,665588.96,33
REL20498,ACC100624,ACC101453,Common IP,210433.33,18
REL20499,ACC101150,ACC100765,Frequent Transactor,369210.28,39
REL20500,ACC100774,ACC101218,Shared Device,896456.17,14
REL20501,ACC101740,ACC100270,Mule Chain,668365.23,11
REL20502,ACC100584,ACC101166,Beneficiary,274643.77,44
REL20503,ACC100340,ACC101195,Shared Device,25622.02,10
REL20504,ACC100685,ACC100438,Co-holder,108750.49,18
REL20505,ACC100456,ACC101724,Shared Device,669574.17,23
REL20506,ACC100146,ACC101853,Beneficiary,953464.89,38
REL20507,ACC100677,ACC101577,Common IP,735894.13,29
REL20508,ACC100987,ACC101058,Mule Chain,760601.58,4
REL20509,ACC101726,ACC100590,Common IP,409787.2,27
REL20510,ACC100721,ACC100116,Beneficiary,859949.13,42
REL20511,ACC101511,ACC101955,Mule Chain,514599.49,45
REL20512,ACC101086,ACC100365,Mule Chain,169383.74,27
REL20513,ACC101099,ACC100080,Shared Device,379512.26,13
REL20514,ACC101418,ACC100169,Beneficiary,159446.36,32
REL20515,ACC100201,ACC101685,Co-holder,442496.02,30
REL20516,ACC100590,ACC100887,Co-holder,169697.8,45
REL20517,ACC101547,ACC101890,Frequent Transactor,876052.51,22
REL20518,ACC100841,ACC101413,Co-holder,62602.88,17
REL20519,ACC100560,ACC101800,Co-holder,612598.01,35
REL20520,ACC101192,ACC100758,Beneficiary,49880.93,17
REL20521,ACC101919,ACC101746,Co-holder,622852.71,10
REL20522,ACC100838,ACC100274,Beneficiary,449230.33,40
REL20523,ACC100997,ACC100834,Frequent Transactor,640212.39,42
REL20524,ACC101140,ACC100300,Shared Device,406350.61,40
REL20525,ACC101774,ACC101819,Common IP,745757.77,5
REL20526,ACC101957,ACC101156,Mule Chain,544649.48,1
REL20527,ACC101037,ACC100921,Frequent Transactor,488517.79,26
REL20528,ACC101348,ACC101114,Mule Chain,885914.06,23
REL20529,ACC100811,ACC101686,Beneficiary,512078.49,25
REL20530,ACC101128,ACC100042,Mule Chain,172270.14,28
REL20531,ACC100468,ACC100573,Co-holder,873100.02,18
REL20532,ACC101349,ACC100234,Common IP,82026.71,15
REL20533,ACC100810,ACC100497,Frequent Transactor,675543.99,29
REL20534,ACC100886,ACC100370,Co-holder,5914.92,34
REL20535,ACC100472,ACC100737,Co-holder,964292.64,36
REL20536,ACC100566,ACC101965,Frequent Transactor,772574.83,30
REL20537,ACC100033,ACC101487,Shared Device,482024.36,5
REL20538,ACC100532,ACC100749,Frequent Transactor,863772.01,24
REL20539,ACC101143,ACC101873,Frequent Transactor,284805.71,37
REL20540,ACC100654,ACC101700,Co-holder,948474.77,24
REL20541,ACC100652,ACC101875,Mule Chain,379970.29,28
REL20542,ACC100894,ACC100812,Beneficiary,696555.01,21
REL20543,ACC101787,ACC101923,Beneficiary,458182.7,49
REL20544,ACC101218,ACC101273,Frequent Transactor,617749.92,30
REL20545,ACC101690,ACC101244,Shared Device,754144.12,23
REL20546,ACC101303,ACC100159,Co-holder,266434.81,43
REL20547,ACC100429,ACC101891,Shared Device,552917.21,5
REL20548,ACC101552,ACC101077,Common IP,31531.04,46
REL20549,ACC100091,ACC101610,Frequent Transactor,592973.96,26
REL20550,ACC101599,ACC100421,Common IP,798470.04,41
REL20551,ACC101154,ACC100610,Beneficiary,711426.55,15
REL20552,ACC100308,ACC101338,Mule Chain,811491.43,32
REL20553,ACC101715,ACC101356,Shared Device,259412.75,6
REL20554,ACC100698,ACC100177,Common IP,940337.39,27
REL20555,ACC101786,ACC101731,Frequent Transactor,754717.25,32
REL20556,ACC101714,ACC100744,Shared Device,430461.51,13
REL20557,ACC101937,ACC101751,Frequent Transactor,660499.7,27
REL20558,ACC101511,ACC100563,Mule Chain,695350.79,38
REL20559,ACC101833,ACC100812,Common IP,185887.18,7
REL20560,ACC101308,ACC101242,Co-holder,380191.31,4
REL20561,ACC100399,ACC101239,Mule Chain,147214.46,45
REL20562,ACC100258,ACC100904,Common IP,635665.31,5
REL20563,ACC100582,ACC101476,Common IP,147477.9,17
REL20564,ACC100674,ACC100588,Co-holder,521805.33,28
REL20565,ACC101979,ACC101082,Shared Device,734885.31,44
REL20566,ACC100729,ACC100717,Mule Chain,40261.43,26
REL20567,ACC100366,ACC100076,Co-holder,380886.2,37
REL20568,ACC101619,ACC100552,Mule Chain,934236.38,29
REL20569,ACC100062,ACC100024,Common IP,53001.38,35
REL20570,ACC101614,ACC101086,Shared Device,908535.34,30
REL20571,ACC101441,ACC101576,Beneficiary,450855.7,36
REL20572,ACC100813,ACC100333,Frequent Transactor,506586.48,42
REL20573,ACC100050,ACC101084,Frequent Transactor,825710.33,27
REL20574,ACC100489,ACC101550,Co-holder,38413.58,1
REL20575,ACC101175,ACC101474,Co-holder,126057.01,36
REL20576,ACC100866,ACC101135,Common IP,707940.18,4
REL20577,ACC101911,ACC100526,Beneficiary,4732.64,50
REL20578,ACC101759,ACC101729,Shared Device,665653.28,38
REL20579,ACC101964,ACC101864,Co-holder,350568.27,49
REL20580,ACC100924,ACC101802,Frequent Transactor,434049.15,36
REL20581,ACC100768,ACC100198,Co-holder,510873.67,41
REL20582,ACC101666,ACC100857,Mule Chain,48170.76,14
REL20583,ACC101309,ACC100927,Shared Device,516066.26,6
REL20584,ACC101637,ACC101352,Beneficiary,530752.12,19
REL20585,ACC100133,ACC101966,Frequent Transactor,539342.98,36
REL20586,ACC100382,ACC101948,Co-holder,752808.72,10
REL20587,ACC101506,ACC100742,Co-holder,359095.53,47
REL20588,ACC100867,ACC101223,Frequent Transactor,444474.0,44
REL20589,ACC100350,ACC100407,Shared Device,747205.95,20
REL20590,ACC101472,ACC101741,Shared Device,687227.94,41
REL20591,ACC101977,ACC101469,Beneficiary,531122.89,14
REL20592,ACC100559,ACC100024,Beneficiary,841604.7,30
REL20593,ACC100138,ACC100953,Shared Device,708970.52,22
REL20594,ACC100932,ACC100701,Common IP,204851.56,38
REL20595,ACC101794,ACC100534,Co-holder,200722.85,13
REL20596,ACC100131,ACC100756,Mule Chain,11311.47,36
REL20597,ACC101319,ACC100382,Beneficiary,864411.31,33
REL20598,ACC100103,ACC101315,Mule Chain,971644.99,38
REL20599,ACC101136,ACC100288,Beneficiary,88562.89,27
REL20600,ACC101943,ACC101529,Mule Chain,535584.3,26
REL20601,ACC100933,ACC101498,Common IP,838707.2,48
REL20602,ACC101374,ACC100912,Shared Device,943874.54,26
REL20603,ACC101596,ACC101727,Beneficiary,71376.29,1
REL20604,ACC101712,ACC101774,Frequent Transactor,73083.69,33
REL20605,ACC100478,ACC101450,Beneficiary,272277.98,40
REL20606,ACC101925,ACC100339,Frequent Transactor,661037.29,41
REL20607,ACC100479,ACC101743,Frequent Transactor,949048.77,33
REL20608,ACC100446,ACC101422,Co-holder,855064.53,48
REL20609,ACC101092,ACC101256,Frequent Transactor,339285.3,14
REL20610,ACC101015,ACC101011,Shared Device,956664.47,46
REL20611,ACC101093,ACC100656,Frequent Transactor,610653.06,26
REL20612,ACC100735,ACC100313,Shared Device,295157.12,22
REL20613,ACC100591,ACC101887,Frequent Transactor,382947.75,45
REL20614,ACC101708,ACC101739,Shared Device,489122.88,30
REL20615,ACC100893,ACC101109,Shared Device,470504.61,38
REL20616,ACC101771,ACC101997,Shared Device,880381.09,14
REL20617,ACC100303,ACC101489,Mule Chain,932498.79,34
REL20618,ACC100612,ACC101146,Frequent Transactor,578682.01,1
REL20619,ACC100039,ACC100020,Frequent Transactor,770768.02,45
REL20620,ACC101321,ACC101165,Common IP,694691.54,39
REL20621,ACC101653,ACC100425,Common IP,353922.61,6
REL20622,ACC101202,ACC101038,Shared Device,210720.02,3
REL20623,ACC101817,ACC101229,Shared Device,909473.07,39
REL20624,ACC100507,ACC100874,Beneficiary,591709.26,21
REL20625,ACC100345,ACC100480,Co-holder,421598.54,27
REL20626,ACC101460,ACC100532,Mule Chain,449013.11,45
REL20627,ACC100928,ACC101735,Frequent Transactor,995126.09,30
REL20628,ACC101424,ACC101547,Shared Device,589120.46,15
REL20629,ACC101018,ACC101427,Frequent Transactor,195781.72,34
REL20630,ACC100978,ACC100288,Co-holder,134706.12,8
REL20631,ACC100955,ACC101033,Shared Device,930053.44,39
REL20632,ACC101925,ACC100424,Common IP,949322.87,5
REL20633,ACC101642,ACC101907,Beneficiary,309249.57,29
REL20634,ACC101787,ACC101473,Common IP,969655.47,39
REL20635,ACC100639,ACC100959,Co-holder,600460.3,16
REL20636,ACC101729,ACC100289,Beneficiary,739331.88,12
REL20637,ACC100776,ACC100101,Beneficiary,896574.61,50
REL20638,ACC101250,ACC101699,Frequent Transactor,624960.11,23
REL20639,ACC101381,ACC100307,Common IP,127544.65,3
REL20640,ACC100470,ACC101200,Common IP,794000.08,37
REL20641,ACC101150,ACC101135,Frequent Transactor,156262.68,42
REL20642,ACC100482,ACC101877,Beneficiary,144739.68,20
REL20643,ACC101903,ACC101133,Beneficiary,443106.68,49
REL20644,ACC101373,ACC100202,Mule Chain,261472.74,38
REL20645,ACC101986,ACC100990,Co-holder,539918.63,41
REL20646,ACC101632,ACC101872,Mule Chain,433191.24,23
REL20647,ACC100842,ACC100648,Beneficiary,823154.2,1
REL20648,ACC101937,ACC100736,Common IP,134417.26,18
REL20649,ACC100486,ACC101834,Frequent Transactor,300359.5,19
REL20650,ACC100500,ACC101337,Beneficiary,150927.34,27
REL20651,ACC100544,ACC101541,Beneficiary,159770.67,3
REL20652,ACC100467,ACC101255,Beneficiary,561108.75,23
REL20653,ACC101857,ACC101992,Mule Chain,783661.38,16
REL20654,ACC100210,ACC101334,Shared Device,374952.21,16
REL20655,ACC101618,ACC101005,Shared Device,836900.3,41
REL20656,ACC100871,ACC101310,Mule Chain,321003.53,42
REL20657,ACC101157,ACC100616,Beneficiary,532772.7,43
REL20658,ACC100389,ACC101103,Common IP,645958.18,22
REL20659,ACC101780,ACC100381,Frequent Transactor,296507.06,23
REL20660,ACC100936,ACC101426,Common IP,754234.07,22
REL20661,ACC100977,ACC101752,Co-holder,493871.8,2
REL20662,ACC101942,ACC100355,Beneficiary,282328.99,5
REL20663,ACC100220,ACC101850,Beneficiary,194792.69,49
REL20664,ACC100099,ACC100651,Common IP,996680.51,34
REL20665,ACC101053,ACC100010,Mule Chain,893565.46,11
REL20666,ACC101950,ACC101947,Frequent Transactor,492654.37,36
REL20667,ACC101068,ACC101732,Co-holder,559058.17,20
REL20668,ACC100158,ACC101531,Beneficiary,819998.42,4
REL20669,ACC100750,ACC100823,Shared Device,738585.15,9
REL20670,ACC101141,ACC101969,Co-holder,941273.34,4
REL20671,ACC100974,ACC100515,Shared Device,332594.39,12
REL20672,ACC101161,ACC101045,Co-holder,461094.13,24
REL20673,ACC100684,ACC100585,Mule Chain,159809.81,35
REL20674,ACC100493,ACC101741,Shared Device,171416.24,32
REL20675,ACC101534,ACC100379,Common IP,632363.01,2
REL20676,ACC101412,ACC101091,Frequent Transactor,468034.28,32
REL20677,ACC101739,ACC100752,Common IP,350075.47,9
REL20678,ACC100768,ACC101037,Shared Device,223547.57,20
REL20679,ACC100354,ACC100704,Shared Device,386700.97,50
REL20680,ACC100470,ACC101941,Co-holder,293813.53,45
REL20681,ACC100174,ACC101382,Frequent Transactor,831174.32,12
REL20682,ACC101947,ACC100223,Mule Chain,567173.17,8
REL20683,ACC100224,ACC100821,Co-holder,202362.11,17
REL20684,ACC101866,ACC101365,Shared Device,496456.33,12
REL20685,ACC101740,ACC101289,Common IP,171966.42,12
REL20686,ACC100195,ACC100681,Beneficiary,778601.42,20
REL20687,ACC100265,ACC100497,Shared Device,611780.58,15
REL20688,ACC101315,ACC100547,Common IP,444858.74,35
REL20689,ACC100556,ACC101692,Mule Chain,466172.22,1
REL20690,ACC100257,ACC101314,Co-holder,654831.86,35
REL20691,ACC101776,ACC100034,Co-holder,636674.33,48
REL20692,ACC101489,ACC100044,Shared Device,794297.91,11
REL20693,ACC100903,ACC100690,Frequent Transactor,362749.22,40
REL20694,ACC100692,ACC101494,Common IP,883495.03,10
REL20695,ACC101765,ACC101757,Mule Chain,54652.93,23
REL20696,ACC101384,ACC101343,Frequent Transactor,695754.86,11
REL20697,ACC100614,ACC100830,Shared Device,436299.64,31
REL20698,ACC100197,ACC100077,Shared Device,814480.48,40
REL20699,ACC100821,ACC100558,Frequent Transactor,168545.04,38
REL20700,ACC101930,ACC100748,Co-holder,790047.4,35
REL20701,ACC101405,ACC101648,Frequent Transactor,596295.28,5
REL20702,ACC100252,ACC100219,Mule Chain,580605.89,38
REL20703,ACC100922,ACC101686,Beneficiary,872625.26,28
REL20704,ACC101263,ACC100554,Frequent Transactor,880325.95,50
REL20705,ACC100182,ACC100926,Common IP,137157.91,17
REL20706,ACC101342,ACC100868,Co-holder,17186.02,34
REL20707,ACC100013,ACC101164,Frequent Transactor,123218.38,7
REL20708,ACC101014,ACC100217,Shared Device,975391.7,6
REL20709,ACC101087,ACC100115,Mule Chain,416565.66,14
REL20710,ACC101650,ACC100153,Mule Chain,711105.96,29
REL20711,ACC101243,ACC100314,Frequent Transactor,770114.92,37
REL20712,ACC100089,ACC100453,Common IP,146114.17,34
REL20713,ACC101391,ACC101010,Common IP,114009.4,6
REL20714,ACC101049,ACC100641,Co-holder,34249.63,46
REL20715,ACC100965,ACC100236,Beneficiary,532821.35,41
REL20716,ACC101769,ACC101923,Shared Device,723282.82,5
REL20717,ACC100748,ACC101858,Common IP,233516.13,3
REL20718,ACC101435,ACC100209,Frequent Transactor,700094.73,44
REL20719,ACC100470,ACC101588,Common IP,363289.9,23
REL20720,ACC101054,ACC100401,Frequent Transactor,897849.48,2
REL20721,ACC100894,ACC100308,Frequent Transactor,161744.87,33
REL20722,ACC101220,ACC101363,Frequent Transactor,413334.28,38
REL20723,ACC100613,ACC100075,Beneficiary,571192.73,25
REL20724,ACC100493,ACC101524,Co-holder,333429.1,47
REL20725,ACC100048,ACC101107,Common IP,843708.93,33
REL20726,ACC101686,ACC100323,Shared Device,7530.6,7
REL20727,ACC101998,ACC100237,Shared Device,422292.28,39
REL20728,ACC100127,ACC101190,Common IP,113226.53,25
REL20729,ACC101885,ACC100791,Co-holder,342330.75,47
REL20730,ACC101314,ACC100114,Shared Device,366815.74,10
REL20731,ACC100517,ACC100671,Beneficiary,337301.78,34
REL20732,ACC101821,ACC101646,Frequent Transactor,682250.22,40
REL20733,ACC100075,ACC100548,Mule Chain,568937.94,33
REL20734,ACC100743,ACC100814,Beneficiary,549469.79,7
REL20735,ACC101830,ACC100501,Co-holder,976953.91,40
REL20736,ACC100993,ACC101659,Mule Chain,490137.04,17
REL20737,ACC101644,ACC100727,Shared Device,831945.5,19
REL20738,ACC100471,ACC100013,Mule Chain,193501.21,47
REL20739,ACC101776,ACC100588,Beneficiary,608964.67,38
REL20740,ACC101165,ACC101822,Mule Chain,485718.98,50
REL20741,ACC101637,ACC100823,Common IP,853693.09,28
REL20742,ACC100352,ACC101368,Frequent Transactor,409903.54,45
REL20743,ACC100975,ACC101094,Beneficiary,993234.42,22
REL20744,ACC101554,ACC100915,Co-holder,6766.71,33
REL20745,ACC100970,ACC101133,Shared Device,116223.12,25
REL20746,ACC100437,ACC101775,Shared Device,9347.23,39
REL20747,ACC100800,ACC100564,Frequent Transactor,918828.73,9
REL20748,ACC100194,ACC101044,Beneficiary,988320.45,24
REL20749,ACC101338,ACC101622,Shared Device,766963.04,42
REL20750,ACC100077,ACC100827,Beneficiary,840401.4,22
REL20751,ACC101223,ACC101687,Shared Device,428369.05,6
REL20752,ACC101953,ACC101094,Shared Device,489824.25,8
REL20753,ACC101283,ACC101088,Co-holder,596371.06,34
REL20754,ACC101048,ACC101926,Common IP,178956.0,23
REL20755,ACC100232,ACC101206,Co-holder,965238.1,2
REL20756,ACC101618,ACC101166,Beneficiary,506496.91,4
REL20757,ACC100682,ACC101783,Common IP,17630.49,23
REL20758,ACC101034,ACC100195,Beneficiary,662687.92,38
REL20759,ACC101328,ACC101394,Frequent Transactor,156353.49,24
REL20760,ACC100236,ACC100686,Co-holder,341310.2,33
REL20761,ACC100085,ACC101847,Shared Device,116570.65,24
REL20762,ACC101106,ACC101416,Shared Device,270301.13,4
REL20763,ACC101583,ACC100272,Shared Device,590415.85,7
REL20764,ACC101532,ACC100125,Beneficiary,100605.63,50
REL20765,ACC100224,ACC101977,Frequent Transactor,599460.2,39
REL20766,ACC101369,ACC101622,Common IP,986741.05,38
REL20767,ACC100405,ACC101390,Co-holder,934499.53,21
REL20768,ACC101147,ACC100614,Frequent Transactor,715639.46,2
REL20769,ACC101536,ACC101582,Shared Device,203436.26,16
REL20770,ACC101748,ACC100901,Mule Chain,974124.43,12
REL20771,ACC100785,ACC100069,Shared Device,821739.1,1
REL20772,ACC101041,ACC100362,Shared Device,442387.52,12
REL20773,ACC101577,ACC100414,Shared Device,556848.72,26
REL20774,ACC101584,ACC101395,Common IP,925985.87,26
REL20775,ACC100860,ACC100754,Beneficiary,675878.17,28
REL20776,ACC101536,ACC100283,Frequent Transactor,130186.66,43
REL20777,ACC100778,ACC100446,Co-holder,752787.37,22
REL20778,ACC101062,ACC100081,Frequent Transactor,12986.31,17
REL20779,ACC101128,ACC101355,Shared Device,828369.97,27
REL20780,ACC101143,ACC101739,Beneficiary,551988.79,45
REL20781,ACC100634,ACC100129,Co-holder,347763.43,42
REL20782,ACC101857,ACC100238,Frequent Transactor,434076.13,43
REL20783,ACC100402,ACC101273,Common IP,620985.1,7
REL20784,ACC101155,ACC100951,Mule Chain,933455.94,15
REL20785,ACC100099,ACC101790,Common IP,711732.82,33
REL20786,ACC100824,ACC101044,Shared Device,242269.15,31
REL20787,ACC101010,ACC100906,Common IP,52086.97,12
REL20788,ACC100717,ACC101464,Common IP,122587.81,38
REL20789,ACC100701,ACC100358,Shared Device,53892.19,2
REL20790,ACC100855,ACC101764,Shared Device,905986.65,27
REL20791,ACC101255,ACC100608,Common IP,369317.96,32
REL20792,ACC100625,ACC101678,Common IP,935481.35,20
REL20793,ACC100663,ACC100217,Shared Device,491967.13,26
REL20794,ACC100746,ACC100220,Beneficiary,863873.09,33
REL20795,ACC100712,ACC101640,Beneficiary,910017.32,19
REL20796,ACC100690,ACC101196,Mule Chain,14345.36,46
REL20797,ACC101776,ACC100218,Mule Chain,293720.49,36
REL20798,ACC100312,ACC100113,Mule Chain,281012.53,14
REL20799,ACC100405,ACC101026,Mule Chain,181582.81,4
REL20800,ACC100376,ACC101132,Common IP,467845.97,14
REL20801,ACC100663,ACC100476,Common IP,601273.15,8
REL20802,ACC100217,ACC100906,Mule Chain,762592.41,5
REL20803,ACC100945,ACC101115,Beneficiary,361803.01,32
REL20804,ACC101753,ACC100704,Shared Device,384000.72,12
REL20805,ACC101736,ACC101933,Shared Device,328361.57,18
REL20806,ACC100400,ACC100432,Frequent Transactor,785938.78,27
REL20807,ACC100573,ACC100919,Shared Device,592960.73,5
REL20808,ACC100117,ACC100685,Mule Chain,721610.81,2
REL20809,ACC101702,ACC101514,Co-holder,284692.13,13
REL20810,ACC101865,ACC100487,Shared Device,542711.69,48
REL20811,ACC101158,ACC101788,Shared Device,741277.68,40
REL20812,ACC100012,ACC100957,Beneficiary,49469.54,50
REL20813,ACC100487,ACC101491,Mule Chain,97746.63,48
REL20814,ACC101163,ACC101945,Shared Device,623731.59,42
REL20815,ACC101025,ACC101613,Co-holder,7041.05,26
REL20816,ACC100262,ACC101833,Shared Device,67687.9,39
REL20817,ACC100512,ACC101962,Mule Chain,766850.06,25
REL20818,ACC101034,ACC101032,Common IP,741016.94,15
REL20819,ACC100094,ACC100235,Common IP,977368.89,47
REL20820,ACC101499,ACC101936,Co-holder,742447.35,27
REL20821,ACC100573,ACC100171,Co-holder,872316.17,33
REL20822,ACC101624,ACC100167,Common IP,720832.09,22
REL20823,ACC101489,ACC101483,Co-holder,674388.74,16
REL20824,ACC101651,ACC100147,Frequent Transactor,568394.58,29
REL20825,ACC101611,ACC101207,Mule Chain,719644.18,8
REL20826,ACC101032,ACC100507,Frequent Transactor,696836.47,3
REL20827,ACC101041,ACC101100,Co-holder,301057.64,16
REL20828,ACC100708,ACC100171,Shared Device,983056.12,29
REL20829,ACC101133,ACC101959,Co-holder,215033.02,22
REL20830,ACC101927,ACC101097,Beneficiary,761288.5,30
REL20831,ACC101453,ACC100285,Common IP,402775.58,38
REL20832,ACC100707,ACC101743,Frequent Transactor,217893.24,23
REL20833,ACC101890,ACC101051,Shared Device,621215.29,3
REL20834,ACC101318,ACC100692,Mule Chain,195821.32,21
REL20835,ACC100684,ACC101016,Beneficiary,609568.91,31
REL20836,ACC101361,ACC100639,Shared Device,856387.3,35
REL20837,ACC100995,ACC101672,Co-holder,601299.05,3
REL20838,ACC100627,ACC100376,Mule Chain,806378.38,11
REL20839,ACC100622,ACC100575,Beneficiary,663367.47,40
REL20840,ACC100112,ACC100351,Common IP,221397.58,32
REL20841,ACC101585,ACC100070,Common IP,900687.47,18
REL20842,ACC100063,ACC100298,Beneficiary,978161.86,8
REL20843,ACC101758,ACC101041,Co-holder,573699.32,31
REL20844,ACC101035,ACC100666,Shared Device,929194.78,10
REL20845,ACC101851,ACC101800,Shared Device,992686.93,47
REL20846,ACC101863,ACC101406,Co-holder,558490.44,28
REL20847,ACC101011,ACC101580,Common IP,115847.76,37
REL20848,ACC100161,ACC101811,Co-holder,586049.06,36
REL20849,ACC101940,ACC101430,Frequent Transactor,89577.54,42
REL20850,ACC101327,ACC101177,Shared Device,559004.86,7
REL20851,ACC100007,ACC101981,Frequent Transactor,635572.36,35
REL20852,ACC101537,ACC100556,Common IP,149864.95,41
REL20853,ACC100379,ACC100869,Beneficiary,20450.02,5
REL20854,ACC100994,ACC101259,Beneficiary,518589.56,9
REL20855,ACC100143,ACC101250,Frequent Transactor,631482.46,24
REL20856,ACC101186,ACC100734,Mule Chain,918695.23,19
REL20857,ACC101870,ACC100803,Mule Chain,815673.45,39
REL20858,ACC101020,ACC101714,Beneficiary,966468.29,49
REL20859,ACC101238,ACC100210,Co-holder,837520.09,27
REL20860,ACC101711,ACC101806,Co-holder,311566.83,45
REL20861,ACC100078,ACC100107,Co-holder,131003.82,14
REL20862,ACC101966,ACC100343,Common IP,759514.1,22
REL20863,ACC101608,ACC101593,Shared Device,854269.01,24
REL20864,ACC101643,ACC101699,Co-holder,895652.95,10
REL20865,ACC101461,ACC101090,Mule Chain,514710.9,42
REL20866,ACC101262,ACC100996,Frequent Transactor,141813.44,22
REL20867,ACC100961,ACC101088,Beneficiary,372282.94,41
REL20868,ACC100625,ACC101081,Co-holder,549354.88,19
REL20869,ACC101559,ACC101263,Shared Device,454786.93,49
REL20870,ACC101443,ACC100698,Frequent Transactor,608529.56,19
REL20871,ACC100270,ACC101427,Frequent Transactor,386004.16,38
REL20872,ACC101858,ACC100355,Frequent Transactor,456507.35,25
REL20873,ACC100927,ACC101683,Shared Device,440739.37,6
REL20874,ACC101883,ACC100991,Beneficiary,602828.08,16
REL20875,ACC100067,ACC101726,Common IP,28796.28,8
REL20876,ACC101303,ACC100934,Co-holder,536914.86,40
REL20877,ACC101714,ACC100576,Beneficiary,255960.53,6
REL20878,ACC101358,ACC101772,Common IP,482108.31,3
REL20879,ACC100450,ACC100126,Mule Chain,391136.95,46
REL20880,ACC101045,ACC100995,Mule Chain,978299.75,16
REL20881,ACC101668,ACC101222,Frequent Transactor,107720.26,36
REL20882,ACC101599,ACC100518,Mule Chain,862150.74,3
REL20883,ACC100234,ACC100473,Frequent Transactor,244771.08,36
REL20884,ACC100978,ACC101802,Beneficiary,181285.31,9
REL20885,ACC101984,ACC101010,Beneficiary,766272.14,39
REL20886,ACC101689,ACC100442,Beneficiary,145895.77,46
REL20887,ACC100240,ACC100595,Mule Chain,589692.53,18
REL20888,ACC100040,ACC100239,Frequent Transactor,305699.77,44
REL20889,ACC101146,ACC101067,Frequent Transactor,452700.93,18
REL20890,ACC101086,ACC101025,Frequent Transactor,112719.89,12
REL20891,ACC101865,ACC100943,Co-holder,233113.67,46
REL20892,ACC101290,ACC101030,Co-holder,173670.36,36
REL20893,ACC101550,ACC101458,Mule Chain,758112.23,2
REL20894,ACC101302,ACC101252,Common IP,613690.96,20
REL20895,ACC100281,ACC100556,Common IP,681165.64,5
REL20896,ACC100627,ACC100728,Mule Chain,962352.3,38
REL20897,ACC101812,ACC101782,Shared Device,588458.03,41
REL20898,ACC101955,ACC101196,Frequent Transactor,255471.25,1
REL20899,ACC101596,ACC100124,Beneficiary,654469.1,27
REL20900,ACC100385,ACC101758,Shared Device,718929.42,27
REL20901,ACC101878,ACC101501,Common IP,591223.39,46
REL20902,ACC101953,ACC101036,Beneficiary,441890.54,37
REL20903,ACC100701,ACC100179,Shared Device,394462.96,25
REL20904,ACC100225,ACC100517,Frequent Transactor,832926.72,13
REL20905,ACC101581,ACC100669,Beneficiary,650032.68,2
REL20906,ACC101661,ACC101671,Co-holder,865953.6,2
REL20907,ACC100690,ACC100436,Mule Chain,357108.53,49
REL20908,ACC101906,ACC101839,Shared Device,879832.66,31
REL20909,ACC101716,ACC100608,Shared Device,795935.45,40
REL20910,ACC101012,ACC100141,Mule Chain,73810.45,27
REL20911,ACC101277,ACC101851,Common IP,529392.23,14
REL20912,ACC100756,ACC100953,Co-holder,245392.92,29
REL20913,ACC101838,ACC101137,Mule Chain,628867.99,6
REL20914,ACC100381,ACC101747,Common IP,445171.94,34
REL20915,ACC101290,ACC100497,Beneficiary,354428.25,14
REL20916,ACC100015,ACC100918,Frequent Transactor,105385.02,11
REL20917,ACC100672,ACC101504,Common IP,889984.41,44
REL20918,ACC101226,ACC100800,Beneficiary,450311.6,15
REL20919,ACC101150,ACC100917,Mule Chain,976646.61,44
REL20920,ACC100401,ACC101942,Beneficiary,73295.25,29
REL20921,ACC101528,ACC101583,Common IP,156418.24,46
REL20922,ACC100019,ACC100724,Frequent Transactor,255468.42,25
REL20923,ACC100747,ACC100907,Shared Device,273967.4,26
REL20924,ACC101679,ACC101530,Co-holder,144817.23,29
REL20925,ACC100211,ACC100420,Frequent Transactor,136446.1,19
REL20926,ACC100098,ACC100222,Mule Chain,815274.49,12
REL20927,ACC100813,ACC100706,Mule Chain,446126.2,15
REL20928,ACC101832,ACC101158,Co-holder,534727.62,4
REL20929,ACC100509,ACC101934,Co-holder,891325.9,12
REL20930,ACC100495,ACC100500,Beneficiary,372167.91,49
REL20931,ACC101707,ACC101343,Beneficiary,625350.5,43
REL20932,ACC100378,ACC100086,Shared Device,380641.23,46
REL20933,ACC100672,ACC100072,Frequent Transactor,607189.06,13
REL20934,ACC101308,ACC101577,Beneficiary,304734.68,44
REL20935,ACC100882,ACC100759,Common IP,562974.55,8
REL20936,ACC101547,ACC100666,Mule Chain,157438.01,27
REL20937,ACC101840,ACC101623,Mule Chain,632804.1,21
REL20938,ACC100896,ACC101399,Shared Device,351699.9,5
REL20939,ACC100559,ACC101333,Mule Chain,925211.45,31
REL20940,ACC101598,ACC100110,Beneficiary,743642.54,22
REL20941,ACC100758,ACC100207,Mule Chain,104342.02,48
REL20942,ACC101982,ACC100455,Shared Device,961809.58,15
REL20943,ACC101960,ACC101899,Common IP,922877.97,25
REL20944,ACC100151,ACC101770,Frequent Transactor,195199.12,45
REL20945,ACC101044,ACC101778,Common IP,757644.87,41
REL20946,ACC101115,ACC101130,Beneficiary,358789.16,30
REL20947,ACC101350,ACC101377,Beneficiary,25879.35,11
REL20948,ACC101290,ACC101217,Co-holder,826259.07,43
REL20949,ACC101587,ACC101650,Shared Device,623469.79,49
REL20950,ACC101725,ACC101234,Frequent Transactor,778452.84,4
REL20951,ACC100158,ACC100233,Frequent Transactor,536983.25,37
REL20952,ACC100686,ACC101731,Frequent Transactor,362641.0,35
REL20953,ACC100688,ACC101901,Shared Device,930772.52,15
REL20954,ACC101479,ACC101743,Frequent Transactor,535286.92,7
REL20955,ACC100024,ACC100897,Shared Device,71039.26,3
REL20956,ACC101037,ACC101897,Co-holder,983446.69,32
REL20957,ACC101204,ACC101708,Shared Device,928761.83,36
REL20958,ACC101024,ACC100609,Beneficiary,407989.71,18
REL20959,ACC100961,ACC101294,Common IP,846232.94,29
REL20960,ACC100343,ACC101513,Shared Device,240326.48,3
REL20961,ACC101174,ACC100431,Frequent Transactor,419628.47,15
REL20962,ACC101143,ACC100769,Common IP,105154.58,4
REL20963,ACC100317,ACC100316,Mule Chain,451225.3,18
REL20964,ACC101365,ACC100316,Common IP,802184.04,31
REL20965,ACC101134,ACC101834,Common IP,183455.98,30
REL20966,ACC100905,ACC101921,Frequent Transactor,841666.09,49
REL20967,ACC100729,ACC101424,Frequent Transactor,839576.95,6
REL20968,ACC101443,ACC101361,Shared Device,775780.44,11
REL20969,ACC100726,ACC101448,Beneficiary,91515.09,6
REL20970,ACC100420,ACC101472,Common IP,546257.63,4
REL20971,ACC101040,ACC100510,Mule Chain,622166.73,13
REL20972,ACC100440,ACC101909,Beneficiary,432556.1,12
REL20973,ACC100838,ACC101782,Beneficiary,142654.58,1
REL20974,ACC101666,ACC100070,Common IP,106323.27,31
REL20975,ACC100572,ACC101659,Mule Chain,362940.1,7
REL20976,ACC100577,ACC101416,Beneficiary,972139.44,16
REL20977,ACC101125,ACC100411,Mule Chain,885524.91,14
REL20978,ACC100819,ACC100975,Frequent Transactor,446281.3,11
REL20979,ACC101504,ACC101984,Common IP,518054.98,44
REL20980,ACC101790,ACC101560,Shared Device,681880.17,23
REL20981,ACC101628,ACC100835,Frequent Transactor,342204.07,20
REL20982,ACC101976,ACC101299,Beneficiary,10777.05,41
REL20983,ACC100605,ACC101020,Co-holder,948839.86,45
REL20984,ACC100223,ACC100037,Frequent Transactor,144307.69,22
REL20985,ACC101509,ACC101015,Shared Device,605826.16,27
REL20986,ACC101889,ACC101107,Co-holder,676057.7,35
REL20987,ACC100246,ACC101975,Frequent Transactor,434363.61,40
REL20988,ACC100102,ACC100258,Beneficiary,796839.56,35
REL20989,ACC100396,ACC101521,Shared Device,920575.29,28
REL20990,ACC101786,ACC100777,Beneficiary,193118.82,26
REL20991,ACC101847,ACC101340,Co-holder,910656.92,26
REL20992,ACC100441,ACC100102,Co-holder,165199.35,35
REL20993,ACC100927,ACC100265,Co-holder,757122.67,23
REL20994,ACC101718,ACC100932,Common IP,217379.05,36
REL20995,ACC101773,ACC100365,Common IP,741472.33,7
REL20996,ACC101763,ACC101565,Mule Chain,75153.66,15
REL20997,ACC100512,ACC101144,Co-holder,755491.74,29
REL20998,ACC101165,ACC100323,Co-holder,284041.92,26
REL20999,ACC101507,ACC101795,Mule Chain,159912.23,11
REL21000,ACC100278,ACC100671,Beneficiary,301992.23,42
REL21001,ACC101682,ACC100506,Shared Device,403206.02,43
REL21002,ACC100401,ACC101549,Common IP,919929.16,45
REL21003,ACC100279,ACC100777,Co-holder,565646.22,39
REL21004,ACC100988,ACC100793,Shared Device,393733.6,13
REL21005,ACC100007,ACC100373,Beneficiary,988805.44,21
REL21006,ACC101560,ACC101427,Shared Device,561162.33,18
REL21007,ACC101207,ACC100886,Co-holder,690014.43,17
REL21008,ACC101095,ACC101355,Beneficiary,452860.09,47
REL21009,ACC101738,ACC100824,Co-holder,372642.74,25
REL21010,ACC101173,ACC101361,Beneficiary,764102.09,24
REL21011,ACC101308,ACC100873,Beneficiary,650043.39,36
REL21012,ACC100512,ACC101621,Common IP,20419.45,33
REL21013,ACC101032,ACC101229,Frequent Transactor,550726.03,21
REL21014,ACC100654,ACC100107,Common IP,380021.74,19
REL21015,ACC100121,ACC101671,Mule Chain,216028.95,47
REL21016,ACC101716,ACC100727,Common IP,384180.5,11
REL21017,ACC100876,ACC101959,Beneficiary,678939.59,4
REL21018,ACC101091,ACC100723,Common IP,899881.62,22
REL21019,ACC101952,ACC100654,Frequent Transactor,299728.09,49
REL21020,ACC101230,ACC100751,Co-holder,139055.11,41
REL21021,ACC101405,ACC100326,Shared Device,101134.13,3
REL21022,ACC101507,ACC100665,Shared Device,840534.22,3
REL21023,ACC100665,ACC100286,Co-holder,448297.0,27
REL21024,ACC101212,ACC100944,Co-holder,552276.32,5
REL21025,ACC101221,ACC101018,Co-holder,455977.83,44
REL21026,ACC101548,ACC100451,Frequent Transactor,305312.81,6
REL21027,ACC100320,ACC100543,Co-holder,929303.27,38
REL21028,ACC100764,ACC101817,Co-holder,41335.68,43
REL21029,ACC101761,ACC100037,Common IP,155426.97,3
REL21030,ACC100812,ACC101899,Beneficiary,64064.77,29
REL21031,ACC101837,ACC100286,Frequent Transactor,180550.31,42
REL21032,ACC101384,ACC100232,Common IP,622522.33,2
REL21033,ACC100719,ACC100440,Co-holder,151492.49,13
REL21034,ACC101215,ACC101614,Co-holder,249011.13,21
REL21035,ACC101498,ACC100882,Shared Device,44471.66,42
REL21036,ACC100433,ACC100774,Mule Chain,346280.98,44
REL21037,ACC100814,ACC100758,Beneficiary,522305.6,7
REL21038,ACC101203,ACC101718,Frequent Transactor,109923.05,42
REL21039,ACC100222,ACC100981,Frequent Transactor,785960.31,31
REL21040,ACC101090,ACC101847,Mule Chain,673585.74,7
REL21041,ACC101987,ACC100978,Co-holder,274102.31,43
REL21042,ACC101535,ACC101697,Common IP,588827.78,28
REL21043,ACC100067,ACC100812,Co-holder,357725.26,17
REL21044,ACC100952,ACC101417,Common IP,362097.1,31
REL21045,ACC101617,ACC101333,Frequent Transactor,175373.53,29
REL21046,ACC101347,ACC101703,Mule Chain,354825.33,48
REL21047,ACC101119,ACC100976,Frequent Transactor,243258.16,42
REL21048,ACC101645,ACC100357,Shared Device,474415.23,17
REL21049,ACC100309,ACC101335,Shared Device,876626.73,2
REL21050,ACC100047,ACC100760,Co-holder,469073.85,5
REL21051,ACC101736,ACC101064,Mule Chain,647450.93,20
REL21052,ACC101361,ACC100424,Frequent Transactor,327972.24,18
REL21053,ACC100556,ACC101107,Mule Chain,566380.48,31
REL21054,ACC101810,ACC100390,Common IP,794199.07,2
REL21055,ACC101147,ACC100806,Common IP,324439.2,31
REL21056,ACC101119,ACC100951,Shared Device,492464.96,4
REL21057,ACC100573,ACC100199,Beneficiary,474156.19,9
REL21058,ACC101278,ACC101180,Beneficiary,973235.94,10
REL21059,ACC100156,ACC100733,Common IP,834454.29,27
REL21060,ACC100859,ACC101851,Common IP,537539.37,37
REL21061,ACC100375,ACC101537,Co-holder,212628.7,41
REL21062,ACC101793,ACC101986,Co-holder,249927.36,40
REL21063,ACC101704,ACC100491,Co-holder,937825.0,31
REL21064,ACC100431,ACC100578,Shared Device,324157.49,49
REL21065,ACC101922,ACC100857,Co-holder,332490.76,20
REL21066,ACC101913,ACC101332,Shared Device,594643.6,41
REL21067,ACC100116,ACC101455,Common IP,591799.94,17
REL21068,ACC101211,ACC100450,Co-holder,346133.64,37
REL21069,ACC100320,ACC101008,Frequent Transactor,713106.78,24
REL21070,ACC100755,ACC100391,Common IP,76677.02,26
REL21071,ACC101624,ACC101738,Beneficiary,57406.53,15
REL21072,ACC100611,ACC101724,Beneficiary,539853.73,26
REL21073,ACC100893,ACC101489,Frequent Transactor,633519.39,29
REL21074,ACC101652,ACC100945,Frequent Transactor,407985.58,16
REL21075,ACC100115,ACC100376,Beneficiary,511032.76,10
REL21076,ACC101854,ACC101924,Shared Device,845288.21,6
REL21077,ACC100434,ACC101412,Mule Chain,45138.71,46
REL21078,ACC101012,ACC100301,Common IP,851302.39,23
REL21079,ACC100984,ACC100689,Mule Chain,182186.26,12
REL21080,ACC100641,ACC100649,Beneficiary,531645.22,8
REL21081,ACC100649,ACC101814,Mule Chain,715744.55,37
REL21082,ACC100441,ACC100077,Frequent Transactor,96745.98,39
REL21083,ACC100785,ACC101098,Beneficiary,97444.04,20
REL21084,ACC100716,ACC101698,Frequent Transactor,736018.71,36
REL21085,ACC100732,ACC100542,Shared Device,650860.02,9
REL21086,ACC101903,ACC101671,Beneficiary,742392.92,28
REL21087,ACC100887,ACC101148,Frequent Transactor,688189.58,7
REL21088,ACC100696,ACC101858,Co-holder,237295.55,18
REL21089,ACC100434,ACC100946,Co-holder,19314.65,7
REL21090,ACC100630,ACC100443,Shared Device,986769.1,11
REL21091,ACC101483,ACC100030,Common IP,303582.52,19
REL21092,ACC100827,ACC100416,Beneficiary,536180.94,9
REL21093,ACC100187,ACC101607,Frequent Transactor,905361.15,8
REL21094,ACC101013,ACC101741,Shared Device,707507.76,11
REL21095,ACC100113,ACC100941,Co-holder,39471.0,32
REL21096,ACC100980,ACC101850,Common IP,962219.37,40
REL21097,ACC100962,ACC100767,Mule Chain,220090.81,42
REL21098,ACC100679,ACC100860,Beneficiary,451754.1,10
REL21099,ACC101205,ACC100626,Co-holder,29682.77,10
REL21100,ACC101500,ACC101051,Shared Device,687975.45,17
REL21101,ACC100701,ACC100379,Shared Device,390413.72,38
REL21102,ACC101766,ACC101978,Common IP,231733.9,33
REL21103,ACC101257,ACC100538,Co-holder,730571.32,28
REL21104,ACC101201,ACC101740,Common IP,479454.31,31
REL21105,ACC101691,ACC101457,Mule Chain,778592.28,30
REL21106,ACC101277,ACC100022,Shared Device,485793.2,14
REL21107,ACC101344,ACC101940,Common IP,188396.3,41
REL21108,ACC100172,ACC101464,Co-holder,607497.83,44
REL21109,ACC100732,ACC100123,Co-holder,561386.18,45
REL21110,ACC101053,ACC101079,Co-holder,854901.93,23
REL21111,ACC101871,ACC100713,Shared Device,607788.36,49
REL21112,ACC100235,ACC101289,Mule Chain,842645.62,20
REL21113,ACC100816,ACC101447,Co-holder,644331.31,10
REL21114,ACC100285,ACC101065,Shared Device,460483.47,22
REL21115,ACC101859,ACC100459,Common IP,248399.61,43
REL21116,ACC101599,ACC100828,Shared Device,556125.57,4
REL21117,ACC100137,ACC100097,Mule Chain,898594.31,22
REL21118,ACC100816,ACC101381,Common IP,865169.22,34
REL21119,ACC100342,ACC101272,Shared Device,738936.16,45
REL21120,ACC100868,ACC101535,Shared Device,608757.17,29
REL21121,ACC101587,ACC100183,Beneficiary,434393.08,37
REL21122,ACC101096,ACC101250,Co-holder,858415.22,41
REL21123,ACC100403,ACC102000,Mule Chain,983240.28,30
REL21124,ACC100691,ACC101972,Beneficiary,937620.72,22
REL21125,ACC100756,ACC100735,Frequent Transactor,992105.47,35
REL21126,ACC101298,ACC100397,Beneficiary,925698.28,18
REL21127,ACC100006,ACC100426,Co-holder,800934.43,36
REL21128,ACC101225,ACC101269,Beneficiary,324183.74,20
REL21129,ACC101818,ACC100533,Co-holder,566108.44,9
REL21130,ACC101089,ACC101484,Shared Device,482035.84,37
REL21131,ACC100344,ACC101971,Common IP,404228.69,37
REL21132,ACC101902,ACC101084,Frequent Transactor,143891.06,6
REL21133,ACC100206,ACC101462,Shared Device,317774.67,35
REL21134,ACC100683,ACC100449,Mule Chain,602400.37,45
REL21135,ACC101885,ACC101954,Mule Chain,843588.3,24
REL21136,ACC100898,ACC101408,Shared Device,946964.52,25
REL21137,ACC101706,ACC101451,Beneficiary,827061.18,39
REL21138,ACC100707,ACC101353,Common IP,131835.13,26
REL21139,ACC101835,ACC100436,Frequent Transactor,852666.63,1
REL21140,ACC100102,ACC101860,Frequent Transactor,37753.31,45
REL21141,ACC101121,ACC100225,Frequent Transactor,770777.85,29
REL21142,ACC100559,ACC101851,Frequent Transactor,174683.89,42
REL21143,ACC101534,ACC100099,Frequent Transactor,818014.67,6
REL21144,ACC100109,ACC100458,Frequent Transactor,139653.54,3
REL21145,ACC100914,ACC101368,Common IP,143023.22,46
REL21146,ACC101643,ACC101250,Common IP,762631.25,42
REL21147,ACC101494,ACC100577,Co-holder,255594.47,50
REL21148,ACC100331,ACC100364,Co-holder,998375.55,40
REL21149,ACC100793,ACC100583,Frequent Transactor,498913.83,16
REL21150,ACC101882,ACC101117,Co-holder,223752.28,6
REL21151,ACC101047,ACC100820,Mule Chain,256045.6,46
REL21152,ACC100746,ACC100644,Beneficiary,782028.72,1
REL21153,ACC100852,ACC101839,Frequent Transactor,632307.33,33
REL21154,ACC100111,ACC100750,Beneficiary,5602.36,8
REL21155,ACC101927,ACC100346,Shared Device,922265.84,40
REL21156,ACC101217,ACC101573,Co-holder,567010.01,7
REL21157,ACC100166,ACC101006,Common IP,426960.72,6
REL21158,ACC101844,ACC100688,Shared Device,514399.67,15
REL21159,ACC100171,ACC100566,Beneficiary,672768.92,43
REL21160,ACC101805,ACC100475,Common IP,249289.55,24
REL21161,ACC100276,ACC100432,Beneficiary,170106.57,46
REL21162,ACC100664,ACC100403,Mule Chain,148828.19,36
REL21163,ACC101291,ACC101381,Frequent Transactor,185998.37,32
REL21164,ACC101859,ACC101688,Common IP,312592.87,39
REL21165,ACC100494,ACC101218,Frequent Transactor,793564.88,4
REL21166,ACC101942,ACC100015,Common IP,933014.78,7
REL21167,ACC101935,ACC100191,Mule Chain,513025.35,49
REL21168,ACC100111,ACC101596,Frequent Transactor,813969.16,32
REL21169,ACC100288,ACC101755,Mule Chain,261011.19,46
REL21170,ACC100534,ACC100806,Common IP,499206.26,41
REL21171,ACC101896,ACC101433,Common IP,775653.49,42
REL21172,ACC100749,ACC100336,Co-holder,550228.2,49
REL21173,ACC101928,ACC101205,Frequent Transactor,532466.66,11
REL21174,ACC101817,ACC100827,Shared Device,86284.45,21
REL21175,ACC100539,ACC100312,Mule Chain,543176.62,38
REL21176,ACC100164,ACC101212,Co-holder,609027.82,33
REL21177,ACC101123,ACC100087,Common IP,280549.67,45
REL21178,ACC101964,ACC100146,Shared Device,548928.72,5
REL21179,ACC100991,ACC101689,Frequent Transactor,650117.94,8
REL21180,ACC101960,ACC101905,Beneficiary,605488.48,37
REL21181,ACC101479,ACC100954,Co-holder,9620.39,29
REL21182,ACC100611,ACC101534,Beneficiary,224850.24,41
REL21183,ACC101368,ACC101992,Beneficiary,978757.76,41
REL21184,ACC101505,ACC101039,Mule Chain,87386.89,30
REL21185,ACC101383,ACC101495,Mule Chain,556394.85,37
REL21186,ACC100237,ACC100581,Beneficiary,366649.43,23
REL21187,ACC100842,ACC101313,Common IP,310673.57,44
REL21188,ACC101370,ACC101281,Mule Chain,17356.43,18
REL21189,ACC100550,ACC100864,Beneficiary,918458.18,10
REL21190,ACC101072,ACC101530,Beneficiary,581054.17,24
REL21191,ACC100296,ACC101444,Beneficiary,166227.33,44
REL21192,ACC101182,ACC100382,Beneficiary,974932.66,45
REL21193,ACC100107,ACC101609,Common IP,922493.49,1
REL21194,ACC100594,ACC100314,Common IP,637008.09,35
REL21195,ACC101457,ACC101701,Beneficiary,233733.56,41
REL21196,ACC101229,ACC101169,Frequent Transactor,188469.88,31
REL21197,ACC101770,ACC101137,Frequent Transactor,480170.11,9
REL21198,ACC100319,ACC100564,Beneficiary,110153.46,18
REL21199,ACC101557,ACC100817,Mule Chain,188924.62,30
REL21200,ACC101063,ACC101135,Common IP,943509.73,19
REL21201,ACC100657,ACC101632,Shared Device,219890.62,21
REL21202,ACC100017,ACC100895,Shared Device,661637.68,36
REL21203,ACC100999,ACC100767,Shared Device,717244.61,10
REL21204,ACC101941,ACC100714,Co-holder,960182.82,18
REL21205,ACC101607,ACC101219,Mule Chain,772937.21,37
REL21206,ACC101941,ACC101033,Co-holder,418241.56,2
REL21207,ACC101557,ACC101712,Frequent Transactor,755180.36,26
REL21208,ACC101174,ACC100872,Beneficiary,436878.7,2
REL21209,ACC100233,ACC101695,Co-holder,295129.1,43
REL21210,ACC100281,ACC101474,Mule Chain,848716.02,29
REL21211,ACC100020,ACC100163,Common IP,291362.52,22
REL21212,ACC101780,ACC101851,Beneficiary,66805.04,3
REL21213,ACC101558,ACC100713,Frequent Transactor,988250.95,32
REL21214,ACC101934,ACC100673,Co-holder,939358.73,33
REL21215,ACC101716,ACC100773,Frequent Transactor,649202.86,16
REL21216,ACC101682,ACC100763,Common IP,684224.56,29
REL21217,ACC100776,ACC100784,Mule Chain,394324.0,4
REL21218,ACC101822,ACC101198,Frequent Transactor,84828.57,40
REL21219,ACC101842,ACC100884,Mule Chain,766533.43,15
REL21220,ACC100795,ACC101581,Mule Chain,374234.19,29
REL21221,ACC101074,ACC100890,Mule Chain,37808.35,29
REL21222,ACC100125,ACC100246,Common IP,626320.42,50
REL21223,ACC101371,ACC101800,Common IP,124874.56,49
REL21224,ACC101590,ACC101570,Co-holder,748739.26,36
REL21225,ACC101957,ACC101243,Co-holder,527693.29,16
REL21226,ACC100510,ACC101357,Common IP,757036.04,15
REL21227,ACC100203,ACC100869,Beneficiary,572027.03,22
REL21228,ACC101094,ACC100823,Beneficiary,899905.89,37
REL21229,ACC100160,ACC101679,Co-holder,37627.94,36
REL21230,ACC101620,ACC100031,Mule Chain,882117.78,4
REL21231,ACC100990,ACC101624,Frequent Transactor,723303.45,27
REL21232,ACC100084,ACC100231,Frequent Transactor,619814.15,23
REL21233,ACC101053,ACC100970,Mule Chain,267888.57,5
REL21234,ACC101576,ACC100180,Common IP,80325.27,16
REL21235,ACC101940,ACC101173,Co-holder,719168.85,1
REL21236,ACC101869,ACC101807,Mule Chain,815681.54,5
REL21237,ACC101654,ACC100128,Beneficiary,853708.6,37
REL21238,ACC100790,ACC101554,Shared Device,84683.42,20
REL21239,ACC101506,ACC101785,Co-holder,757421.44,45
REL21240,ACC101773,ACC100234,Frequent Transactor,444935.08,46
REL21241,ACC101852,ACC100785,Beneficiary,237855.32,47
REL21242,ACC100303,ACC100824,Mule Chain,106239.62,12
REL21243,ACC100536,ACC100451,Shared Device,143625.46,10
REL21244,ACC100528,ACC101469,Beneficiary,863620.0,37
REL21245,ACC101905,ACC100687,Frequent Transactor,969468.62,24
REL21246,ACC100493,ACC101119,Beneficiary,96404.49,50
REL21247,ACC101690,ACC100362,Beneficiary,30960.93,31
REL21248,ACC100642,ACC100377,Common IP,395604.05,45
REL21249,ACC100814,ACC100842,Beneficiary,691571.47,48
REL21250,ACC101854,ACC100443,Frequent Transactor,880859.17,15
REL21251,ACC101310,ACC101446,Frequent Transactor,623022.66,16
REL21252,ACC100904,ACC100983,Beneficiary,63410.41,43
REL21253,ACC101284,ACC101756,Frequent Transactor,608227.23,17
REL21254,ACC100354,ACC101949,Mule Chain,508430.64,9
REL21255,ACC100357,ACC100076,Beneficiary,785418.87,15
REL21256,ACC101450,ACC100018,Common IP,6749.26,12
REL21257,ACC100475,ACC100123,Beneficiary,30920.15,18
REL21258,ACC101854,ACC100901,Shared Device,140325.43,31
REL21259,ACC101003,ACC100402,Beneficiary,741471.53,30
REL21260,ACC101440,ACC101955,Mule Chain,734018.36,19
REL21261,ACC100869,ACC101377,Beneficiary,146962.35,28
REL21262,ACC100985,ACC101519,Common IP,671833.84,40
REL21263,ACC101226,ACC101132,Shared Device,243208.11,22
REL21264,ACC101483,ACC101505,Frequent Transactor,622282.28,8
REL21265,ACC100922,ACC100906,Mule Chain,467260.55,28
REL21266,ACC100831,ACC100029,Co-holder,166583.57,39
REL21267,ACC100420,ACC101599,Co-holder,492038.45,19
REL21268,ACC100653,ACC100921,Beneficiary,265145.54,8
REL21269,ACC101708,ACC101639,Beneficiary,210841.47,25
REL21270,ACC101872,ACC100812,Frequent Transactor,527402.12,27
REL21271,ACC100091,ACC101607,Beneficiary,511028.62,37
REL21272,ACC100521,ACC100011,Common IP,77217.92,24
REL21273,ACC100181,ACC101776,Beneficiary,780336.46,28
REL21274,ACC101856,ACC101119,Co-holder,195337.6,26
REL21275,ACC101113,ACC101701,Common IP,703098.91,19
REL21276,ACC100649,ACC100783,Frequent Transactor,516768.91,43
REL21277,ACC101835,ACC100132,Common IP,837780.56,19
REL21278,ACC101269,ACC101493,Mule Chain,712419.09,47
REL21279,ACC100783,ACC101791,Co-holder,369340.41,45
REL21280,ACC100063,ACC101314,Mule Chain,892369.09,43
REL21281,ACC100220,ACC101900,Frequent Transactor,612429.36,34
REL21282,ACC101587,ACC101116,Shared Device,183616.19,24
REL21283,ACC100775,ACC100393,Co-holder,617919.31,31
REL21284,ACC100467,ACC101531,Co-holder,754943.2,32
REL21285,ACC101086,ACC101165,Common IP,520035.83,36
REL21286,ACC101572,ACC100042,Frequent Transactor,586175.28,27
REL21287,ACC101868,ACC100335,Mule Chain,204169.61,17
REL21288,ACC100266,ACC101970,Frequent Transactor,100308.04,43
REL21289,ACC101724,ACC101829,Mule Chain,909048.48,16
REL21290,ACC100555,ACC101810,Frequent Transactor,274504.75,17
REL21291,ACC100555,ACC101295,Beneficiary,1439.72,30
REL21292,ACC101815,ACC100266,Frequent Transactor,845122.24,48
REL21293,ACC100253,ACC101967,Mule Chain,320053.14,25
REL21294,ACC101828,ACC101604,Co-holder,919516.56,29
REL21295,ACC101763,ACC101176,Common IP,353621.51,7
REL21296,ACC100254,ACC100434,Shared Device,191949.45,23
REL21297,ACC100492,ACC100090,Frequent Transactor,582528.77,26
REL21298,ACC101878,ACC101939,Mule Chain,214912.06,22
REL21299,ACC101212,ACC100998,Beneficiary,476722.75,33
REL21300,ACC101231,ACC101537,Co-holder,781740.88,32
REL21301,ACC101472,ACC101790,Co-holder,102671.53,29
REL21302,ACC101704,ACC101818,Co-holder,360948.86,50
REL21303,ACC100526,ACC101419,Shared Device,160817.14,47
REL21304,ACC101665,ACC101667,Frequent Transactor,8313.79,37
REL21305,ACC100840,ACC101238,Frequent Transactor,20503.77,18
REL21306,ACC100174,ACC101049,Frequent Transactor,798510.51,16
REL21307,ACC100846,ACC100834,Mule Chain,36140.93,25
REL21308,ACC101697,ACC100874,Frequent Transactor,8016.56,11
REL21309,ACC101551,ACC100081,Frequent Transactor,92830.07,29
REL21310,ACC100559,ACC100750,Frequent Transactor,674011.01,48
REL21311,ACC101035,ACC101323,Shared Device,991390.82,49
REL21312,ACC101199,ACC100503,Beneficiary,447228.64,15
REL21313,ACC100145,ACC100119,Frequent Transactor,79966.75,2
REL21314,ACC100832,ACC100105,Frequent Transactor,231938.0,48
REL21315,ACC101088,ACC100683,Shared Device,474028.41,31
REL21316,ACC100090,ACC100797,Frequent Transactor,176423.48,18
REL21317,ACC100671,ACC100753,Beneficiary,117092.85,24
REL21318,ACC101872,ACC100132,Mule Chain,980251.3,48
REL21319,ACC100261,ACC100333,Common IP,134102.94,28
REL21320,ACC101730,ACC100683,Frequent Transactor,602445.45,35
REL21321,ACC100054,ACC100249,Co-holder,634911.79,47
REL21322,ACC101480,ACC100110,Common IP,689485.97,27
REL21323,ACC101166,ACC101891,Common IP,295869.85,47
REL21324,ACC101497,ACC100076,Beneficiary,326532.38,35
REL21325,ACC101581,ACC101129,Beneficiary,492446.81,17
REL21326,ACC101291,ACC100431,Beneficiary,74168.79,1
REL21327,ACC100096,ACC100571,Common IP,344934.76,8
REL21328,ACC100647,ACC101042,Mule Chain,742928.31,20
REL21329,ACC100454,ACC101668,Co-holder,330586.56,33
REL21330,ACC101484,ACC100758,Common IP,548883.22,25
REL21331,ACC101269,ACC100989,Common IP,257516.28,50
REL21332,ACC100469,ACC100061,Mule Chain,451753.78,40
REL21333,ACC101946,ACC100199,Frequent Transactor,459928.52,20
REL21334,ACC100681,ACC101773,Co-holder,108923.16,34
REL21335,ACC100681,ACC100131,Mule Chain,23915.26,17
REL21336,ACC100077,ACC100550,Shared Device,198613.07,20
REL21337,ACC100717,ACC101311,Common IP,463476.68,49
REL21338,ACC101103,ACC100271,Beneficiary,306769.07,15
REL21339,ACC101582,ACC101807,Common IP,872536.44,5
REL21340,ACC100582,ACC101398,Co-holder,36137.73,31
REL21341,ACC100974,ACC101152,Frequent Transactor,879159.78,47
REL21342,ACC100584,ACC100417,Shared Device,691120.97,40
REL21343,ACC101747,ACC100755,Common IP,441392.41,36
REL21344,ACC101767,ACC101776,Beneficiary,442929.68,23
REL21345,ACC100005,ACC100697,Beneficiary,500421.47,32
REL21346,ACC100542,ACC101641,Beneficiary,652448.53,14
REL21347,ACC100168,ACC100504,Shared Device,782279.62,31
REL21348,ACC101066,ACC100259,Mule Chain,427675.81,44
REL21349,ACC101014,ACC101534,Common IP,562416.9,47
REL21350,ACC101977,ACC101905,Mule Chain,633878.12,31
REL21351,ACC101356,ACC100607,Frequent Transactor,313873.6,6
REL21352,ACC100973,ACC101445,Frequent Transactor,786983.7,24
REL21353,ACC100986,ACC101337,Mule Chain,157247.41,36
REL21354,ACC100396,ACC100888,Frequent Transactor,198247.48,8
REL21355,ACC100632,ACC100374,Frequent Transactor,679452.97,4
REL21356,ACC100269,ACC101119,Co-holder,657324.15,16
REL21357,ACC101408,ACC100583,Common IP,6332.42,13
REL21358,ACC100837,ACC100369,Co-holder,627678.03,25
REL21359,ACC100318,ACC101186,Beneficiary,152025.17,47
REL21360,ACC101712,ACC101526,Beneficiary,127373.66,15
REL21361,ACC100297,ACC100880,Co-holder,258778.54,22
REL21362,ACC101637,ACC100313,Common IP,52020.63,9
REL21363,ACC100867,ACC101388,Frequent Transactor,484764.87,39
REL21364,ACC101732,ACC101724,Shared Device,746406.56,29
REL21365,ACC101557,ACC101337,Mule Chain,76239.74,7
REL21366,ACC100895,ACC100053,Frequent Transactor,711310.46,9
REL21367,ACC100590,ACC101888,Common IP,15290.68,13
REL21368,ACC100875,ACC100112,Mule Chain,420346.22,35
REL21369,ACC100289,ACC100964,Shared Device,112008.21,46
REL21370,ACC100910,ACC101463,Beneficiary,697918.6,18
REL21371,ACC101196,ACC101151,Co-holder,357684.28,23
REL21372,ACC101619,ACC101661,Common IP,160389.58,5
REL21373,ACC101640,ACC100092,Common IP,876263.68,38
REL21374,ACC100431,ACC100223,Shared Device,604017.53,15
REL21375,ACC101050,ACC101182,Co-holder,227186.53,24
REL21376,ACC100382,ACC100473,Frequent Transactor,228539.81,22
REL21377,ACC101059,ACC101477,Co-holder,176836.47,33
REL21378,ACC101686,ACC100710,Frequent Transactor,234676.09,35
REL21379,ACC100672,ACC101293,Frequent Transactor,889143.56,18
REL21380,ACC101653,ACC101822,Shared Device,381719.05,4
REL21381,ACC100218,ACC100098,Frequent Transactor,406399.5,14
REL21382,ACC100303,ACC101276,Frequent Transactor,2152.25,20
REL21383,ACC101393,ACC101569,Mule Chain,105134.54,38
REL21384,ACC101341,ACC101099,Common IP,986342.05,37
REL21385,ACC100447,ACC101861,Shared Device,387835.59,48
REL21386,ACC100082,ACC101005,Mule Chain,191035.77,12
REL21387,ACC100754,ACC100859,Common IP,736381.56,5
REL21388,ACC101960,ACC100542,Mule Chain,43999.2,9
REL21389,ACC100231,ACC100541,Frequent Transactor,155260.75,37
REL21390,ACC101214,ACC101360,Shared Device,820750.69,37
REL21391,ACC100511,ACC101739,Common IP,293104.24,9
REL21392,ACC100217,ACC101876,Co-holder,827206.62,8
REL21393,ACC101347,ACC100244,Beneficiary,127304.78,13
REL21394,ACC100253,ACC100376,Shared Device,651686.52,49
REL21395,ACC100602,ACC100185,Beneficiary,634219.31,12
REL21396,ACC100942,ACC100982,Co-holder,357442.9,44
REL21397,ACC100736,ACC101659,Shared Device,812933.18,24
REL21398,ACC100509,ACC101549,Mule Chain,820094.44,18
REL21399,ACC100337,ACC100650,Beneficiary,695161.64,29
REL21400,ACC100732,ACC101170,Beneficiary,472443.64,12
REL21401,ACC100615,ACC101686,Shared Device,178343.67,50
REL21402,ACC101938,ACC101114,Shared Device,421951.19,7
REL21403,ACC101069,ACC101886,Co-holder,328585.27,34
REL21404,ACC101150,ACC101378,Mule Chain,517363.12,29
REL21405,ACC100082,ACC100334,Co-holder,133109.41,21
REL21406,ACC101113,ACC100733,Mule Chain,150338.65,19
REL21407,ACC101687,ACC101372,Mule Chain,81505.58,29
REL21408,ACC100269,ACC100107,Shared Device,230604.65,36
REL21409,ACC101057,ACC101842,Shared Device,299874.91,43
REL21410,ACC101987,ACC100880,Frequent Transactor,665784.9,34
REL21411,ACC100836,ACC100351,Mule Chain,407229.77,42
REL21412,ACC101709,ACC100657,Shared Device,80065.76,19
REL21413,ACC100026,ACC101604,Common IP,416244.47,28
REL21414,ACC101280,ACC101716,Beneficiary,136613.99,3
REL21415,ACC101741,ACC100753,Beneficiary,380626.26,10
REL21416,ACC101187,ACC100919,Beneficiary,372061.72,15
REL21417,ACC101975,ACC100416,Shared Device,255289.98,38
REL21418,ACC101422,ACC100892,Mule Chain,114566.26,39
REL21419,ACC101047,ACC100709,Common IP,686764.65,41
REL21420,ACC100245,ACC100696,Beneficiary,630328.22,47
REL21421,ACC101427,ACC101961,Mule Chain,555448.33,33
REL21422,ACC100591,ACC101566,Co-holder,573108.1,29
REL21423,ACC100715,ACC101694,Common IP,239307.4,19
REL21424,ACC100951,ACC100448,Co-holder,974358.31,37
REL21425,ACC101675,ACC100351,Co-holder,735820.86,28
REL21426,ACC101931,ACC100131,Frequent Transactor,916954.34,13
REL21427,ACC100209,ACC101473,Co-holder,386757.38,8
REL21428,ACC101716,ACC100675,Common IP,897269.02,45
REL21429,ACC101027,ACC101535,Co-holder,366528.21,45
REL21430,ACC100005,ACC101822,Beneficiary,708032.57,33
REL21431,ACC101885,ACC100962,Frequent Transactor,908192.3,36
REL21432,ACC100916,ACC100333,Shared Device,639537.23,3
REL21433,ACC100250,ACC100025,Co-holder,469058.93,46
REL21434,ACC100803,ACC100561,Common IP,667617.36,43
REL21435,ACC100563,ACC100069,Beneficiary,426175.99,11
REL21436,ACC101760,ACC100120,Common IP,668573.28,5
REL21437,ACC101073,ACC100906,Mule Chain,153794.59,35
REL21438,ACC101680,ACC100683,Common IP,398233.79,36
REL21439,ACC101281,ACC100128,Common IP,916307.84,47
REL21440,ACC101248,ACC100114,Beneficiary,775467.97,41
REL21441,ACC100485,ACC101051,Frequent Transactor,348641.02,15
REL21442,ACC100552,ACC100860,Beneficiary,29398.25,50
REL21443,ACC101857,ACC100415,Mule Chain,293387.7,2
REL21444,ACC101746,ACC101749,Mule Chain,26789.44,1
REL21445,ACC101439,ACC100463,Frequent Transactor,554466.32,44
REL21446,ACC100693,ACC101318,Beneficiary,746370.6,12
REL21447,ACC100478,ACC101957,Common IP,310591.27,34
REL21448,ACC101229,ACC101078,Mule Chain,759294.4,42
REL21449,ACC101586,ACC100846,Mule Chain,502012.14,22
REL21450,ACC101296,ACC100856,Frequent Transactor,516229.42,49
REL21451,ACC101787,ACC101005,Common IP,716042.4,46
REL21452,ACC101355,ACC101567,Co-holder,341075.56,32
REL21453,ACC100904,ACC100514,Co-holder,746989.42,6
REL21454,ACC101363,ACC100173,Common IP,33793.89,18
REL21455,ACC101794,ACC100387,Shared Device,870706.93,38
REL21456,ACC100110,ACC101732,Frequent Transactor,423169.41,41
REL21457,ACC101308,ACC100509,Beneficiary,518668.57,23
REL21458,ACC100214,ACC100525,Co-holder,21069.1,4
REL21459,ACC100287,ACC100646,Mule Chain,20268.63,40
REL21460,ACC101548,ACC101944,Beneficiary,841832.86,41
REL21461,ACC101056,ACC101317,Beneficiary,40619.95,42
REL21462,ACC101474,ACC100548,Beneficiary,981245.29,37
REL21463,ACC101484,ACC100140,Common IP,570444.76,47
REL21464,ACC101640,ACC101460,Beneficiary,4221.02,29
REL21465,ACC100945,ACC100601,Shared Device,359108.02,13
REL21466,ACC101942,ACC100648,Beneficiary,255135.62,45
REL21467,ACC100257,ACC100643,Mule Chain,721831.87,21
REL21468,ACC101611,ACC101065,Common IP,850882.48,46
REL21469,ACC100192,ACC100390,Beneficiary,368982.86,12
REL21470,ACC101784,ACC101346,Co-holder,786768.27,18
REL21471,ACC100015,ACC100053,Shared Device,597525.31,13
REL21472,ACC101139,ACC101346,Co-holder,351693.29,40
REL21473,ACC101625,ACC101122,Common IP,778343.52,35
REL21474,ACC101727,ACC100125,Co-holder,680914.96,28
REL21475,ACC101578,ACC100565,Mule Chain,31104.21,29
REL21476,ACC100398,ACC101058,Co-holder,314445.08,10
REL21477,ACC100977,ACC101726,Shared Device,440006.87,13
REL21478,ACC101768,ACC100798,Mule Chain,763267.8,7
REL21479,ACC101126,ACC100606,Shared Device,71812.39,30
REL21480,ACC101848,ACC101756,Beneficiary,333489.76,34
REL21481,ACC100596,ACC101848,Shared Device,737468.08,38
REL21482,ACC100244,ACC100169,Co-holder,379509.87,31
REL21483,ACC100494,ACC101331,Beneficiary,701306.66,32
REL21484,ACC100597,ACC100365,Mule Chain,806290.64,38
REL21485,ACC101234,ACC100144,Beneficiary,197497.62,23
REL21486,ACC101790,ACC101874,Frequent Transactor,674382.4,29
REL21487,ACC100095,ACC101941,Co-holder,108736.94,48
REL21488,ACC100092,ACC100315,Common IP,40444.53,10
REL21489,ACC101319,ACC101597,Mule Chain,285253.5,12
REL21490,ACC100746,ACC100084,Shared Device,965924.88,26
REL21491,ACC100170,ACC101125,Mule Chain,830322.89,15
REL21492,ACC101740,ACC101045,Co-holder,174609.77,38
REL21493,ACC101148,ACC100244,Shared Device,614834.75,40
REL21494,ACC101238,ACC101543,Mule Chain,160242.09,17
REL21495,ACC101748,ACC100088,Frequent Transactor,818443.37,33
REL21496,ACC101730,ACC100285,Co-holder,856135.47,41
REL21497,ACC101243,ACC100427,Frequent Transactor,679857.4,11
REL21498,ACC101630,ACC101733,Beneficiary,784542.79,38
REL21499,ACC101626,ACC100200,Frequent Transactor,638364.3,44
REL21500,ACC101802,ACC100364,Mule Chain,854297.18,38
REL21501,ACC101417,ACC100200,Co-holder,225340.38,45
REL21502,ACC101950,ACC100533,Beneficiary,211787.28,20
REL21503,ACC100376,ACC101312,Frequent Transactor,19974.59,24
REL21504,ACC101110,ACC101428,Shared Device,867508.86,5
REL21505,ACC101252,ACC101090,Mule Chain,123225.87,15
REL21506,ACC100111,ACC101532,Common IP,357495.87,50
REL21507,ACC100927,ACC100042,Mule Chain,253179.53,47
REL21508,ACC100144,ACC101096,Common IP,274462.04,50
REL21509,ACC100117,ACC101451,Beneficiary,211065.48,46
REL21510,ACC100015,ACC101018,Beneficiary,359719.32,18
REL21511,ACC101967,ACC101515,Frequent Transactor,333233.85,41
REL21512,ACC101596,ACC101553,Common IP,362606.08,41
REL21513,ACC100652,ACC101141,Co-holder,833744.64,17
REL21514,ACC100648,ACC100295,Co-holder,286059.19,24
REL21515,ACC100050,ACC100973,Mule Chain,757792.17,14
REL21516,ACC100187,ACC101664,Common IP,250412.58,18
REL21517,ACC100221,ACC101255,Frequent Transactor,655645.52,10
REL21518,ACC101152,ACC101055,Beneficiary,274796.9,15
REL21519,ACC100761,ACC101763,Co-holder,755991.42,15
REL21520,ACC101427,ACC100135,Beneficiary,553841.93,1
REL21521,ACC101077,ACC100201,Frequent Transactor,965064.4,26
REL21522,ACC100266,ACC100479,Common IP,230941.8,10
REL21523,ACC101267,ACC101727,Co-holder,993297.98,38
REL21524,ACC101518,ACC100499,Frequent Transactor,9951.11,3
REL21525,ACC100913,ACC101256,Frequent Transactor,388507.29,19
REL21526,ACC100913,ACC100425,Shared Device,734557.06,46
REL21527,ACC101084,ACC100074,Frequent Transactor,737745.78,48
REL21528,ACC101804,ACC101399,Frequent Transactor,741169.75,31
REL21529,ACC100542,ACC100625,Frequent Transactor,732845.25,30
REL21530,ACC100086,ACC101572,Co-holder,157642.02,16
REL21531,ACC101826,ACC100049,Common IP,982413.08,39
REL21532,ACC100605,ACC100826,Co-holder,437452.58,40
REL21533,ACC101052,ACC100149,Shared Device,833277.92,30
REL21534,ACC101048,ACC101063,Mule Chain,346521.03,41
REL21535,ACC101576,ACC100563,Mule Chain,276226.14,6
REL21536,ACC101982,ACC100962,Co-holder,761802.4,4
REL21537,ACC100503,ACC100881,Frequent Transactor,166836.42,6
REL21538,ACC101236,ACC100442,Frequent Transactor,349072.92,8
REL21539,ACC100317,ACC100954,Frequent Transactor,602053.82,5
REL21540,ACC100123,ACC101905,Shared Device,772357.41,33
REL21541,ACC101559,ACC101610,Beneficiary,785781.36,27
REL21542,ACC100650,ACC101632,Mule Chain,304683.54,34
REL21543,ACC101147,ACC100271,Co-holder,354899.86,13
REL21544,ACC100574,ACC100438,Frequent Transactor,307193.62,25
REL21545,ACC101792,ACC100450,Mule Chain,348371.83,44
REL21546,ACC100297,ACC101155,Beneficiary,385170.13,6
REL21547,ACC100030,ACC100402,Beneficiary,160619.21,47
REL21548,ACC101902,ACC101366,Frequent Transactor,368247.41,19
REL21549,ACC100929,ACC101272,Common IP,705101.27,22
REL21550,ACC101673,ACC101067,Frequent Transactor,698250.67,21
REL21551,ACC101424,ACC101839,Frequent Transactor,115681.48,2
REL21552,ACC101075,ACC100422,Shared Device,577019.81,11
REL21553,ACC100201,ACC101938,Frequent Transactor,411043.68,13
REL21554,ACC100548,ACC101014,Frequent Transactor,880051.07,26
REL21555,ACC101584,ACC101630,Beneficiary,251944.3,34
REL21556,ACC100489,ACC101378,Common IP,678279.61,18
REL21557,ACC100271,ACC101255,Common IP,678896.99,41
REL21558,ACC100857,ACC101653,Mule Chain,990138.5,31
REL21559,ACC101358,ACC100833,Common IP,725961.06,6
REL21560,ACC101164,ACC100975,Mule Chain,11601.65,20
REL21561,ACC101313,ACC100144,Frequent Transactor,96391.21,3
REL21562,ACC101671,ACC101271,Beneficiary,672167.34,39
REL21563,ACC101029,ACC101173,Shared Device,8063.22,22
REL21564,ACC100844,ACC100969,Shared Device,902915.41,36
REL21565,ACC101953,ACC100688,Shared Device,880320.61,17
REL21566,ACC101728,ACC101407,Shared Device,60211.33,40
REL21567,ACC100800,ACC100243,Shared Device,309483.41,47
REL21568,ACC100108,ACC100555,Mule Chain,647343.47,6
REL21569,ACC100856,ACC101467,Mule Chain,218569.32,43
REL21570,ACC100121,ACC100252,Co-holder,399213.35,14
REL21571,ACC101815,ACC100198,Mule Chain,599124.94,15
REL21572,ACC101579,ACC100973,Mule Chain,402729.2,32
REL21573,ACC101991,ACC101180,Shared Device,293519.22,41
REL21574,ACC101092,ACC101190,Shared Device,928969.99,13
REL21575,ACC100762,ACC101111,Co-holder,308872.9,18
REL21576,ACC101079,ACC100697,Mule Chain,121630.0,9
REL21577,ACC100549,ACC101566,Frequent Transactor,498041.56,47
REL21578,ACC100767,ACC101270,Frequent Transactor,800084.7,44
REL21579,ACC100856,ACC100598,Shared Device,857106.34,41
REL21580,ACC101392,ACC101250,Co-holder,639181.56,19
REL21581,ACC100886,ACC101432,Beneficiary,729242.37,4
REL21582,ACC100236,ACC101574,Common IP,276367.03,38
REL21583,ACC100161,ACC100409,Mule Chain,488349.87,37
REL21584,ACC101303,ACC100550,Co-holder,925611.27,11
REL21585,ACC100811,ACC100286,Frequent Transactor,867072.56,16
REL21586,ACC100139,ACC100693,Co-holder,462390.32,27
REL21587,ACC100179,ACC100722,Co-holder,288945.13,15
REL21588,ACC100717,ACC100671,Common IP,108903.32,15
REL21589,ACC100782,ACC100528,Shared Device,240450.6,2
REL21590,ACC101946,ACC100208,Co-holder,801248.9,44
REL21591,ACC100579,ACC101536,Beneficiary,885417.36,37
REL21592,ACC101505,ACC101749,Common IP,430488.69,42
REL21593,ACC100334,ACC100633,Common IP,237691.63,42
REL21594,ACC101005,ACC101776,Frequent Transactor,82376.26,40
REL21595,ACC100352,ACC100922,Shared Device,100035.48,4
REL21596,ACC101608,ACC101803,Mule Chain,743167.36,40
REL21597,ACC101732,ACC101783,Co-holder,794936.61,43
REL21598,ACC101739,ACC100303,Shared Device,618307.6,2
REL21599,ACC100800,ACC100814,Shared Device,33648.51,27
REL21600,ACC100492,ACC101705,Common IP,434329.32,14
REL21601,ACC100126,ACC100528,Beneficiary,729641.55,30
REL21602,ACC101565,ACC101659,Shared Device,430329.02,42
REL21603,ACC101277,ACC101021,Co-holder,646512.58,7
REL21604,ACC101807,ACC101773,Beneficiary,441664.26,3
REL21605,ACC100836,ACC101000,Common IP,7148.6,49
REL21606,ACC101511,ACC101910,Frequent Transactor,174956.8,44
REL21607,ACC101126,ACC100043,Frequent Transactor,144254.06,13
REL21608,ACC100142,ACC101979,Shared Device,815480.46,3
REL21609,ACC100032,ACC101255,Shared Device,968260.46,47
REL21610,ACC101315,ACC100748,Common IP,889177.47,14
REL21611,ACC100438,ACC100640,Mule Chain,400587.91,40
REL21612,ACC101505,ACC100587,Co-holder,13218.43,36
REL21613,ACC100253,ACC101317,Co-holder,184847.29,15
REL21614,ACC100786,ACC100680,Shared Device,726004.86,28
REL21615,ACC100947,ACC101430,Shared Device,573727.0,31
REL21616,ACC100130,ACC100571,Common IP,670433.54,44
REL21617,ACC101561,ACC100892,Shared Device,752458.89,47
REL21618,ACC100761,ACC100921,Beneficiary,793747.46,20
REL21619,ACC100691,ACC100336,Shared Device,544681.26,50
REL21620,ACC101310,ACC100325,Beneficiary,751896.64,4
REL21621,ACC101824,ACC101117,Mule Chain,863037.01,41
REL21622,ACC101479,ACC100814,Co-holder,518525.57,43
REL21623,ACC101162,ACC101921,Mule Chain,166132.88,30
REL21624,ACC101803,ACC100393,Beneficiary,345172.07,30
REL21625,ACC101192,ACC100965,Co-holder,147209.82,40
REL21626,ACC101056,ACC101668,Shared Device,503892.49,10
REL21627,ACC100694,ACC100844,Shared Device,856525.73,13
REL21628,ACC101654,ACC101372,Common IP,481303.28,27
REL21629,ACC101105,ACC101354,Co-holder,246131.94,46
REL21630,ACC101030,ACC100568,Common IP,37153.85,21
REL21631,ACC100431,ACC100997,Mule Chain,504255.84,34
REL21632,ACC100443,ACC101164,Mule Chain,667363.25,14
REL21633,ACC100625,ACC101656,Frequent Transactor,246215.5,26
REL21634,ACC100093,ACC100971,Common IP,200311.05,32
REL21635,ACC100945,ACC100163,Beneficiary,923964.9,25
REL21636,ACC100151,ACC100497,Common IP,528915.24,50
REL21637,ACC100785,ACC101889,Beneficiary,597081.96,4
REL21638,ACC101547,ACC101859,Mule Chain,951449.22,34
REL21639,ACC101288,ACC100003,Co-holder,198233.43,35
REL21640,ACC100468,ACC101843,Common IP,53208.44,4
REL21641,ACC100596,ACC101010,Shared Device,304454.42,6
REL21642,ACC100865,ACC101951,Frequent Transactor,154915.19,27
REL21643,ACC100762,ACC100335,Shared Device,624758.73,49
REL21644,ACC101256,ACC100398,Mule Chain,852687.75,43
REL21645,ACC100668,ACC101009,Beneficiary,744016.58,17
REL21646,ACC101839,ACC100601,Beneficiary,831643.61,11
REL21647,ACC100722,ACC101336,Common IP,453786.77,18
REL21648,ACC100352,ACC100458,Co-holder,791548.43,12
REL21649,ACC100063,ACC100534,Mule Chain,570429.99,18
REL21650,ACC101990,ACC100676,Mule Chain,16958.0,40
REL21651,ACC101298,ACC100758,Frequent Transactor,578397.3,25
REL21652,ACC101895,ACC101101,Co-holder,524253.88,30
REL21653,ACC101410,ACC100232,Mule Chain,616756.68,2
REL21654,ACC100499,ACC101389,Common IP,522463.3,24
REL21655,ACC100549,ACC100434,Mule Chain,424480.56,23
REL21656,ACC101890,ACC101736,Shared Device,972574.2,47
REL21657,ACC100148,ACC101250,Common IP,246898.35,48
REL21658,ACC101884,ACC100003,Shared Device,390259.45,30
REL21659,ACC101822,ACC101326,Mule Chain,945983.78,28
REL21660,ACC100349,ACC100641,Common IP,430271.11,36
REL21661,ACC101914,ACC100697,Co-holder,537667.19,17
REL21662,ACC100432,ACC100612,Co-holder,329300.12,23
REL21663,ACC100016,ACC101123,Frequent Transactor,509290.5,28
REL21664,ACC100131,ACC100080,Beneficiary,671995.26,10
REL21665,ACC100851,ACC101340,Common IP,327358.79,10
REL21666,ACC101032,ACC101849,Common IP,874937.84,17
REL21667,ACC100810,ACC101451,Frequent Transactor,325849.81,26
REL21668,ACC100657,ACC100616,Mule Chain,575067.5,48
REL21669,ACC100043,ACC100724,Frequent Transactor,3450.05,24
REL21670,ACC100854,ACC101774,Common IP,517044.21,25
REL21671,ACC101889,ACC101290,Co-holder,246009.53,50
REL21672,ACC101619,ACC101298,Mule Chain,168282.73,22
REL21673,ACC100730,ACC101869,Common IP,797758.84,50
REL21674,ACC101157,ACC101218,Common IP,714933.97,39
REL21675,ACC101854,ACC100432,Mule Chain,823793.36,9
REL21676,ACC101255,ACC101326,Shared Device,850735.87,8
REL21677,ACC101823,ACC101612,Common IP,356262.06,16
REL21678,ACC101894,ACC101547,Frequent Transactor,659301.65,22
REL21679,ACC101864,ACC100172,Co-holder,789547.57,41
REL21680,ACC100726,ACC100296,Mule Chain,929374.37,15
REL21681,ACC100139,ACC101168,Beneficiary,377741.69,48
REL21682,ACC101925,ACC100933,Beneficiary,900831.31,40
REL21683,ACC101700,ACC101460,Shared Device,68582.46,19
REL21684,ACC101404,ACC101041,Beneficiary,826996.28,26
REL21685,ACC101903,ACC100382,Beneficiary,745004.73,15
REL21686,ACC101439,ACC101646,Frequent Transactor,294814.15,13
REL21687,ACC100680,ACC100891,Frequent Transactor,240896.35,5
REL21688,ACC100144,ACC101846,Beneficiary,430235.47,23
REL21689,ACC101790,ACC101814,Shared Device,803404.46,22
REL21690,ACC101540,ACC100571,Frequent Transactor,149598.95,33
REL21691,ACC100055,ACC101382,Shared Device,276550.0,40
REL21692,ACC100403,ACC100017,Beneficiary,676304.33,21
REL21693,ACC100435,ACC100566,Frequent Transactor,650147.85,38
REL21694,ACC100626,ACC100844,Co-holder,286234.49,2
REL21695,ACC101906,ACC100563,Frequent Transactor,89181.28,21
REL21696,ACC100936,ACC100755,Mule Chain,222602.03,22
REL21697,ACC101379,ACC100133,Beneficiary,641274.56,18
REL21698,ACC101585,ACC100877,Frequent Transactor,416398.12,30
REL21699,ACC101817,ACC101029,Frequent Transactor,851478.62,13
REL21700,ACC100191,ACC100380,Beneficiary,434896.5,42
REL21701,ACC100733,ACC100406,Common IP,4375.72,47
REL21702,ACC101616,ACC100316,Common IP,824304.25,38
REL21703,ACC101543,ACC101169,Beneficiary,336272.12,10
REL21704,ACC100141,ACC100644,Co-holder,952216.9,46
REL21705,ACC100478,ACC100203,Beneficiary,558422.81,38
REL21706,ACC101984,ACC100908,Common IP,337895.61,24
REL21707,ACC101167,ACC100851,Shared Device,261330.39,8
REL21708,ACC100387,ACC101135,Shared Device,717924.21,34
REL21709,ACC101121,ACC101139,Co-holder,336262.64,38
REL21710,ACC101445,ACC101254,Shared Device,15697.81,36
REL21711,ACC101511,ACC101565,Beneficiary,773479.87,46
REL21712,ACC100804,ACC101234,Mule Chain,51586.71,10
REL21713,ACC101091,ACC101944,Common IP,764256.06,22
REL21714,ACC100274,ACC101568,Shared Device,451035.43,43
REL21715,ACC100985,ACC101590,Beneficiary,381713.99,28
REL21716,ACC100967,ACC100444,Common IP,102037.65,41
REL21717,ACC101652,ACC101113,Common IP,269432.56,30
REL21718,ACC100205,ACC101731,Beneficiary,797987.52,40
REL21719,ACC101663,ACC100781,Shared Device,321400.17,39
REL21720,ACC101814,ACC101499,Common IP,596289.82,30
REL21721,ACC100815,ACC101458,Beneficiary,120774.96,10
REL21722,ACC100053,ACC101755,Mule Chain,329290.49,33
REL21723,ACC100452,ACC101549,Co-holder,526402.06,2
REL21724,ACC100890,ACC100969,Shared Device,272611.15,38
REL21725,ACC101539,ACC100853,Beneficiary,86581.22,16
REL21726,ACC100752,ACC101351,Shared Device,630274.88,38
REL21727,ACC100344,ACC101800,Common IP,483766.75,1
REL21728,ACC100045,ACC101322,Co-holder,596913.55,10
REL21729,ACC100178,ACC101229,Mule Chain,607499.99,10
REL21730,ACC101957,ACC101996,Beneficiary,317916.66,29
REL21731,ACC100782,ACC100369,Beneficiary,531990.91,18
REL21732,ACC100539,ACC101177,Common IP,591862.57,35
REL21733,ACC100217,ACC101747,Beneficiary,587180.35,22
REL21734,ACC100202,ACC101305,Co-holder,482336.28,16
REL21735,ACC100585,ACC100106,Mule Chain,80294.71,32
REL21736,ACC101647,ACC100128,Mule Chain,18853.5,15
REL21737,ACC101834,ACC100549,Shared Device,959539.22,11
REL21738,ACC100457,ACC100627,Shared Device,424374.06,17
REL21739,ACC101919,ACC100177,Beneficiary,775987.44,11
REL21740,ACC100208,ACC100430,Shared Device,735759.11,31
REL21741,ACC101306,ACC100640,Frequent Transactor,642722.46,8
REL21742,ACC100520,ACC100622,Shared Device,352732.88,40
REL21743,ACC100017,ACC101611,Co-holder,67362.29,36
REL21744,ACC100513,ACC100683,Co-holder,521624.78,24
REL21745,ACC101136,ACC100776,Frequent Transactor,430657.22,11
REL21746,ACC101893,ACC100572,Shared Device,274946.0,15
REL21747,ACC101625,ACC101595,Shared Device,510285.49,40
REL21748,ACC101583,ACC100446,Common IP,232819.5,3
REL21749,ACC101335,ACC101463,Beneficiary,286093.08,48
REL21750,ACC101119,ACC100139,Common IP,522824.79,40
REL21751,ACC101649,ACC100653,Shared Device,113509.07,10
REL21752,ACC100438,ACC101533,Common IP,511123.35,41
REL21753,ACC101673,ACC101384,Co-holder,455446.29,38
REL21754,ACC100947,ACC101228,Co-holder,27972.35,34
REL21755,ACC100856,ACC101479,Frequent Transactor,655838.83,34
REL21756,ACC100068,ACC100595,Shared Device,582417.29,3
REL21757,ACC100448,ACC100427,Mule Chain,736818.48,44
REL21758,ACC101739,ACC101963,Co-holder,197012.83,12
REL21759,ACC101631,ACC101822,Common IP,760903.09,42
REL21760,ACC100212,ACC101596,Common IP,761421.05,29
REL21761,ACC100871,ACC101223,Shared Device,208076.4,27
REL21762,ACC101767,ACC100972,Common IP,121100.83,16
REL21763,ACC101181,ACC100039,Shared Device,556031.24,43
REL21764,ACC100115,ACC101066,Beneficiary,258476.4,18
REL21765,ACC100088,ACC100246,Mule Chain,775133.35,12
REL21766,ACC100987,ACC100394,Frequent Transactor,368550.36,10
REL21767,ACC100180,ACC101728,Mule Chain,358045.05,35
REL21768,ACC100957,ACC100105,Co-holder,324131.83,30
REL21769,ACC101614,ACC100108,Mule Chain,672282.5,17
REL21770,ACC100547,ACC101482,Beneficiary,150761.52,38
REL21771,ACC101081,ACC100254,Beneficiary,516579.06,36
REL21772,ACC101815,ACC101818,Beneficiary,296405.05,4
REL21773,ACC101333,ACC100750,Common IP,12391.81,46
REL21774,ACC101267,ACC101061,Beneficiary,93439.79,28
REL21775,ACC101029,ACC100765,Frequent Transactor,318852.65,50
REL21776,ACC101768,ACC101172,Mule Chain,333130.44,17
REL21777,ACC100256,ACC100046,Co-holder,894295.03,15
REL21778,ACC100915,ACC101611,Mule Chain,54224.22,33
REL21779,ACC100261,ACC100373,Beneficiary,447688.39,25
REL21780,ACC101919,ACC100642,Common IP,819704.34,41
REL21781,ACC100519,ACC101075,Frequent Transactor,431301.83,42
REL21782,ACC101633,ACC100539,Beneficiary,743128.95,33
REL21783,ACC100083,ACC100334,Mule Chain,291574.27,32
REL21784,ACC100047,ACC100370,Co-holder,929267.44,42
REL21785,ACC100898,ACC101976,Common IP,953814.85,49
REL21786,ACC101345,ACC100880,Frequent Transactor,109157.09,35
REL21787,ACC101558,ACC100019,Mule Chain,524120.44,8
REL21788,ACC100596,ACC100647,Shared Device,13829.78,39
REL21789,ACC101859,ACC101012,Frequent Transactor,460716.77,34
REL21790,ACC100296,ACC100599,Common IP,829439.27,45
REL21791,ACC100167,ACC100607,Shared Device,293530.08,7
REL21792,ACC100150,ACC100242,Co-holder,751767.75,17
REL21793,ACC101158,ACC101573,Co-holder,250884.76,38
REL21794,ACC101779,ACC100575,Common IP,546015.08,43
REL21795,ACC101752,ACC100961,Common IP,42224.53,27
REL21796,ACC101472,ACC100622,Shared Device,380389.67,17
REL21797,ACC100765,ACC101268,Frequent Transactor,55989.66,2
REL21798,ACC101333,ACC101369,Shared Device,24528.85,16
REL21799,ACC100754,ACC100093,Frequent Transactor,331009.57,14
REL21800,ACC100567,ACC101082,Beneficiary,140577.45,44
REL21801,ACC101994,ACC101353,Shared Device,66807.08,20
REL21802,ACC101151,ACC101193,Co-holder,525697.01,38
REL21803,ACC100053,ACC101257,Frequent Transactor,582107.26,30
REL21804,ACC100234,ACC100924,Frequent Transactor,127265.75,2
REL21805,ACC100363,ACC101492,Common IP,515455.76,44
REL21806,ACC100235,ACC100459,Mule Chain,844954.85,31
REL21807,ACC101068,ACC100031,Shared Device,115190.81,37
REL21808,ACC101644,ACC100224,Beneficiary,511988.04,13
REL21809,ACC100949,ACC101001,Mule Chain,810727.66,23
REL21810,ACC101734,ACC101749,Co-holder,915690.97,45
REL21811,ACC101019,ACC100145,Shared Device,879072.63,39
REL21812,ACC101636,ACC101332,Beneficiary,934759.7,27
REL21813,ACC101126,ACC100375,Frequent Transactor,728000.9,1
REL21814,ACC100844,ACC101248,Frequent Transactor,536302.03,20
REL21815,ACC101814,ACC101670,Frequent Transactor,199349.13,32
REL21816,ACC100654,ACC100427,Common IP,363512.56,37
REL21817,ACC100776,ACC100773,Mule Chain,196276.85,21
REL21818,ACC100626,ACC100794,Co-holder,751079.38,40
REL21819,ACC100730,ACC101643,Mule Chain,770462.7,14
REL21820,ACC100904,ACC101020,Shared Device,131112.87,37
REL21821,ACC100682,ACC100970,Beneficiary,37543.8,21
REL21822,ACC100918,ACC101193,Mule Chain,915255.81,25
REL21823,ACC101677,ACC101920,Frequent Transactor,798954.96,36
REL21824,ACC101111,ACC100766,Beneficiary,697051.61,38
REL21825,ACC101562,ACC101426,Shared Device,21255.42,9
REL21826,ACC101821,ACC101602,Beneficiary,806822.52,5
REL21827,ACC100593,ACC100155,Mule Chain,128728.81,22
REL21828,ACC101947,ACC101146,Frequent Transactor,255563.38,43
REL21829,ACC101041,ACC101836,Beneficiary,837163.71,24
REL21830,ACC101513,ACC100233,Frequent Transactor,3947.44,24
REL21831,ACC101194,ACC100808,Co-holder,964285.32,9
REL21832,ACC101436,ACC101063,Co-holder,535479.91,5
REL21833,ACC101622,ACC101085,Beneficiary,389433.86,44
REL21834,ACC101578,ACC101088,Shared Device,406050.18,14
REL21835,ACC100357,ACC101481,Frequent Transactor,387885.59,14
REL21836,ACC101199,ACC100280,Co-holder,354404.56,32
REL21837,ACC101595,ACC100379,Beneficiary,959666.85,17
REL21838,ACC100528,ACC101394,Mule Chain,508979.06,29
REL21839,ACC100912,ACC101692,Beneficiary,261693.32,6
REL21840,ACC100603,ACC101224,Beneficiary,815835.32,3
REL21841,ACC100630,ACC101379,Co-holder,605062.07,46
REL21842,ACC101633,ACC101485,Co-holder,670525.79,27
REL21843,ACC100577,ACC100631,Common IP,99227.73,4
REL21844,ACC101429,ACC101708,Co-holder,618039.27,22
REL21845,ACC101904,ACC101991,Shared Device,324723.72,10
REL21846,ACC100893,ACC101983,Co-holder,993265.28,23
REL21847,ACC101598,ACC100354,Shared Device,470809.69,6
REL21848,ACC100879,ACC101235,Common IP,290193.92,17
REL21849,ACC100340,ACC101331,Common IP,258343.69,36
REL21850,ACC100990,ACC101176,Co-holder,995549.45,22
REL21851,ACC100993,ACC101059,Beneficiary,384316.52,7
REL21852,ACC101552,ACC101839,Mule Chain,530429.86,21
REL21853,ACC101785,ACC100181,Common IP,961019.07,1
REL21854,ACC101973,ACC101818,Common IP,134022.93,43
REL21855,ACC101264,ACC101598,Shared Device,29157.52,2
REL21856,ACC100419,ACC101526,Common IP,720867.85,31
REL21857,ACC100275,ACC100054,Shared Device,365438.65,11
REL21858,ACC100712,ACC101661,Frequent Transactor,856357.32,32
REL21859,ACC101907,ACC100750,Common IP,142601.66,17
REL21860,ACC101164,ACC100981,Beneficiary,831281.37,5
REL21861,ACC100097,ACC100866,Common IP,798444.05,18
REL21862,ACC100800,ACC100958,Co-holder,234889.43,26
REL21863,ACC100072,ACC101881,Co-holder,390260.73,50
REL21864,ACC100034,ACC100888,Common IP,615491.1,9
REL21865,ACC100127,ACC101418,Mule Chain,153097.24,12
REL21866,ACC101333,ACC101772,Beneficiary,785474.1,34
REL21867,ACC100756,ACC101975,Mule Chain,625837.38,36
REL21868,ACC100564,ACC100254,Co-holder,710887.14,37
REL21869,ACC101817,ACC100919,Shared Device,552124.63,20
REL21870,ACC100984,ACC101300,Beneficiary,29426.68,36
REL21871,ACC100126,ACC100991,Co-holder,521115.23,8
REL21872,ACC101928,ACC100470,Frequent Transactor,693309.58,5
REL21873,ACC101966,ACC101933,Frequent Transactor,234195.3,25
REL21874,ACC101390,ACC100175,Beneficiary,599613.34,48
REL21875,ACC101283,ACC101328,Common IP,678664.05,17
REL21876,ACC101493,ACC101852,Shared Device,167953.47,26
REL21877,ACC100241,ACC100249,Common IP,426072.61,32
REL21878,ACC101608,ACC100533,Co-holder,922061.04,30
REL21879,ACC100428,ACC100145,Mule Chain,639799.11,18
REL21880,ACC101469,ACC101880,Frequent Transactor,104180.33,3
REL21881,ACC100300,ACC101669,Co-holder,135203.37,47
REL21882,ACC101516,ACC100512,Beneficiary,731786.81,37
REL21883,ACC100969,ACC100497,Mule Chain,776739.49,33
REL21884,ACC101545,ACC100814,Shared Device,845925.81,5
REL21885,ACC100968,ACC101339,Co-holder,313927.68,4
REL21886,ACC100377,ACC101658,Beneficiary,506158.25,39
REL21887,ACC101207,ACC100237,Mule Chain,38298.12,26
REL21888,ACC101374,ACC100157,Common IP,338265.02,39
REL21889,ACC101059,ACC101197,Common IP,187908.75,34
REL21890,ACC100432,ACC100929,Common IP,789858.52,23
REL21891,ACC100371,ACC101958,Common IP,150425.06,13
REL21892,ACC101770,ACC101763,Beneficiary,378384.22,23
REL21893,ACC100167,ACC101503,Beneficiary,928708.13,8
REL21894,ACC101158,ACC100291,Co-holder,643787.31,50
REL21895,ACC101421,ACC100576,Frequent Transactor,815834.54,27
REL21896,ACC100993,ACC100730,Shared Device,355044.61,49
REL21897,ACC101088,ACC101562,Mule Chain,275362.76,10
REL21898,ACC101941,ACC100672,Common IP,532719.5,19
REL21899,ACC100232,ACC101196,Frequent Transactor,69411.53,49
REL21900,ACC100823,ACC101033,Shared Device,2315.04,50
REL21901,ACC101030,ACC100240,Mule Chain,329086.38,23
REL21902,ACC100549,ACC100350,Beneficiary,50838.46,41
REL21903,ACC100502,ACC100616,Beneficiary,135372.82,43
REL21904,ACC100257,ACC100047,Beneficiary,494599.92,47
REL21905,ACC101731,ACC101555,Beneficiary,858625.33,37
REL21906,ACC101896,ACC100068,Shared Device,45575.41,38
REL21907,ACC100621,ACC101527,Co-holder,587823.41,13
REL21908,ACC100609,ACC100480,Mule Chain,54841.64,26
REL21909,ACC100866,ACC100829,Frequent Transactor,277678.64,50
REL21910,ACC101780,ACC100310,Mule Chain,419799.88,47
REL21911,ACC101973,ACC101179,Mule Chain,219200.6,35
REL21912,ACC100331,ACC101567,Mule Chain,37609.42,24
REL21913,ACC100024,ACC100375,Beneficiary,843343.12,35
REL21914,ACC100126,ACC100309,Shared Device,770601.11,17
REL21915,ACC100877,ACC101533,Shared Device,966840.51,2
REL21916,ACC101627,ACC101870,Beneficiary,231890.48,35
REL21917,ACC101270,ACC100635,Frequent Transactor,588839.46,28
REL21918,ACC100865,ACC101034,Frequent Transactor,605100.06,25
REL21919,ACC100568,ACC101421,Shared Device,801193.02,28
REL21920,ACC101601,ACC100572,Common IP,432516.9,21
REL21921,ACC101165,ACC101581,Mule Chain,364463.9,16
REL21922,ACC101070,ACC100747,Co-holder,714710.98,11
REL21923,ACC100251,ACC101326,Mule Chain,996103.11,43
REL21924,ACC100994,ACC101804,Frequent Transactor,118523.7,7
REL21925,ACC101169,ACC100284,Common IP,638587.15,49
REL21926,ACC100695,ACC100912,Mule Chain,485822.54,46
REL21927,ACC101503,ACC101645,Mule Chain,597336.6,12
REL21928,ACC100760,ACC101564,Common IP,39939.49,39
REL21929,ACC100355,ACC100323,Co-holder,659644.41,7
REL21930,ACC101894,ACC101178,Co-holder,895810.17,31
REL21931,ACC101719,ACC101775,Common IP,723347.59,1
REL21932,ACC100461,ACC100246,Frequent Transactor,327291.37,13
REL21933,ACC101478,ACC101013,Frequent Transactor,769512.81,3
REL21934,ACC101983,ACC101213,Shared Device,148300.58,21
REL21935,ACC101937,ACC101782,Mule Chain,657507.72,30
REL21936,ACC101820,ACC101385,Co-holder,336443.7,5
REL21937,ACC100319,ACC101082,Beneficiary,831066.83,48
REL21938,ACC101218,ACC100518,Mule Chain,221851.05,24
REL21939,ACC101535,ACC101281,Mule Chain,81481.59,28
REL21940,ACC100527,ACC101407,Beneficiary,733065.01,22
REL21941,ACC101509,ACC100024,Common IP,466714.52,17
REL21942,ACC100383,ACC101783,Frequent Transactor,477636.47,32
REL21943,ACC101063,ACC101487,Mule Chain,28373.21,23
REL21944,ACC101863,ACC100966,Beneficiary,172177.79,22
REL21945,ACC101017,ACC100754,Common IP,512673.73,25
REL21946,ACC101916,ACC100582,Shared Device,680657.05,9
REL21947,ACC101138,ACC101466,Shared Device,960218.91,26
REL21948,ACC101796,ACC101539,Shared Device,78851.49,28
REL21949,ACC101341,ACC100469,Frequent Transactor,18368.61,31
REL21950,ACC101648,ACC101973,Common IP,964926.01,7
REL21951,ACC101145,ACC101747,Mule Chain,759626.7,45
REL21952,ACC100705,ACC100506,Common IP,828163.88,49
REL21953,ACC100467,ACC101112,Mule Chain,116245.35,34
REL21954,ACC100222,ACC100058,Shared Device,946344.78,36
REL21955,ACC100837,ACC101555,Beneficiary,981202.87,40
REL21956,ACC101836,ACC100559,Common IP,806231.35,12
REL21957,ACC100162,ACC101689,Beneficiary,465535.9,38
REL21958,ACC100467,ACC101487,Beneficiary,255011.99,20
REL21959,ACC100238,ACC100009,Shared Device,496220.2,24
REL21960,ACC101058,ACC100961,Common IP,936591.24,32
REL21961,ACC101363,ACC101819,Common IP,690813.32,42
REL21962,ACC101209,ACC101078,Co-holder,573698.05,2
REL21963,ACC101148,ACC100916,Frequent Transactor,610844.47,40
REL21964,ACC101521,ACC100419,Beneficiary,269143.29,11
REL21965,ACC100927,ACC101854,Co-holder,895438.82,39
REL21966,ACC100433,ACC100171,Co-holder,921268.85,41
REL21967,ACC100961,ACC100074,Co-holder,447549.6,9
REL21968,ACC101615,ACC101925,Mule Chain,660797.5,43
REL21969,ACC101273,ACC101476,Co-holder,430954.58,19
REL21970,ACC100220,ACC100871,Mule Chain,37854.57,8
REL21971,ACC100725,ACC101752,Shared Device,124776.01,30
REL21972,ACC100401,ACC100216,Beneficiary,943071.15,13
REL21973,ACC100064,ACC100729,Shared Device,397082.16,25
REL21974,ACC100039,ACC101820,Beneficiary,27562.66,44
REL21975,ACC100056,ACC100506,Beneficiary,93467.28,34
REL21976,ACC101692,ACC101684,Mule Chain,977505.89,46
REL21977,ACC100821,ACC100086,Beneficiary,669778.47,2
REL21978,ACC100039,ACC101147,Frequent Transactor,569935.25,36
REL21979,ACC100280,ACC100337,Common IP,142946.3,49
REL21980,ACC100498,ACC100298,Shared Device,633751.35,43
REL21981,ACC100032,ACC100023,Co-holder,315630.5,25
REL21982,ACC100616,ACC100343,Beneficiary,319194.63,34
REL21983,ACC100141,ACC101223,Co-holder,160988.91,16
REL21984,ACC101156,ACC100817,Frequent Transactor,761073.19,19
REL21985,ACC100342,ACC101359,Mule Chain,646030.2,12
REL21986,ACC100896,ACC100208,Co-holder,438598.38,16
REL21987,ACC100813,ACC101571,Co-holder,44656.22,13
REL21988,ACC101068,ACC101572,Shared Device,281071.51,21
REL21989,ACC100341,ACC101993,Beneficiary,614444.78,2
REL21990,ACC101310,ACC100662,Beneficiary,719926.45,5
REL21991,ACC100450,ACC100330,Mule Chain,450234.68,23
REL21992,ACC100496,ACC100754,Co-holder,595919.54,15
REL21993,ACC101245,ACC101426,Beneficiary,731061.66,22
REL21994,ACC101338,ACC100748,Shared Device,801149.91,36
REL21995,ACC101281,ACC100223,Common IP,322718.46,41
REL21996,ACC101939,ACC101529,Frequent Transactor,780417.63,20
REL21997,ACC100967,ACC101663,Mule Chain,382157.68,24
REL21998,ACC100391,ACC100181,Shared Device,237989.35,26
REL21999,ACC100776,ACC100696,Mule Chain,670179.32,16
REL22000,ACC100653,ACC101745,Beneficiary,406594.58,10
REL22001,ACC101055,ACC100022,Beneficiary,629487.34,16
REL22002,ACC101179,ACC101447,Frequent Transactor,940107.4,14
REL22003,ACC101793,ACC101782,Mule Chain,157648.62,41
REL22004,ACC100686,ACC100868,Common IP,790756.2,2
REL22005,ACC100101,ACC100209,Frequent Transactor,113576.49,44
REL22006,ACC100699,ACC100628,Co-holder,558565.61,16
REL22007,ACC100877,ACC101985,Beneficiary,861851.8,30
REL22008,ACC100534,ACC101042,Mule Chain,673140.45,9
REL22009,ACC100444,ACC100300,Shared Device,657814.95,27
REL22010,ACC101892,ACC101433,Frequent Transactor,558241.25,33
REL22011,ACC101260,ACC101939,Frequent Transactor,505214.86,47
REL22012,ACC101942,ACC101806,Co-holder,198228.31,50
REL22013,ACC101229,ACC101598,Frequent Transactor,143380.97,17
REL22014,ACC100898,ACC100012,Beneficiary,730938.58,7
REL22015,ACC101312,ACC100298,Beneficiary,805457.95,3
REL22016,ACC100268,ACC101307,Frequent Transactor,286171.68,40
REL22017,ACC101193,ACC100199,Common IP,282883.45,38
REL22018,ACC101445,ACC101615,Mule Chain,93461.18,6
REL22019,ACC101760,ACC100897,Frequent Transactor,24065.19,6
REL22020,ACC101233,ACC100187,Beneficiary,284932.78,11
REL22021,ACC101822,ACC100313,Beneficiary,789382.07,47
REL22022,ACC100125,ACC100850,Beneficiary,174471.55,20
REL22023,ACC101750,ACC101410,Shared Device,552354.47,28
REL22024,ACC100399,ACC100427,Common IP,171604.04,44
REL22025,ACC100128,ACC101472,Mule Chain,435135.24,14
REL22026,ACC101201,ACC100947,Frequent Transactor,30766.25,13
REL22027,ACC101972,ACC100551,Shared Device,333466.76,35
REL22028,ACC101346,ACC100234,Frequent Transactor,118019.47,16
REL22029,ACC101826,ACC101754,Co-holder,87861.92,6
REL22030,ACC101696,ACC101589,Common IP,351798.7,3
REL22031,ACC101765,ACC101886,Common IP,845343.17,20
REL22032,ACC100910,ACC101687,Beneficiary,380850.89,44
REL22033,ACC100811,ACC100194,Mule Chain,610885.27,27
REL22034,ACC100148,ACC100163,Frequent Transactor,480797.1,26
REL22035,ACC101562,ACC101580,Common IP,775293.21,17
REL22036,ACC100931,ACC100464,Beneficiary,33177.99,16
REL22037,ACC100880,ACC100208,Common IP,525495.22,3
REL22038,ACC100822,ACC100194,Beneficiary,732117.99,46
REL22039,ACC101427,ACC101092,Common IP,746642.65,18
REL22040,ACC100891,ACC101575,Frequent Transactor,823080.66,33
REL22041,ACC100206,ACC101988,Frequent Transactor,505422.83,26
REL22042,ACC101706,ACC100650,Frequent Transactor,205141.61,9
REL22043,ACC101947,ACC101622,Frequent Transactor,750690.04,29
REL22044,ACC100999,ACC101532,Mule Chain,406682.81,48
REL22045,ACC100186,ACC100673,Co-holder,834090.89,18
REL22046,ACC101257,ACC100469,Common IP,244394.42,42
REL22047,ACC100582,ACC101873,Co-holder,404944.87,46
REL22048,ACC100574,ACC101560,Co-holder,227519.25,35
REL22049,ACC101113,ACC100471,Beneficiary,546787.81,27
REL22050,ACC101343,ACC101777,Mule Chain,684589.87,5
REL22051,ACC101074,ACC101890,Shared Device,296948.97,22
REL22052,ACC101731,ACC101414,Common IP,881340.11,45
REL22053,ACC100331,ACC100750,Mule Chain,562470.21,15
REL22054,ACC100231,ACC100312,Shared Device,371875.82,15
REL22055,ACC100248,ACC100465,Common IP,38990.9,16
REL22056,ACC100765,ACC100367,Shared Device,943999.55,20
REL22057,ACC100923,ACC100353,Common IP,831606.65,37
REL22058,ACC100039,ACC100021,Co-holder,993384.05,12
REL22059,ACC101050,ACC101378,Mule Chain,985039.77,11
REL22060,ACC101722,ACC100590,Beneficiary,183059.23,14
REL22061,ACC100491,ACC101365,Frequent Transactor,650356.71,14
REL22062,ACC100384,ACC100928,Co-holder,210840.6,9
REL22063,ACC100248,ACC101948,Co-holder,435194.73,38
REL22064,ACC100933,ACC101777,Shared Device,877610.43,4
REL22065,ACC101776,ACC101555,Shared Device,617054.61,36
REL22066,ACC101320,ACC100547,Beneficiary,166434.47,9
REL22067,ACC100062,ACC100673,Shared Device,711471.64,50
REL22068,ACC101228,ACC101081,Common IP,532343.18,18
REL22069,ACC101373,ACC101510,Beneficiary,313370.9,11
REL22070,ACC101439,ACC100975,Common IP,220251.08,23
REL22071,ACC101060,ACC100226,Co-holder,892548.52,47
REL22072,ACC101290,ACC101702,Frequent Transactor,506464.36,5
REL22073,ACC101306,ACC101067,Mule Chain,178861.9,34
REL22074,ACC100242,ACC100730,Shared Device,326050.23,12
REL22075,ACC100885,ACC100916,Co-holder,665991.51,34
REL22076,ACC100984,ACC101593,Shared Device,549718.6,30
REL22077,ACC100825,ACC101954,Frequent Transactor,341778.09,6
REL22078,ACC101470,ACC100277,Common IP,452169.28,32
REL22079,ACC101767,ACC100283,Shared Device,550274.59,17
REL22080,ACC101629,ACC101705,Co-holder,200176.74,36
REL22081,ACC101982,ACC101362,Beneficiary,702864.43,39
REL22082,ACC100448,ACC100297,Frequent Transactor,59797.36,36
REL22083,ACC100679,ACC101957,Beneficiary,387956.05,31
REL22084,ACC100796,ACC101118,Frequent Transactor,116444.53,35
REL22085,ACC100287,ACC101929,Shared Device,640222.76,11
REL22086,ACC100866,ACC101038,Shared Device,716792.91,40
REL22087,ACC101067,ACC100755,Frequent Transactor,354868.0,41
REL22088,ACC100207,ACC101204,Co-holder,332749.25,29
REL22089,ACC101358,ACC101555,Shared Device,77702.17,42
REL22090,ACC101249,ACC100229,Co-holder,896220.8,49
REL22091,ACC100399,ACC100238,Beneficiary,700617.53,17
REL22092,ACC100252,ACC100677,Mule Chain,350406.2,34
REL22093,ACC100205,ACC100385,Co-holder,44491.08,28
REL22094,ACC101863,ACC101612,Shared Device,974234.17,38
REL22095,ACC101519,ACC101344,Mule Chain,57569.53,2
REL22096,ACC101773,ACC100696,Shared Device,167353.71,40
REL22097,ACC100496,ACC101773,Beneficiary,451116.42,19
REL22098,ACC101846,ACC100134,Shared Device,106334.86,27
REL22099,ACC101796,ACC101213,Common IP,965946.9,22
REL22100,ACC101393,ACC101306,Frequent Transactor,890054.94,48
REL22101,ACC100133,ACC101456,Beneficiary,71456.41,24
REL22102,ACC101549,ACC101029,Frequent Transactor,822979.43,17
REL22103,ACC100856,ACC100720,Co-holder,132051.91,7
REL22104,ACC101131,ACC100916,Mule Chain,504126.89,49
REL22105,ACC101095,ACC100533,Mule Chain,824069.81,40
REL22106,ACC100957,ACC101269,Common IP,866933.73,13
REL22107,ACC100768,ACC100783,Beneficiary,110340.64,27
REL22108,ACC101738,ACC101225,Shared Device,501587.37,1
REL22109,ACC101010,ACC101659,Co-holder,645565.62,46
REL22110,ACC100613,ACC101539,Frequent Transactor,227479.08,44
REL22111,ACC101909,ACC101882,Frequent Transactor,374622.72,39
REL22112,ACC101384,ACC100685,Common IP,244293.31,24
REL22113,ACC101434,ACC100026,Shared Device,673939.16,34
REL22114,ACC100056,ACC100539,Common IP,140885.5,29
REL22115,ACC100289,ACC100884,Shared Device,415987.48,36
REL22116,ACC100278,ACC101507,Beneficiary,753295.59,18
REL22117,ACC101660,ACC101926,Co-holder,269867.47,40
REL22118,ACC100377,ACC100669,Shared Device,438246.25,37
REL22119,ACC100263,ACC100513,Co-holder,650109.36,34
REL22120,ACC101874,ACC100562,Frequent Transactor,210441.53,22
REL22121,ACC100292,ACC100838,Mule Chain,73604.07,11
REL22122,ACC100117,ACC100592,Frequent Transactor,473227.77,20
REL22123,ACC100547,ACC100493,Co-holder,112704.02,2
REL22124,ACC101731,ACC100473,Frequent Transactor,786233.27,21
REL22125,ACC100468,ACC101255,Frequent Transactor,152155.76,17
REL22126,ACC100069,ACC101503,Shared Device,44351.03,13
REL22127,ACC101606,ACC100920,Co-holder,221788.4,22
REL22128,ACC101033,ACC100852,Shared Device,896595.1,20
REL22129,ACC101802,ACC100742,Frequent Transactor,239757.51,40
REL22130,ACC100434,ACC100244,Frequent Transactor,245317.32,30
REL22131,ACC100215,ACC101144,Common IP,243553.86,36
REL22132,ACC101353,ACC100485,Frequent Transactor,511493.73,25
REL22133,ACC101521,ACC100495,Co-holder,61669.77,7
REL22134,ACC100315,ACC101801,Co-holder,497603.27,41
REL22135,ACC100997,ACC100038,Co-holder,602029.2,5
REL22136,ACC100567,ACC101583,Mule Chain,892009.33,12
REL22137,ACC100531,ACC101096,Shared Device,242047.84,20
REL22138,ACC100562,ACC101396,Co-holder,532969.29,44
REL22139,ACC101859,ACC101398,Common IP,975378.21,4
REL22140,ACC100549,ACC101760,Frequent Transactor,82373.08,35
REL22141,ACC100025,ACC101349,Co-holder,613106.53,39
REL22142,ACC101044,ACC100020,Common IP,822398.45,41
REL22143,ACC100847,ACC100718,Shared Device,374986.98,17
REL22144,ACC101570,ACC100961,Shared Device,845683.84,45
REL22145,ACC100990,ACC100791,Beneficiary,72539.23,14
REL22146,ACC101248,ACC100896,Frequent Transactor,96638.51,7
REL22147,ACC100462,ACC100263,Frequent Transactor,30050.48,41
REL22148,ACC100026,ACC101514,Mule Chain,967790.36,19
REL22149,ACC100944,ACC100274,Co-holder,692390.51,10
REL22150,ACC101310,ACC100263,Beneficiary,402897.53,15
REL22151,ACC101685,ACC101592,Shared Device,765441.31,34
REL22152,ACC100538,ACC100175,Shared Device,294485.14,33
REL22153,ACC100894,ACC101908,Shared Device,852247.42,21
REL22154,ACC100011,ACC100299,Shared Device,852293.94,44
REL22155,ACC100752,ACC100009,Frequent Transactor,262349.1,34
REL22156,ACC101251,ACC100935,Co-holder,867574.65,23
REL22157,ACC100417,ACC101404,Co-holder,868514.46,49
REL22158,ACC101970,ACC101428,Shared Device,425100.55,25
REL22159,ACC100883,ACC101654,Common IP,601585.65,5
REL22160,ACC100909,ACC101286,Frequent Transactor,182503.33,31
REL22161,ACC101749,ACC100958,Beneficiary,742915.56,5
REL22162,ACC101951,ACC100179,Frequent Transactor,451891.04,11
REL22163,ACC101592,ACC101615,Beneficiary,790409.4,14
REL22164,ACC100647,ACC100218,Common IP,859210.9,27
REL22165,ACC100980,ACC101543,Frequent Transactor,106079.53,16
REL22166,ACC101392,ACC101011,Co-holder,333012.98,27
REL22167,ACC100755,ACC101088,Co-holder,668295.43,46
REL22168,ACC100656,ACC101206,Common IP,274661.01,31
REL22169,ACC101425,ACC101678,Mule Chain,924921.24,42
REL22170,ACC101473,ACC101377,Beneficiary,186541.58,12
REL22171,ACC100218,ACC101187,Co-holder,424473.92,18
REL22172,ACC101539,ACC100738,Shared Device,852365.55,30
REL22173,ACC100178,ACC101230,Frequent Transactor,408895.24,22
REL22174,ACC100948,ACC101462,Frequent Transactor,40563.17,10
REL22175,ACC100570,ACC100813,Mule Chain,940996.91,24
REL22176,ACC101358,ACC101749,Common IP,382339.22,33
REL22177,ACC101801,ACC100051,Beneficiary,73225.83,41
REL22178,ACC101186,ACC100622,Co-holder,150640.68,43
REL22179,ACC101621,ACC101215,Common IP,289787.79,33
REL22180,ACC100909,ACC101650,Co-holder,724832.53,8
REL22181,ACC101873,ACC100343,Co-holder,671459.2,33
REL22182,ACC100700,ACC100460,Frequent Transactor,283610.87,45
REL22183,ACC101452,ACC100008,Common IP,769241.88,3
REL22184,ACC100370,ACC100477,Co-holder,826731.55,28
REL22185,ACC100977,ACC100437,Co-holder,29757.66,6
REL22186,ACC100911,ACC100140,Mule Chain,853359.03,19
REL22187,ACC100567,ACC100691,Shared Device,977374.08,48
REL22188,ACC100365,ACC100499,Co-holder,258356.0,37
REL22189,ACC101236,ACC101000,Common IP,589382.91,24
REL22190,ACC100166,ACC100257,Beneficiary,403279.99,46
REL22191,ACC101917,ACC100338,Common IP,894172.3,23
REL22192,ACC101234,ACC100649,Common IP,416068.27,39
REL22193,ACC100381,ACC101867,Mule Chain,68376.54,15
REL22194,ACC101706,ACC100231,Common IP,748847.47,18
REL22195,ACC101654,ACC100359,Beneficiary,383451.82,13
REL22196,ACC100737,ACC100199,Common IP,562431.18,31
REL22197,ACC101614,ACC101823,Mule Chain,243792.78,7
REL22198,ACC101028,ACC101977,Beneficiary,650823.14,44
REL22199,ACC101080,ACC100849,Frequent Transactor,892596.0,5
REL22200,ACC101392,ACC100673,Common IP,18346.73,34
REL22201,ACC100740,ACC100630,Shared Device,479874.02,14
REL22202,ACC101208,ACC100081,Frequent Transactor,738385.43,11
REL22203,ACC101512,ACC101665,Frequent Transactor,505753.04,45
REL22204,ACC101239,ACC100219,Beneficiary,58362.0,38
REL22205,ACC100855,ACC100571,Co-holder,377179.34,12
REL22206,ACC100626,ACC101153,Beneficiary,995982.64,35
REL22207,ACC100348,ACC101748,Co-holder,323784.97,19
REL22208,ACC101411,ACC101912,Mule Chain,924641.67,30
REL22209,ACC101930,ACC101466,Frequent Transactor,301884.46,6
REL22210,ACC100917,ACC100625,Co-holder,634378.11,49
REL22211,ACC100749,ACC100945,Beneficiary,587054.58,50
REL22212,ACC101623,ACC101794,Common IP,400014.03,17
REL22213,ACC100942,ACC100338,Mule Chain,979398.64,28
REL22214,ACC101891,ACC100803,Frequent Transactor,721917.73,30
REL22215,ACC100823,ACC100148,Beneficiary,494245.48,11
REL22216,ACC101732,ACC100914,Shared Device,681069.6,17
REL22217,ACC101315,ACC101579,Frequent Transactor,255472.54,34
REL22218,ACC101360,ACC101624,Co-holder,72465.47,7
REL22219,ACC100917,ACC100345,Beneficiary,794928.7,44
REL22220,ACC101466,ACC101611,Common IP,839103.77,40
REL22221,ACC100249,ACC100524,Common IP,417863.45,16
REL22222,ACC101510,ACC100562,Co-holder,82363.87,40
REL22223,ACC101705,ACC101313,Mule Chain,251144.67,3
REL22224,ACC101956,ACC100006,Frequent Transactor,724245.21,4
REL22225,ACC100317,ACC101185,Shared Device,585901.37,23
REL22226,ACC100734,ACC101464,Beneficiary,811293.32,8
REL22227,ACC101632,ACC100943,Mule Chain,405754.84,45
REL22228,ACC100465,ACC100145,Common IP,144241.21,37
REL22229,ACC100423,ACC100582,Frequent Transactor,254000.41,11
REL22230,ACC100191,ACC100149,Co-holder,253253.77,41
REL22231,ACC101343,ACC101918,Co-holder,803591.71,10
REL22232,ACC101512,ACC100849,Co-holder,846475.19,20
REL22233,ACC100072,ACC100822,Mule Chain,25433.62,40
REL22234,ACC100789,ACC101287,Mule Chain,64156.3,29
REL22235,ACC101382,ACC101959,Shared Device,381389.94,36
REL22236,ACC101232,ACC101768,Co-holder,97569.19,17
REL22237,ACC100512,ACC101229,Co-holder,412803.95,41
REL22238,ACC101314,ACC101305,Frequent Transactor,741491.33,1
REL22239,ACC101960,ACC101182,Shared Device,390829.0,35
REL22240,ACC100001,ACC101379,Frequent Transactor,30317.19,5
REL22241,ACC101604,ACC101870,Mule Chain,202209.32,13
REL22242,ACC100595,ACC101588,Shared Device,15132.71,23
REL22243,ACC100985,ACC100689,Frequent Transactor,60237.26,36
REL22244,ACC101327,ACC101475,Frequent Transactor,585478.18,42
REL22245,ACC100433,ACC101808,Shared Device,987439.79,4
REL22246,ACC101926,ACC100253,Common IP,346080.97,50
REL22247,ACC100048,ACC100650,Co-holder,170561.58,37
REL22248,ACC101360,ACC100671,Shared Device,374327.4,37
REL22249,ACC101002,ACC100671,Mule Chain,603534.12,35
REL22250,ACC101958,ACC101161,Beneficiary,972402.63,29
REL22251,ACC100857,ACC101230,Common IP,946384.87,37
REL22252,ACC100548,ACC100190,Beneficiary,519679.12,15
REL22253,ACC100215,ACC101183,Beneficiary,835847.56,4
REL22254,ACC100503,ACC100700,Co-holder,770975.06,38
REL22255,ACC100122,ACC100833,Mule Chain,663182.08,18
REL22256,ACC101121,ACC101558,Frequent Transactor,239031.07,37
REL22257,ACC101800,ACC101815,Common IP,134052.43,49
REL22258,ACC101367,ACC100533,Mule Chain,779230.82,48
REL22259,ACC101063,ACC100985,Mule Chain,885487.73,27
REL22260,ACC100659,ACC100142,Common IP,944999.47,48
REL22261,ACC100616,ACC100072,Mule Chain,840282.09,3
REL22262,ACC101635,ACC100037,Common IP,498686.53,49
REL22263,ACC101422,ACC100386,Frequent Transactor,631530.93,25
REL22264,ACC101370,ACC100747,Mule Chain,378366.58,32
REL22265,ACC100828,ACC100940,Co-holder,978509.01,37
REL22266,ACC101855,ACC101623,Frequent Transactor,463886.68,5
REL22267,ACC100059,ACC100593,Common IP,247286.53,46
REL22268,ACC101753,ACC100134,Frequent Transactor,709513.4,9
REL22269,ACC101035,ACC100817,Common IP,252193.62,41
REL22270,ACC101238,ACC100366,Mule Chain,86614.06,46
REL22271,ACC101529,ACC101460,Co-holder,81970.15,44
REL22272,ACC100202,ACC100543,Co-holder,731512.6,41
REL22273,ACC101062,ACC101054,Mule Chain,305819.41,17
REL22274,ACC101109,ACC100207,Beneficiary,799253.64,28
REL22275,ACC100571,ACC100271,Co-holder,296166.55,13
REL22276,ACC101263,ACC101371,Co-holder,613164.61,23
REL22277,ACC101228,ACC100223,Beneficiary,114340.19,5
REL22278,ACC100780,ACC100177,Mule Chain,102592.36,19
REL22279,ACC101472,ACC101054,Shared Device,440431.6,5
REL22280,ACC101881,ACC101523,Shared Device,330419.31,8
REL22281,ACC100542,ACC100782,Mule Chain,247619.79,2
REL22282,ACC101499,ACC101745,Frequent Transactor,774256.78,41
REL22283,ACC101971,ACC100446,Co-holder,925386.51,8
REL22284,ACC101716,ACC101136,Shared Device,802904.06,10
REL22285,ACC101745,ACC100957,Co-holder,425965.56,9
REL22286,ACC101473,ACC100843,Shared Device,360026.81,1
REL22287,ACC100912,ACC101553,Beneficiary,725567.45,20
REL22288,ACC100095,ACC100196,Common IP,274331.57,13
REL22289,ACC100822,ACC100867,Common IP,254545.82,17
REL22290,ACC101497,ACC101863,Co-holder,570078.65,11
REL22291,ACC100562,ACC101291,Co-holder,400834.16,49
REL22292,ACC101506,ACC100572,Common IP,355847.69,9
REL22293,ACC101177,ACC101154,Co-holder,76544.2,33
REL22294,ACC101175,ACC100466,Mule Chain,125750.03,17
REL22295,ACC100900,ACC101791,Common IP,771354.64,16
REL22296,ACC101671,ACC100681,Mule Chain,917225.4,17
REL22297,ACC101076,ACC101083,Common IP,47531.41,42
REL22298,ACC100196,ACC101254,Common IP,670888.53,26
REL22299,ACC100466,ACC100191,Beneficiary,144146.72,5
REL22300,ACC101086,ACC100685,Frequent Transactor,390129.22,25
REL22301,ACC100318,ACC100229,Mule Chain,302679.64,37
REL22302,ACC100109,ACC101300,Shared Device,116832.3,39
REL22303,ACC101374,ACC100958,Common IP,188353.31,18
REL22304,ACC101888,ACC101145,Common IP,695287.01,42
REL22305,ACC101958,ACC100385,Common IP,112827.59,6
REL22306,ACC100658,ACC101212,Beneficiary,930594.59,37
REL22307,ACC101865,ACC100804,Shared Device,595623.77,23
REL22308,ACC101015,ACC101926,Mule Chain,587984.37,33
REL22309,ACC101562,ACC100907,Mule Chain,746447.37,26
REL22310,ACC100035,ACC101002,Frequent Transactor,518330.81,48
REL22311,ACC100043,ACC101655,Shared Device,805877.14,22
REL22312,ACC100278,ACC101591,Shared Device,929978.95,5
REL22313,ACC101419,ACC101539,Mule Chain,958626.76,40
REL22314,ACC100036,ACC101154,Common IP,736961.62,30
REL22315,ACC100233,ACC100489,Co-holder,748637.47,14
REL22316,ACC101131,ACC101115,Beneficiary,604399.4,21
REL22317,ACC101890,ACC101058,Mule Chain,683403.78,17
REL22318,ACC100490,ACC100658,Shared Device,297354.95,32
REL22319,ACC101360,ACC101433,Mule Chain,734633.35,31
REL22320,ACC100954,ACC101183,Frequent Transactor,212852.07,23
REL22321,ACC101731,ACC100103,Shared Device,283108.49,36
REL22322,ACC100503,ACC100295,Co-holder,77275.19,31
REL22323,ACC100777,ACC100543,Beneficiary,409440.62,31
REL22324,ACC101542,ACC101545,Shared Device,861183.47,26
REL22325,ACC101126,ACC100767,Co-holder,389704.88,45
REL22326,ACC101046,ACC101469,Co-holder,743168.37,16
REL22327,ACC100545,ACC100072,Beneficiary,947312.77,10
REL22328,ACC101546,ACC101411,Shared Device,921212.45,40
REL22329,ACC101338,ACC101637,Co-holder,49801.3,20
REL22330,ACC101307,ACC100866,Shared Device,209131.78,10
REL22331,ACC100948,ACC100434,Common IP,756104.24,38
REL22332,ACC101541,ACC100584,Co-holder,85623.55,43
REL22333,ACC100734,ACC101525,Beneficiary,876091.11,41
REL22334,ACC100628,ACC101357,Frequent Transactor,110533.46,37
REL22335,ACC101180,ACC101142,Common IP,394763.22,27
REL22336,ACC101338,ACC101475,Common IP,938906.92,29
REL22337,ACC101171,ACC101244,Common IP,663275.38,30
REL22338,ACC101457,ACC100393,Co-holder,19752.17,50
REL22339,ACC100909,ACC101536,Common IP,272452.98,13
REL22340,ACC100560,ACC101028,Co-holder,346998.77,3
REL22341,ACC100044,ACC101536,Mule Chain,877819.92,33
REL22342,ACC100107,ACC101779,Shared Device,412319.9,22
REL22343,ACC101165,ACC100069,Beneficiary,177481.08,5
REL22344,ACC101398,ACC100786,Shared Device,327116.83,28
REL22345,ACC100404,ACC100715,Co-holder,497516.01,1
REL22346,ACC101072,ACC101189,Co-holder,871138.05,7
REL22347,ACC101327,ACC101833,Shared Device,540541.54,27
REL22348,ACC100164,ACC100886,Beneficiary,375341.25,26
REL22349,ACC101226,ACC101375,Mule Chain,889547.16,35
REL22350,ACC101630,ACC101488,Mule Chain,72170.71,6
REL22351,ACC100251,ACC101883,Shared Device,577507.91,34
REL22352,ACC101463,ACC101060,Mule Chain,277762.94,45
REL22353,ACC101362,ACC100903,Common IP,797554.82,35
REL22354,ACC101515,ACC100138,Common IP,35098.57,16
REL22355,ACC100113,ACC101542,Frequent Transactor,478754.75,24
REL22356,ACC100494,ACC101947,Co-holder,863350.82,19
REL22357,ACC100343,ACC100334,Co-holder,401358.47,3
REL22358,ACC101497,ACC100497,Co-holder,168114.6,18
REL22359,ACC100562,ACC100455,Mule Chain,814846.16,9
REL22360,ACC101670,ACC100934,Shared Device,792439.97,34
REL22361,ACC100704,ACC100732,Co-holder,255985.21,49
REL22362,ACC101202,ACC100264,Co-holder,995320.82,10
REL22363,ACC100995,ACC101923,Co-holder,734436.82,14
REL22364,ACC100037,ACC101388,Mule Chain,202533.92,28
REL22365,ACC100093,ACC100492,Frequent Transactor,423892.08,3
REL22366,ACC101053,ACC101585,Co-holder,875548.0,23
REL22367,ACC101999,ACC100158,Co-holder,220495.89,37
REL22368,ACC101239,ACC101454,Mule Chain,642451.89,49
REL22369,ACC101864,ACC100643,Frequent Transactor,672997.47,42
REL22370,ACC100957,ACC100176,Shared Device,551511.18,30
REL22371,ACC100516,ACC101218,Beneficiary,260270.65,46
REL22372,ACC100363,ACC100443,Frequent Transactor,933536.22,8
REL22373,ACC100137,ACC100573,Frequent Transactor,651960.18,44
REL22374,ACC100992,ACC101993,Mule Chain,97928.47,40
REL22375,ACC100205,ACC101441,Common IP,672546.73,47
REL22376,ACC101859,ACC101982,Co-holder,350804.31,27
REL22377,ACC101522,ACC101078,Mule Chain,176304.23,31
REL22378,ACC100034,ACC100549,Beneficiary,744946.26,28
REL22379,ACC101209,ACC101864,Shared Device,970381.51,27
REL22380,ACC100435,ACC101776,Beneficiary,518006.49,26
REL22381,ACC100684,ACC100515,Co-holder,799683.67,9
REL22382,ACC100271,ACC100427,Frequent Transactor,193122.66,49
REL22383,ACC101068,ACC100678,Shared Device,224446.8,36
REL22384,ACC101021,ACC100075,Beneficiary,941271.04,32
REL22385,ACC100883,ACC101054,Frequent Transactor,157165.08,2
REL22386,ACC100415,ACC100528,Co-holder,906865.04,12
REL22387,ACC101644,ACC101793,Mule Chain,244949.83,9
REL22388,ACC100334,ACC100899,Shared Device,58180.01,6
REL22389,ACC100022,ACC101148,Shared Device,505683.16,30
REL22390,ACC101874,ACC101451,Frequent Transactor,200722.38,18
REL22391,ACC100637,ACC101067,Common IP,932234.12,47
REL22392,ACC100951,ACC101852,Co-holder,195529.53,33
REL22393,ACC101935,ACC101438,Mule Chain,831797.87,23
REL22394,ACC100387,ACC100803,Beneficiary,942332.69,21
REL22395,ACC101213,ACC100830,Shared Device,728679.8,46
REL22396,ACC100816,ACC101364,Shared Device,678915.36,35
REL22397,ACC101717,ACC101177,Frequent Transactor,348682.01,21
REL22398,ACC100321,ACC101804,Co-holder,755515.24,27
REL22399,ACC100841,ACC101621,Co-holder,381705.15,27
REL22400,ACC100552,ACC100049,Co-holder,7852.87,37
REL22401,ACC100431,ACC100057,Mule Chain,468415.77,50
REL22402,ACC101541,ACC100090,Common IP,966055.29,41
REL22403,ACC101498,ACC101543,Co-holder,641768.5,15
REL22404,ACC101257,ACC100284,Beneficiary,600093.9,36
REL22405,ACC101432,ACC100547,Frequent Transactor,234519.21,7
REL22406,ACC100470,ACC101318,Mule Chain,521299.84,31
REL22407,ACC101355,ACC101646,Co-holder,272275.24,36
REL22408,ACC101963,ACC101839,Beneficiary,171931.47,34
REL22409,ACC101689,ACC100665,Frequent Transactor,439546.2,32
REL22410,ACC101800,ACC100744,Co-holder,329302.04,22
REL22411,ACC101102,ACC101060,Common IP,253289.73,38
REL22412,ACC101417,ACC100256,Shared Device,83661.73,22
REL22413,ACC101907,ACC100533,Co-holder,236090.33,33
REL22414,ACC101491,ACC100124,Beneficiary,165061.96,21
REL22415,ACC100923,ACC101564,Shared Device,880014.66,6
REL22416,ACC100899,ACC100094,Co-holder,642315.8,37
REL22417,ACC100743,ACC100310,Common IP,496719.94,6
REL22418,ACC100789,ACC100717,Beneficiary,246802.89,48
REL22419,ACC101988,ACC100372,Common IP,658820.56,28
REL22420,ACC100520,ACC100359,Co-holder,689916.22,22
REL22421,ACC100145,ACC101915,Shared Device,680858.0,30
REL22422,ACC100883,ACC100285,Frequent Transactor,986519.14,46
REL22423,ACC101523,ACC100268,Co-holder,415743.08,16
REL22424,ACC101902,ACC100643,Frequent Transactor,320111.22,31
REL22425,ACC100005,ACC100679,Shared Device,758340.3,48
REL22426,ACC101536,ACC101590,Co-holder,504237.29,32
REL22427,ACC100837,ACC100835,Common IP,214106.71,12
REL22428,ACC101122,ACC101655,Mule Chain,203373.67,14
REL22429,ACC101506,ACC101516,Common IP,664251.44,16
REL22430,ACC100731,ACC100895,Mule Chain,487361.42,46
REL22431,ACC100433,ACC100962,Frequent Transactor,88108.61,6
REL22432,ACC101695,ACC101042,Common IP,154176.05,1
REL22433,ACC101987,ACC101526,Co-holder,3749.34,23
REL22434,ACC100612,ACC101670,Frequent Transactor,604328.23,50
REL22435,ACC101288,ACC101731,Shared Device,176754.58,14
REL22436,ACC101335,ACC101470,Frequent Transactor,65939.72,6
REL22437,ACC100426,ACC100581,Shared Device,918277.59,27
REL22438,ACC100755,ACC101502,Beneficiary,85372.26,35
REL22439,ACC101903,ACC101890,Common IP,977014.64,36
REL22440,ACC101578,ACC101867,Mule Chain,870548.21,33
REL22441,ACC101526,ACC100145,Common IP,575286.05,22
REL22442,ACC100978,ACC100206,Beneficiary,801524.04,26
REL22443,ACC100480,ACC101246,Co-holder,28743.7,1
REL22444,ACC100401,ACC100679,Common IP,349098.62,47
REL22445,ACC100343,ACC101283,Shared Device,453973.75,4
REL22446,ACC101221,ACC100825,Beneficiary,29923.61,30
REL22447,ACC100965,ACC100309,Co-holder,239811.03,34
REL22448,ACC101450,ACC100419,Mule Chain,582662.1,31
REL22449,ACC101329,ACC100857,Shared Device,761246.83,8
REL22450,ACC101963,ACC101800,Mule Chain,94758.95,50
REL22451,ACC101104,ACC100505,Mule Chain,382171.15,46
REL22452,ACC101135,ACC101239,Beneficiary,918430.92,49
REL22453,ACC100316,ACC101760,Co-holder,509736.1,16
REL22454,ACC101143,ACC100161,Co-holder,862360.02,20
REL22455,ACC100729,ACC100465,Co-holder,399828.61,8
REL22456,ACC100525,ACC100223,Shared Device,853908.9,4
REL22457,ACC100182,ACC101970,Mule Chain,489970.2,12
REL22458,ACC100740,ACC101919,Shared Device,499984.94,7
REL22459,ACC100845,ACC101799,Co-holder,95818.89,46
REL22460,ACC100267,ACC100348,Common IP,448525.65,20
REL22461,ACC100198,ACC100103,Shared Device,318262.03,40
REL22462,ACC100925,ACC100642,Co-holder,504421.63,46
REL22463,ACC100609,ACC100300,Frequent Transactor,409826.31,29
REL22464,ACC101888,ACC100222,Mule Chain,268987.83,18
REL22465,ACC100548,ACC100480,Beneficiary,509232.73,21
REL22466,ACC101761,ACC100542,Mule Chain,28342.51,50
REL22467,ACC101522,ACC101158,Shared Device,629315.64,28
REL22468,ACC101820,ACC100035,Shared Device,489282.57,17
REL22469,ACC101431,ACC101389,Shared Device,193396.66,37
REL22470,ACC100401,ACC101177,Mule Chain,690570.6,11
REL22471,ACC101353,ACC101342,Shared Device,974049.09,6
REL22472,ACC100278,ACC101341,Mule Chain,627911.45,11
REL22473,ACC101195,ACC101833,Common IP,217541.0,10
REL22474,ACC101037,ACC101087,Co-holder,447529.09,35
REL22475,ACC101495,ACC101689,Co-holder,202719.61,15
REL22476,ACC100646,ACC101802,Frequent Transactor,231296.56,31
REL22477,ACC100529,ACC100508,Mule Chain,934500.33,45
REL22478,ACC100702,ACC101809,Frequent Transactor,988876.52,42
REL22479,ACC101927,ACC100390,Shared Device,441918.72,33
REL22480,ACC101965,ACC100831,Mule Chain,2979.7,17
REL22481,ACC101794,ACC100056,Co-holder,291018.5,39
REL22482,ACC101032,ACC101026,Shared Device,524743.41,26
REL22483,ACC100829,ACC100489,Frequent Transactor,855930.08,34
REL22484,ACC100419,ACC100802,Co-holder,292907.53,44
REL22485,ACC100413,ACC100497,Common IP,797489.4,4
REL22486,ACC100505,ACC100600,Shared Device,271553.2,30
REL22487,ACC101578,ACC101638,Frequent Transactor,985062.76,43
REL22488,ACC101001,ACC100774,Shared Device,10655.16,27
REL22489,ACC100961,ACC100071,Beneficiary,559723.91,13
REL22490,ACC101096,ACC100426,Beneficiary,825459.05,13
REL22491,ACC101577,ACC101530,Frequent Transactor,434608.2,2
REL22492,ACC101605,ACC100508,Beneficiary,740125.16,23
REL22493,ACC100775,ACC100547,Common IP,77871.53,29
REL22494,ACC101860,ACC100380,Frequent Transactor,622401.52,28
REL22495,ACC101154,ACC100244,Mule Chain,170735.27,7
REL22496,ACC101148,ACC101257,Shared Device,20248.02,43
REL22497,ACC100296,ACC100894,Mule Chain,64607.2,6
REL22498,ACC101739,ACC101828,Mule Chain,986998.29,33
REL22499,ACC101144,ACC100101,Shared Device,682922.72,11
REL22500,ACC101234,ACC101314,Common IP,693650.9,41
REL22501,ACC100838,ACC100352,Shared Device,149565.64,8
REL22502,ACC101170,ACC100215,Common IP,165020.36,26
REL22503,ACC100861,ACC100906,Beneficiary,374432.56,15
REL22504,ACC101909,ACC101109,Mule Chain,472795.07,14
REL22505,ACC101522,ACC101836,Beneficiary,477169.74,49
REL22506,ACC101496,ACC101447,Shared Device,508207.51,44
REL22507,ACC101792,ACC101480,Mule Chain,299792.99,26
REL22508,ACC101093,ACC101452,Shared Device,877928.32,16
REL22509,ACC101259,ACC100201,Shared Device,775515.24,22
REL22510,ACC101829,ACC101594,Mule Chain,114644.46,50
REL22511,ACC101421,ACC100523,Co-holder,566500.17,21
REL22512,ACC101243,ACC101184,Mule Chain,547557.53,38
REL22513,ACC100435,ACC101136,Mule Chain,840067.75,3
REL22514,ACC101579,ACC100502,Shared Device,369565.7,17
REL22515,ACC100932,ACC101489,Mule Chain,517780.29,24
REL22516,ACC101260,ACC101363,Beneficiary,782936.7,8
REL22517,ACC100255,ACC101653,Beneficiary,735337.95,49
REL22518,ACC101053,ACC100709,Co-holder,120967.96,32
REL22519,ACC101799,ACC101863,Shared Device,27537.6,19
REL22520,ACC101805,ACC101745,Shared Device,745061.54,33
REL22521,ACC101207,ACC101314,Common IP,827041.36,49
REL22522,ACC100022,ACC100319,Shared Device,40054.24,34
REL22523,ACC101541,ACC101794,Frequent Transactor,533460.51,17
REL22524,ACC100074,ACC100940,Common IP,955565.79,9
REL22525,ACC101163,ACC100550,Shared Device,923182.95,14
REL22526,ACC100136,ACC101074,Frequent Transactor,5211.45,32
REL22527,ACC101376,ACC100052,Beneficiary,685242.76,32
REL22528,ACC100508,ACC101015,Co-holder,250229.79,13
REL22529,ACC101173,ACC101552,Common IP,910305.41,29
REL22530,ACC100204,ACC100574,Frequent Transactor,593552.83,26
REL22531,ACC100148,ACC101208,Shared Device,287896.28,49
REL22532,ACC101511,ACC101599,Common IP,180640.62,2
REL22533,ACC100407,ACC100329,Beneficiary,938056.52,19
REL22534,ACC100079,ACC101112,Frequent Transactor,250633.37,11
REL22535,ACC101453,ACC100994,Common IP,472680.11,48
REL22536,ACC100505,ACC100204,Frequent Transactor,683667.66,5
REL22537,ACC101716,ACC101572,Mule Chain,407951.07,26
REL22538,ACC100747,ACC100214,Common IP,737637.95,2
REL22539,ACC100887,ACC100969,Shared Device,765779.94,14
REL22540,ACC100466,ACC101142,Beneficiary,949833.48,46
REL22541,ACC100582,ACC101489,Co-holder,226568.36,5
REL22542,ACC101069,ACC101523,Beneficiary,443563.51,8
REL22543,ACC101891,ACC100339,Beneficiary,33970.55,44
REL22544,ACC101838,ACC101874,Mule Chain,599043.17,14
REL22545,ACC100915,ACC101036,Shared Device,329918.99,19
REL22546,ACC100107,ACC101721,Beneficiary,486408.47,32
REL22547,ACC101893,ACC101862,Co-holder,586864.74,11
REL22548,ACC101809,ACC101976,Frequent Transactor,505599.12,9
REL22549,ACC101113,ACC101416,Beneficiary,105177.68,41
REL22550,ACC101144,ACC101903,Shared Device,277968.71,27
REL22551,ACC101187,ACC100664,Shared Device,888792.09,18
REL22552,ACC101011,ACC100252,Mule Chain,918054.17,26
REL22553,ACC101340,ACC101060,Co-holder,258132.33,41
REL22554,ACC100391,ACC100845,Shared Device,114666.61,34
REL22555,ACC100138,ACC101517,Frequent Transactor,483718.66,43
REL22556,ACC100156,ACC101831,Frequent Transactor,318719.49,44
REL22557,ACC101532,ACC101541,Frequent Transactor,330007.88,12
REL22558,ACC101021,ACC101886,Shared Device,739602.85,5
REL22559,ACC101623,ACC100258,Mule Chain,812472.0,10
REL22560,ACC101258,ACC101399,Common IP,608934.17,25
REL22561,ACC100522,ACC101784,Co-holder,384894.17,39
REL22562,ACC100849,ACC100657,Frequent Transactor,960835.02,1
REL22563,ACC100133,ACC101631,Shared Device,337844.93,29
REL22564,ACC101306,ACC100995,Mule Chain,31366.49,24
REL22565,ACC100699,ACC101368,Shared Device,731193.87,29
REL22566,ACC101286,ACC100235,Beneficiary,213875.01,42
REL22567,ACC101853,ACC101420,Co-holder,564898.47,7
REL22568,ACC101889,ACC100911,Frequent Transactor,321812.26,43
REL22569,ACC100176,ACC101634,Mule Chain,57668.68,25
REL22570,ACC100628,ACC100604,Beneficiary,405647.24,31
REL22571,ACC100540,ACC100139,Mule Chain,930317.62,39
REL22572,ACC100995,ACC101797,Beneficiary,418738.88,26
REL22573,ACC101258,ACC101163,Mule Chain,304589.84,28
REL22574,ACC101592,ACC100616,Shared Device,59770.45,23
REL22575,ACC101409,ACC100946,Beneficiary,163738.02,30
REL22576,ACC101829,ACC100353,Beneficiary,555489.73,27
REL22577,ACC100410,ACC100219,Common IP,908354.28,16
REL22578,ACC100560,ACC100414,Mule Chain,838801.74,36
REL22579,ACC100192,ACC100387,Mule Chain,12108.65,7
REL22580,ACC100882,ACC100047,Co-holder,383095.84,25
REL22581,ACC100696,ACC100062,Co-holder,313122.23,49
REL22582,ACC101499,ACC100058,Mule Chain,891270.44,35
REL22583,ACC100610,ACC100001,Common IP,405349.47,38
REL22584,ACC100922,ACC100330,Mule Chain,356822.16,30
REL22585,ACC100383,ACC100503,Common IP,68631.46,7
REL22586,ACC100076,ACC100923,Mule Chain,754335.92,50
REL22587,ACC101653,ACC101693,Beneficiary,151590.54,32
REL22588,ACC100382,ACC100662,Frequent Transactor,399560.53,50
REL22589,ACC101394,ACC101219,Co-holder,262069.99,32
REL22590,ACC101941,ACC100173,Co-holder,928298.19,14
REL22591,ACC100715,ACC100568,Mule Chain,799922.65,28
REL22592,ACC101220,ACC101966,Shared Device,673848.56,46
REL22593,ACC101071,ACC100032,Beneficiary,919590.12,5
REL22594,ACC101812,ACC101054,Frequent Transactor,928230.0,32
REL22595,ACC101070,ACC101896,Frequent Transactor,836804.82,30
REL22596,ACC101947,ACC100072,Shared Device,483826.82,13
REL22597,ACC100382,ACC101254,Common IP,149633.0,29
REL22598,ACC100393,ACC100273,Mule Chain,350087.72,19
REL22599,ACC101595,ACC100320,Common IP,229510.66,46
REL22600,ACC101472,ACC100658,Beneficiary,295518.15,16
REL22601,ACC100376,ACC100589,Frequent Transactor,522131.09,26
REL22602,ACC100500,ACC100281,Shared Device,201195.55,28
REL22603,ACC101121,ACC101539,Mule Chain,958601.97,25
REL22604,ACC101124,ACC101087,Common IP,995478.66,31
REL22605,ACC101581,ACC100005,Shared Device,409391.03,43
REL22606,ACC101674,ACC101330,Beneficiary,924782.94,47
REL22607,ACC100334,ACC100139,Common IP,722593.92,28
REL22608,ACC100100,ACC101028,Frequent Transactor,945337.93,3
REL22609,ACC101151,ACC101805,Mule Chain,815224.79,6
REL22610,ACC101501,ACC101444,Co-holder,271776.61,44
REL22611,ACC100281,ACC101643,Co-holder,259827.96,34
REL22612,ACC101774,ACC101948,Shared Device,594988.13,35
REL22613,ACC100244,ACC100781,Common IP,706310.33,45
REL22614,ACC101130,ACC100483,Common IP,305842.19,46
REL22615,ACC100600,ACC100346,Co-holder,182741.37,24
REL22616,ACC101473,ACC100042,Beneficiary,77798.29,36
REL22617,ACC101987,ACC100664,Beneficiary,401174.74,31
REL22618,ACC100877,ACC100208,Frequent Transactor,553207.52,11
REL22619,ACC101067,ACC101674,Shared Device,236129.16,28
REL22620,ACC101166,ACC100103,Shared Device,1622.96,39
REL22621,ACC100707,ACC100669,Beneficiary,356717.02,43
REL22622,ACC100788,ACC101532,Mule Chain,817947.88,21
REL22623,ACC100314,ACC100668,Mule Chain,421474.94,21
REL22624,ACC101183,ACC101123,Common IP,187269.75,33
REL22625,ACC101889,ACC100197,Common IP,53412.97,21
REL22626,ACC101316,ACC101800,Co-holder,134772.92,3
REL22627,ACC100878,ACC100771,Shared Device,42115.66,41
REL22628,ACC100792,ACC101865,Frequent Transactor,169149.25,21
REL22629,ACC100255,ACC101795,Common IP,905624.46,15
REL22630,ACC100650,ACC101320,Mule Chain,479653.74,43
REL22631,ACC101866,ACC100271,Mule Chain,808485.61,12
REL22632,ACC101703,ACC101245,Frequent Transactor,942543.78,1
REL22633,ACC101983,ACC101416,Beneficiary,493666.84,49
REL22634,ACC100819,ACC101972,Shared Device,654372.43,21
REL22635,ACC101234,ACC101627,Mule Chain,893757.4,33
REL22636,ACC100054,ACC101113,Co-holder,840592.04,15
REL22637,ACC100085,ACC101915,Common IP,571082.26,37
REL22638,ACC101285,ACC100669,Mule Chain,216296.46,15
REL22639,ACC100783,ACC100388,Frequent Transactor,255574.06,18
REL22640,ACC101296,ACC100846,Frequent Transactor,363077.93,12
REL22641,ACC101450,ACC100710,Beneficiary,850907.15,7
REL22642,ACC101734,ACC101192,Common IP,392500.49,21
REL22643,ACC101004,ACC101011,Co-holder,82322.14,18
REL22644,ACC101483,ACC101564,Shared Device,60328.15,18
REL22645,ACC100334,ACC101573,Common IP,839747.82,50
REL22646,ACC100022,ACC100039,Common IP,767131.09,28
REL22647,ACC101765,ACC100257,Frequent Transactor,695907.3,36
REL22648,ACC100353,ACC100432,Beneficiary,527511.53,14
REL22649,ACC100811,ACC100490,Common IP,935361.77,29
REL22650,ACC101132,ACC101176,Mule Chain,87323.84,18
REL22651,ACC101445,ACC101067,Shared Device,61371.68,18
REL22652,ACC101161,ACC101577,Beneficiary,952341.88,27
REL22653,ACC100776,ACC101965,Co-holder,848728.74,24
REL22654,ACC100958,ACC100118,Common IP,933969.39,10
REL22655,ACC101821,ACC101423,Co-holder,888688.11,43
REL22656,ACC101738,ACC101235,Frequent Transactor,894211.76,33
REL22657,ACC101396,ACC100022,Beneficiary,44587.64,17
REL22658,ACC100210,ACC100312,Co-holder,223104.46,19
REL22659,ACC101975,ACC100752,Frequent Transactor,713990.35,45
REL22660,ACC100743,ACC101849,Co-holder,701623.16,24
REL22661,ACC100445,ACC101883,Common IP,530505.06,31
REL22662,ACC101797,ACC101671,Co-holder,173218.62,26
REL22663,ACC100290,ACC100315,Shared Device,513411.84,44
REL22664,ACC101266,ACC100772,Common IP,58192.65,8
REL22665,ACC100473,ACC100652,Co-holder,598328.11,25
REL22666,ACC100838,ACC101230,Common IP,611954.23,16
REL22667,ACC100666,ACC100804,Shared Device,781531.32,45
REL22668,ACC101856,ACC101347,Frequent Transactor,795337.46,38
REL22669,ACC100611,ACC100954,Beneficiary,594814.11,15
REL22670,ACC100557,ACC101253,Co-holder,995652.04,30
REL22671,ACC101606,ACC101151,Co-holder,642971.04,30
REL22672,ACC100138,ACC101364,Beneficiary,184208.83,46
REL22673,ACC101024,ACC100404,Mule Chain,984448.73,42
REL22674,ACC101518,ACC100106,Co-holder,139474.32,31
REL22675,ACC101931,ACC100902,Mule Chain,965063.4,30
REL22676,ACC100180,ACC100131,Common IP,246725.4,41
REL22677,ACC100819,ACC101215,Beneficiary,831384.4,32
REL22678,ACC101434,ACC101494,Frequent Transactor,169657.48,32
REL22679,ACC100459,ACC100863,Beneficiary,55936.38,48
REL22680,ACC100426,ACC101806,Mule Chain,119732.26,17
REL22681,ACC101806,ACC100057,Co-holder,257687.73,50
REL22682,ACC101986,ACC100017,Frequent Transactor,426778.31,16
REL22683,ACC101374,ACC100333,Co-holder,145625.65,12
REL22684,ACC101358,ACC100222,Common IP,930138.81,15
REL22685,ACC100047,ACC101193,Frequent Transactor,875899.13,28
REL22686,ACC100227,ACC100325,Frequent Transactor,504309.19,22
REL22687,ACC101150,ACC100433,Frequent Transactor,383627.52,22
REL22688,ACC100807,ACC101374,Mule Chain,231014.53,24
REL22689,ACC100412,ACC101860,Co-holder,528479.36,24
REL22690,ACC101440,ACC100408,Frequent Transactor,645542.5,9
REL22691,ACC101362,ACC100532,Frequent Transactor,699720.4,35
REL22692,ACC100885,ACC101616,Beneficiary,492397.25,15
REL22693,ACC100884,ACC100601,Frequent Transactor,199035.72,47
REL22694,ACC101986,ACC100787,Co-holder,321924.66,40
REL22695,ACC101531,ACC101887,Shared Device,748381.82,37
REL22696,ACC101431,ACC100927,Beneficiary,956667.49,21
REL22697,ACC100651,ACC101339,Beneficiary,693370.97,49
REL22698,ACC101279,ACC101675,Frequent Transactor,293515.71,25
REL22699,ACC101583,ACC101301,Co-holder,219641.1,3
REL22700,ACC100736,ACC101413,Co-holder,349900.53,38
REL22701,ACC100682,ACC101832,Mule Chain,393710.03,24
REL22702,ACC101218,ACC100106,Beneficiary,201591.35,18
REL22703,ACC100272,ACC100060,Co-holder,349700.05,31
REL22704,ACC101800,ACC100807,Co-holder,73884.6,1
REL22705,ACC100462,ACC100036,Co-holder,651964.46,7
REL22706,ACC101213,ACC100652,Co-holder,440167.65,13
REL22707,ACC100189,ACC101628,Shared Device,551143.25,10
REL22708,ACC101598,ACC100293,Beneficiary,494236.92,39
REL22709,ACC100405,ACC100128,Co-holder,563077.0,44
REL22710,ACC100297,ACC101962,Shared Device,24241.8,22
REL22711,ACC101835,ACC101531,Beneficiary,294518.78,13
REL22712,ACC101059,ACC100145,Mule Chain,561391.33,23
REL22713,ACC101426,ACC101111,Mule Chain,593021.17,14
REL22714,ACC101762,ACC101105,Frequent Transactor,890085.97,12
REL22715,ACC101774,ACC100635,Frequent Transactor,709604.53,26
REL22716,ACC101880,ACC101522,Frequent Transactor,209675.32,20
REL22717,ACC100371,ACC100660,Common IP,991764.54,45
REL22718,ACC101145,ACC100735,Common IP,871073.3,21
REL22719,ACC101048,ACC101980,Frequent Transactor,825297.56,5
REL22720,ACC100387,ACC100258,Co-holder,273466.55,32
REL22721,ACC100442,ACC101976,Shared Device,948024.92,17
REL22722,ACC100985,ACC100064,Shared Device,893648.86,42
REL22723,ACC100585,ACC101084,Common IP,908319.05,41
REL22724,ACC101438,ACC100737,Mule Chain,891697.52,7
REL22725,ACC100357,ACC101423,Common IP,552437.06,24
REL22726,ACC100766,ACC101871,Mule Chain,450014.13,39
REL22727,ACC101564,ACC100408,Co-holder,395132.68,23
REL22728,ACC100620,ACC101032,Common IP,664521.96,42
REL22729,ACC100011,ACC100237,Common IP,688647.57,15
REL22730,ACC101523,ACC100173,Co-holder,685445.44,42
REL22731,ACC101030,ACC101863,Co-holder,30015.3,6
REL22732,ACC101613,ACC101080,Common IP,465253.72,47
REL22733,ACC100901,ACC101117,Co-holder,972084.16,2
REL22734,ACC100933,ACC101025,Frequent Transactor,524301.14,25
REL22735,ACC100704,ACC101948,Shared Device,456382.15,14
REL22736,ACC101287,ACC101085,Frequent Transactor,301962.34,16
REL22737,ACC100649,ACC101854,Common IP,999943.05,39
REL22738,ACC100924,ACC100412,Common IP,713313.63,23
REL22739,ACC101894,ACC101503,Frequent Transactor,81082.65,24
REL22740,ACC101641,ACC100304,Beneficiary,89247.62,47
REL22741,ACC100988,ACC100913,Shared Device,169546.51,22
REL22742,ACC101111,ACC101287,Common IP,317175.5,2
REL22743,ACC101869,ACC101175,Mule Chain,163701.6,25
REL22744,ACC100748,ACC101948,Common IP,518630.92,48
REL22745,ACC101926,ACC101296,Common IP,236599.6,43
REL22746,ACC101862,ACC101738,Shared Device,114149.16,49
REL22747,ACC100550,ACC100584,Shared Device,191521.09,36
REL22748,ACC101237,ACC101600,Beneficiary,339903.9,39
REL22749,ACC100234,ACC101057,Common IP,57478.39,13
REL22750,ACC101533,ACC100420,Co-holder,730109.37,49
REL22751,ACC101150,ACC101556,Beneficiary,648389.08,11
REL22752,ACC100313,ACC100353,Common IP,572531.28,41
REL22753,ACC101268,ACC100445,Beneficiary,649046.55,18
REL22754,ACC100846,ACC100126,Frequent Transactor,832124.44,28
REL22755,ACC101732,ACC100233,Beneficiary,89709.54,50
REL22756,ACC101548,ACC100096,Beneficiary,837718.71,33
REL22757,ACC100780,ACC101038,Shared Device,400145.75,29
REL22758,ACC100132,ACC101403,Beneficiary,419919.51,33
REL22759,ACC100564,ACC101473,Common IP,492175.98,33
REL22760,ACC101213,ACC100812,Mule Chain,2068.16,8
REL22761,ACC100264,ACC101528,Common IP,677846.96,38
REL22762,ACC100887,ACC100923,Common IP,943620.52,41
REL22763,ACC101243,ACC100989,Frequent Transactor,971288.95,10
REL22764,ACC101654,ACC101930,Common IP,380513.17,31
REL22765,ACC101834,ACC101383,Co-holder,184782.59,13
REL22766,ACC100024,ACC101664,Common IP,103663.81,2
REL22767,ACC101067,ACC100746,Frequent Transactor,648451.2,3
REL22768,ACC101052,ACC100703,Frequent Transactor,456450.9,29
REL22769,ACC100697,ACC101433,Frequent Transactor,656806.97,26
REL22770,ACC100160,ACC100064,Mule Chain,484999.17,29
REL22771,ACC101186,ACC101833,Shared Device,844958.25,22
REL22772,ACC100496,ACC100451,Common IP,591198.73,6
REL22773,ACC101251,ACC100411,Common IP,798985.51,6
REL22774,ACC101591,ACC100090,Co-holder,549956.49,10
REL22775,ACC101596,ACC101050,Mule Chain,413297.32,39
REL22776,ACC100856,ACC101435,Common IP,112648.65,9
REL22777,ACC101497,ACC100019,Common IP,491935.92,24
REL22778,ACC101166,ACC101007,Frequent Transactor,623466.02,13
REL22779,ACC100326,ACC100215,Beneficiary,113853.39,6
REL22780,ACC101383,ACC101110,Beneficiary,229627.54,49
REL22781,ACC101237,ACC100964,Common IP,622361.17,7
REL22782,ACC101012,ACC101465,Beneficiary,817562.36,2
REL22783,ACC100501,ACC101278,Co-holder,942234.96,48
REL22784,ACC100381,ACC100505,Beneficiary,173820.43,42
REL22785,ACC100188,ACC101893,Beneficiary,301915.52,35
REL22786,ACC100069,ACC100038,Co-holder,130018.22,43
REL22787,ACC101668,ACC101684,Shared Device,141323.31,27
REL22788,ACC100717,ACC101426,Co-holder,773652.62,34
REL22789,ACC101206,ACC100213,Beneficiary,433353.03,22
REL22790,ACC100887,ACC101488,Beneficiary,601298.34,12
REL22791,ACC100316,ACC100875,Frequent Transactor,252357.12,7
REL22792,ACC100988,ACC100313,Beneficiary,728861.62,48
REL22793,ACC101658,ACC100075,Frequent Transactor,255409.98,36
REL22794,ACC101698,ACC101700,Co-holder,100382.63,10
REL22795,ACC100901,ACC100193,Mule Chain,736928.78,39
REL22796,ACC100052,ACC100680,Mule Chain,413589.68,28
REL22797,ACC100145,ACC100898,Co-holder,783008.34,44
REL22798,ACC100475,ACC101927,Beneficiary,206764.56,34
REL22799,ACC101344,ACC101193,Shared Device,57195.18,25
REL22800,ACC101584,ACC101294,Shared Device,352260.07,19
REL22801,ACC101319,ACC101750,Co-holder,598640.49,10
REL22802,ACC101163,ACC100319,Beneficiary,8935.29,36
REL22803,ACC101357,ACC101824,Frequent Transactor,927428.36,29
REL22804,ACC100494,ACC101801,Co-holder,917825.94,23
REL22805,ACC100805,ACC100164,Frequent Transactor,514301.24,29
REL22806,ACC101514,ACC101549,Beneficiary,51655.1,31
REL22807,ACC101417,ACC100532,Shared Device,587325.19,5
REL22808,ACC101559,ACC101746,Frequent Transactor,849366.58,23
REL22809,ACC100406,ACC101275,Frequent Transactor,969418.67,23
REL22810,ACC101182,ACC101279,Co-holder,192474.14,19
REL22811,ACC101835,ACC100468,Beneficiary,749428.69,2
REL22812,ACC101324,ACC100962,Frequent Transactor,735619.38,41
REL22813,ACC101656,ACC101271,Mule Chain,754382.92,38
REL22814,ACC100768,ACC100006,Common IP,354607.42,3
REL22815,ACC101671,ACC101063,Co-holder,928177.15,25
REL22816,ACC100162,ACC100015,Shared Device,107728.39,45
REL22817,ACC100886,ACC100740,Frequent Transactor,284867.36,41
REL22818,ACC101650,ACC101271,Mule Chain,573847.66,45
REL22819,ACC101077,ACC100106,Beneficiary,7543.79,20
REL22820,ACC100342,ACC100179,Shared Device,320816.34,8
REL22821,ACC101964,ACC100258,Frequent Transactor,249917.23,42
REL22822,ACC100792,ACC101697,Mule Chain,426047.78,22
REL22823,ACC101540,ACC101885,Mule Chain,207529.63,22
REL22824,ACC100868,ACC100597,Mule Chain,431474.99,17
REL22825,ACC101318,ACC100366,Frequent Transactor,997707.74,24
REL22826,ACC101964,ACC100577,Mule Chain,850898.19,23
REL22827,ACC100340,ACC100501,Beneficiary,727328.45,37
REL22828,ACC101762,ACC100500,Common IP,739183.35,50
REL22829,ACC101742,ACC100575,Frequent Transactor,325065.06,26
REL22830,ACC101032,ACC101130,Frequent Transactor,758033.65,43
REL22831,ACC101474,ACC100929,Mule Chain,552606.49,28
REL22832,ACC100016,ACC100059,Co-holder,219886.08,35
REL22833,ACC101265,ACC101659,Beneficiary,18107.48,42
REL22834,ACC100243,ACC101814,Shared Device,889870.05,43
REL22835,ACC101634,ACC100680,Frequent Transactor,994425.23,49
REL22836,ACC101597,ACC100759,Frequent Transactor,695690.87,47
REL22837,ACC100164,ACC101170,Mule Chain,85630.17,46
REL22838,ACC100583,ACC100649,Frequent Transactor,312126.97,6
REL22839,ACC101289,ACC100750,Shared Device,704118.4,9
REL22840,ACC101080,ACC100302,Beneficiary,504906.26,30
REL22841,ACC101448,ACC100918,Frequent Transactor,168620.24,36
REL22842,ACC101305,ACC100080,Co-holder,707705.16,8
REL22843,ACC101248,ACC101571,Common IP,368791.56,2
REL22844,ACC100705,ACC101903,Mule Chain,510575.09,24
REL22845,ACC101909,ACC101320,Common IP,828945.97,25
REL22846,ACC100302,ACC100698,Beneficiary,642110.03,5
REL22847,ACC101430,ACC101539,Mule Chain,746562.99,25
REL22848,ACC100837,ACC101890,Frequent Transactor,774520.14,36
REL22849,ACC100068,ACC100106,Shared Device,655415.44,44
REL22850,ACC100938,ACC100318,Beneficiary,920538.75,39
REL22851,ACC100763,ACC101836,Beneficiary,146210.67,9
REL22852,ACC101738,ACC101763,Mule Chain,105448.17,22
REL22853,ACC100757,ACC100830,Common IP,192688.36,43
REL22854,ACC100569,ACC101350,Beneficiary,666014.71,18
REL22855,ACC100663,ACC101397,Co-holder,502810.24,17
REL22856,ACC101861,ACC101726,Co-holder,882098.94,30
REL22857,ACC100667,ACC101705,Co-holder,162394.06,40
REL22858,ACC100240,ACC100590,Mule Chain,724840.17,42
REL22859,ACC101192,ACC100298,Co-holder,106984.6,25
REL22860,ACC101642,ACC101215,Co-holder,406541.94,29
REL22861,ACC100648,ACC101500,Beneficiary,627543.85,16
REL22862,ACC101666,ACC100198,Frequent Transactor,57198.92,7
REL22863,ACC100340,ACC100394,Beneficiary,921101.37,39
REL22864,ACC100508,ACC101682,Mule Chain,215617.39,19
REL22865,ACC101307,ACC100685,Frequent Transactor,673164.23,8
REL22866,ACC101117,ACC101936,Co-holder,326209.81,34
REL22867,ACC101300,ACC100177,Co-holder,741198.19,49
REL22868,ACC100883,ACC101889,Frequent Transactor,553778.75,43
REL22869,ACC100098,ACC100971,Shared Device,284201.27,26
REL22870,ACC100842,ACC101923,Common IP,110461.46,4
REL22871,ACC100413,ACC100049,Common IP,237731.62,23
REL22872,ACC100785,ACC100299,Common IP,177467.08,13
REL22873,ACC101849,ACC100695,Frequent Transactor,962799.69,17
REL22874,ACC100964,ACC101943,Mule Chain,674372.28,43
REL22875,ACC101294,ACC101924,Shared Device,374725.78,31
REL22876,ACC100828,ACC100025,Common IP,69987.5,41
REL22877,ACC101870,ACC100329,Common IP,956320.72,6
REL22878,ACC100485,ACC101410,Mule Chain,51130.8,22
REL22879,ACC100957,ACC101361,Frequent Transactor,977379.28,24
REL22880,ACC100219,ACC101229,Beneficiary,610703.05,13
REL22881,ACC100982,ACC101837,Mule Chain,368647.58,14
REL22882,ACC101712,ACC100464,Shared Device,434074.36,49
REL22883,ACC100439,ACC101180,Shared Device,451426.4,19
REL22884,ACC100890,ACC101120,Mule Chain,699525.02,33
REL22885,ACC100695,ACC100971,Mule Chain,121911.56,24
REL22886,ACC100917,ACC100441,Mule Chain,875188.62,3
REL22887,ACC101837,ACC101761,Beneficiary,193005.8,37
REL22888,ACC101639,ACC101186,Common IP,9255.22,43
REL22889,ACC100350,ACC100863,Beneficiary,607047.42,28
REL22890,ACC100823,ACC100680,Frequent Transactor,832564.49,16
REL22891,ACC101701,ACC100989,Mule Chain,951961.13,3
REL22892,ACC100116,ACC100203,Co-holder,197270.23,35
REL22893,ACC100145,ACC100972,Co-holder,131733.83,10
REL22894,ACC100030,ACC101653,Frequent Transactor,11553.86,47
REL22895,ACC101893,ACC101775,Mule Chain,865773.06,12
REL22896,ACC101056,ACC101845,Mule Chain,86647.64,5
REL22897,ACC101947,ACC100012,Mule Chain,611535.88,30
REL22898,ACC100600,ACC100972,Mule Chain,963654.45,46
REL22899,ACC101630,ACC101546,Shared Device,908425.33,28
REL22900,ACC101437,ACC101546,Beneficiary,934410.13,42
REL22901,ACC101176,ACC101962,Common IP,297004.87,45
REL22902,ACC101824,ACC100151,Mule Chain,698379.11,30
REL22903,ACC101634,ACC101602,Mule Chain,917739.73,27
REL22904,ACC100218,ACC100014,Mule Chain,505163.02,16
REL22905,ACC100565,ACC101173,Co-holder,638964.57,26
REL22906,ACC101282,ACC101804,Common IP,108598.29,48
REL22907,ACC100567,ACC101983,Common IP,554154.99,8
REL22908,ACC100382,ACC100413,Frequent Transactor,397821.5,5
REL22909,ACC100355,ACC101939,Beneficiary,732543.94,31
REL22910,ACC101080,ACC101743,Frequent Transactor,644200.81,6
REL22911,ACC101380,ACC100125,Mule Chain,344100.14,32
REL22912,ACC100085,ACC101819,Co-holder,826096.33,41
REL22913,ACC100202,ACC100287,Mule Chain,391154.23,3
REL22914,ACC101391,ACC100858,Common IP,95916.23,47
REL22915,ACC100355,ACC100513,Beneficiary,550894.92,18
REL22916,ACC100168,ACC100608,Beneficiary,743688.29,33
REL22917,ACC100376,ACC100464,Frequent Transactor,201278.05,45
REL22918,ACC101101,ACC101602,Beneficiary,165787.57,30
REL22919,ACC101695,ACC101812,Mule Chain,230355.89,2
REL22920,ACC100902,ACC100913,Mule Chain,466900.82,24
REL22921,ACC100437,ACC100635,Co-holder,272143.46,18
REL22922,ACC101638,ACC100777,Beneficiary,12511.51,13
REL22923,ACC101936,ACC100031,Beneficiary,826075.35,23
REL22924,ACC101326,ACC100630,Common IP,81889.43,8
REL22925,ACC100322,ACC100632,Mule Chain,520777.47,14
REL22926,ACC100683,ACC101554,Common IP,597504.6,17
REL22927,ACC100807,ACC101894,Frequent Transactor,60420.56,27
REL22928,ACC100027,ACC101845,Common IP,119637.66,18
REL22929,ACC100102,ACC100496,Mule Chain,385875.56,28
REL22930,ACC101214,ACC101457,Frequent Transactor,137210.27,23
REL22931,ACC101384,ACC101650,Co-holder,573768.37,2
REL22932,ACC100021,ACC101302,Mule Chain,196976.81,26
REL22933,ACC101842,ACC100927,Common IP,775768.86,46
REL22934,ACC101558,ACC101522,Shared Device,9856.64,12
REL22935,ACC100070,ACC101006,Frequent Transactor,965858.29,48
REL22936,ACC101075,ACC100800,Co-holder,803529.83,37
REL22937,ACC100681,ACC100176,Beneficiary,202230.69,5
REL22938,ACC100824,ACC101942,Beneficiary,698260.89,24
REL22939,ACC100649,ACC101509,Co-holder,822038.9,29
REL22940,ACC100719,ACC100624,Beneficiary,940684.43,8
REL22941,ACC101935,ACC101295,Common IP,377401.39,3
REL22942,ACC101373,ACC100897,Frequent Transactor,975075.31,11
REL22943,ACC101530,ACC100164,Beneficiary,408540.56,13
REL22944,ACC101206,ACC101911,Co-holder,180013.13,39
REL22945,ACC101868,ACC100740,Beneficiary,656274.21,13
REL22946,ACC100120,ACC100601,Frequent Transactor,670335.3,48
REL22947,ACC101659,ACC100586,Shared Device,997377.81,29
REL22948,ACC100157,ACC100023,Mule Chain,472621.51,1
REL22949,ACC100552,ACC101255,Mule Chain,666146.63,37
REL22950,ACC100783,ACC101696,Common IP,907334.94,7
REL22951,ACC100206,ACC100966,Co-holder,651417.96,19
REL22952,ACC101256,ACC100575,Frequent Transactor,123498.15,16
REL22953,ACC100780,ACC100175,Co-holder,839222.0,30
REL22954,ACC100650,ACC101155,Shared Device,117852.91,2
REL22955,ACC101687,ACC100116,Common IP,704823.7,5
REL22956,ACC101631,ACC100295,Common IP,905730.79,35
REL22957,ACC100440,ACC101330,Co-holder,39867.04,23
REL22958,ACC101490,ACC100836,Mule Chain,33017.21,45
REL22959,ACC101098,ACC101668,Mule Chain,812086.31,26
REL22960,ACC100264,ACC101985,Common IP,55283.37,15
REL22961,ACC101454,ACC101035,Shared Device,640737.85,4
REL22962,ACC100117,ACC100685,Beneficiary,69501.33,5
REL22963,ACC100797,ACC100651,Shared Device,961822.29,30
REL22964,ACC101603,ACC100244,Mule Chain,47603.91,4
REL22965,ACC100225,ACC100267,Mule Chain,663434.33,9
REL22966,ACC100990,ACC100165,Common IP,227809.68,2
REL22967,ACC101228,ACC100126,Beneficiary,818097.68,25
REL22968,ACC101409,ACC101818,Frequent Transactor,139697.18,26
REL22969,ACC101697,ACC100498,Frequent Transactor,850185.5,24
REL22970,ACC100807,ACC101179,Co-holder,101902.65,46
REL22971,ACC101899,ACC100965,Common IP,71716.36,27
REL22972,ACC100266,ACC100856,Co-holder,897693.9,9
REL22973,ACC101857,ACC101832,Frequent Transactor,271731.06,42
REL22974,ACC100789,ACC100956,Common IP,281999.26,29
REL22975,ACC101783,ACC100672,Frequent Transactor,169596.23,26
REL22976,ACC100251,ACC101937,Common IP,358908.94,27
REL22977,ACC100222,ACC101132,Common IP,378092.79,48
REL22978,ACC101721,ACC100489,Beneficiary,876733.18,5
REL22979,ACC101019,ACC100823,Common IP,94176.14,13
REL22980,ACC101757,ACC100928,Shared Device,547964.88,35
REL22981,ACC101600,ACC101473,Co-holder,869667.14,30
REL22982,ACC101707,ACC100604,Beneficiary,980341.46,38
REL22983,ACC101584,ACC100732,Shared Device,479166.56,29
REL22984,ACC101139,ACC100873,Common IP,168811.71,23
REL22985,ACC101415,ACC101213,Frequent Transactor,857574.5,31
REL22986,ACC101238,ACC101272,Co-holder,195812.38,6
REL22987,ACC100142,ACC100996,Shared Device,173191.95,14
REL22988,ACC101450,ACC101108,Shared Device,508908.77,18
REL22989,ACC100037,ACC101374,Mule Chain,660318.91,24
REL22990,ACC101034,ACC100791,Mule Chain,409470.31,35
REL22991,ACC100060,ACC101058,Co-holder,609240.94,30
REL22992,ACC100486,ACC101833,Mule Chain,114843.22,44
REL22993,ACC101542,ACC101077,Co-holder,238977.04,29
REL22994,ACC101613,ACC100611,Mule Chain,989903.38,19
REL22995,ACC100634,ACC101602,Mule Chain,811597.28,28
REL22996,ACC100613,ACC101056,Frequent Transactor,482087.61,37
REL22997,ACC100522,ACC100117,Co-holder,133102.14,37
REL22998,ACC100450,ACC100092,Beneficiary,465826.67,49
REL22999,ACC101819,ACC100799,Beneficiary,233202.37,36
REL23000,ACC100919,ACC101569,Mule Chain,208514.13,46
REL23001,ACC100769,ACC100330,Mule Chain,285544.84,26
REL23002,ACC100573,ACC100556,Mule Chain,537375.63,50
REL23003,ACC101589,ACC100337,Mule Chain,828009.04,7
REL23004,ACC101892,ACC101496,Common IP,188975.86,1
REL23005,ACC101744,ACC100565,Frequent Transactor,6954.07,22
REL23006,ACC101941,ACC100133,Mule Chain,735473.72,17
REL23007,ACC101962,ACC101083,Co-holder,963617.12,13
REL23008,ACC100675,ACC101625,Frequent Transactor,298395.49,23
REL23009,ACC100402,ACC100892,Common IP,286401.43,16
REL23010,ACC101549,ACC100721,Mule Chain,439632.69,14
REL23011,ACC101379,ACC101296,Mule Chain,6977.17,27
REL23012,ACC101292,ACC101971,Common IP,77485.18,25
REL23013,ACC101711,ACC100288,Co-holder,222740.55,35
REL23014,ACC100482,ACC101573,Shared Device,275667.48,45
REL23015,ACC100382,ACC100604,Shared Device,83689.03,4
REL23016,ACC100004,ACC101152,Shared Device,351017.38,6
REL23017,ACC100460,ACC100762,Mule Chain,413868.29,11
REL23018,ACC101043,ACC101181,Common IP,511316.68,2
REL23019,ACC101123,ACC100724,Frequent Transactor,853642.31,3
REL23020,ACC100066,ACC101501,Shared Device,98679.88,39
REL23021,ACC101910,ACC101000,Co-holder,336194.75,39
REL23022,ACC100608,ACC100241,Frequent Transactor,786271.19,3
REL23023,ACC100386,ACC100208,Shared Device,494080.76,6
REL23024,ACC101580,ACC100168,Frequent Transactor,744179.45,42
REL23025,ACC100014,ACC101098,Co-holder,931655.81,48
REL23026,ACC100290,ACC100314,Mule Chain,514281.25,22
REL23027,ACC100608,ACC101712,Co-holder,411844.22,33
REL23028,ACC100534,ACC100951,Co-holder,481386.79,3
REL23029,ACC101415,ACC101305,Co-holder,920479.95,18
REL23030,ACC100518,ACC100957,Frequent Transactor,584583.4,19
REL23031,ACC100612,ACC100366,Co-holder,263149.53,31
REL23032,ACC100832,ACC100864,Beneficiary,298375.9,8
REL23033,ACC100101,ACC101843,Co-holder,122666.52,11
REL23034,ACC100095,ACC101051,Common IP,995972.23,49
REL23035,ACC100141,ACC101444,Mule Chain,142643.74,3
REL23036,ACC101816,ACC101457,Mule Chain,733243.76,32
REL23037,ACC101403,ACC100887,Co-holder,208345.94,35
REL23038,ACC101494,ACC100620,Mule Chain,584918.15,5
REL23039,ACC101043,ACC100630,Co-holder,763318.51,10
REL23040,ACC100284,ACC100497,Shared Device,109435.82,33
REL23041,ACC100278,ACC100613,Common IP,365454.5,47
REL23042,ACC101823,ACC100199,Common IP,913946.57,48
REL23043,ACC100070,ACC101518,Co-holder,944905.38,50
REL23044,ACC100755,ACC100481,Beneficiary,42715.46,40
REL23045,ACC101743,ACC100371,Co-holder,889413.17,32
REL23046,ACC101741,ACC101389,Mule Chain,106478.6,29
REL23047,ACC101091,ACC101678,Common IP,347252.17,20
REL23048,ACC100387,ACC101014,Beneficiary,286037.42,5
REL23049,ACC101527,ACC101225,Co-holder,692584.35,17
REL23050,ACC100279,ACC100460,Shared Device,454235.16,10
REL23051,ACC101052,ACC100018,Frequent Transactor,715632.13,49
REL23052,ACC101146,ACC101012,Frequent Transactor,819752.05,48
REL23053,ACC100353,ACC101048,Beneficiary,354404.12,43
REL23054,ACC100190,ACC100239,Beneficiary,767226.32,30
REL23055,ACC100088,ACC100933,Shared Device,79794.74,44
REL23056,ACC100538,ACC101131,Common IP,106377.09,44
REL23057,ACC101606,ACC100387,Shared Device,518586.07,11
REL23058,ACC101190,ACC101053,Frequent Transactor,629094.93,47
REL23059,ACC101985,ACC101055,Co-holder,41949.24,18
REL23060,ACC101291,ACC101871,Frequent Transactor,346825.89,38
REL23061,ACC100459,ACC101081,Beneficiary,54104.5,38
REL23062,ACC101102,ACC100145,Shared Device,68512.52,38
REL23063,ACC100773,ACC101425,Shared Device,415653.91,18
REL23064,ACC101320,ACC100745,Mule Chain,241422.04,30
REL23065,ACC100196,ACC101495,Beneficiary,973863.06,31
REL23066,ACC101497,ACC100538,Mule Chain,230150.14,20
REL23067,ACC100426,ACC101630,Beneficiary,71841.88,50
REL23068,ACC101283,ACC101035,Mule Chain,991301.58,48
REL23069,ACC101843,ACC100744,Common IP,103438.61,18
REL23070,ACC101912,ACC101094,Co-holder,738737.0,17
REL23071,ACC100057,ACC101624,Mule Chain,167927.86,38
REL23072,ACC100537,ACC101318,Shared Device,240029.46,45
REL23073,ACC101542,ACC100308,Common IP,143428.94,48
REL23074,ACC100620,ACC101062,Co-holder,170671.61,29
REL23075,ACC100632,ACC101364,Mule Chain,652746.71,19
REL23076,ACC100389,ACC101413,Beneficiary,558275.74,25
REL23077,ACC101737,ACC101922,Mule Chain,118765.68,41
REL23078,ACC100249,ACC101865,Shared Device,640378.3,6
REL23079,ACC101827,ACC101472,Shared Device,855265.9,47
REL23080,ACC100979,ACC100240,Common IP,445625.92,36
REL23081,ACC100104,ACC101156,Shared Device,535434.51,24
REL23082,ACC101182,ACC101064,Beneficiary,947548.96,5
REL23083,ACC101010,ACC101590,Mule Chain,178587.54,13
REL23084,ACC100605,ACC101325,Mule Chain,334147.31,13
REL23085,ACC101034,ACC101634,Co-holder,118259.52,21
REL23086,ACC101317,ACC100650,Co-holder,327316.18,30
REL23087,ACC100419,ACC101324,Common IP,623464.13,17
REL23088,ACC101901,ACC100346,Co-holder,152475.05,3
REL23089,ACC101321,ACC101291,Common IP,423446.92,7
REL23090,ACC101169,ACC101831,Beneficiary,809258.17,15
REL23091,ACC100540,ACC101062,Beneficiary,165179.25,50
REL23092,ACC100731,ACC101073,Beneficiary,455996.99,45
REL23093,ACC101309,ACC101704,Frequent Transactor,540161.84,19
REL23094,ACC101695,ACC101528,Frequent Transactor,686464.63,9
REL23095,ACC100588,ACC101463,Beneficiary,488429.32,36
REL23096,ACC101880,ACC100592,Mule Chain,55007.46,44
REL23097,ACC101626,ACC101541,Common IP,848564.92,45
REL23098,ACC100034,ACC100952,Common IP,800638.85,21
REL23099,ACC100394,ACC100672,Mule Chain,179846.1,20
REL23100,ACC101983,ACC100516,Shared Device,151245.46,44
REL23101,ACC101504,ACC101866,Beneficiary,661110.73,39
REL23102,ACC100942,ACC101122,Co-holder,637478.21,8
REL23103,ACC100274,ACC101145,Co-holder,8770.04,14
REL23104,ACC100522,ACC100283,Common IP,168208.41,42
REL23105,ACC100342,ACC100756,Co-holder,130882.54,18
REL23106,ACC101903,ACC101927,Co-holder,714093.48,32
REL23107,ACC100971,ACC100661,Frequent Transactor,396304.32,46
REL23108,ACC101744,ACC101951,Co-holder,228135.37,16
REL23109,ACC101962,ACC100157,Co-holder,660842.89,8
REL23110,ACC101673,ACC100207,Co-holder,164636.54,20
REL23111,ACC101501,ACC101536,Beneficiary,170997.29,27
REL23112,ACC101507,ACC101381,Shared Device,383337.62,44
REL23113,ACC101800,ACC100908,Co-holder,41149.2,1
REL23114,ACC101290,ACC100613,Frequent Transactor,701150.57,47
REL23115,ACC101627,ACC100385,Shared Device,192384.14,44
REL23116,ACC100810,ACC101392,Co-holder,386108.99,49
REL23117,ACC100273,ACC100803,Frequent Transactor,508112.41,40
REL23118,ACC101978,ACC100692,Common IP,330527.02,33
REL23119,ACC101732,ACC101439,Mule Chain,627780.56,31
REL23120,ACC101790,ACC100243,Frequent Transactor,208016.96,41
REL23121,ACC100673,ACC101148,Beneficiary,358475.74,32
REL23122,ACC101017,ACC101290,Shared Device,480730.66,16
REL23123,ACC100586,ACC100244,Co-holder,310288.22,17
REL23124,ACC101017,ACC100171,Beneficiary,960905.16,9
REL23125,ACC101165,ACC100231,Mule Chain,695763.88,16
REL23126,ACC101701,ACC101673,Common IP,347141.35,33
REL23127,ACC101096,ACC101010,Frequent Transactor,798123.58,14
REL23128,ACC100291,ACC101712,Frequent Transactor,894924.58,2
REL23129,ACC101452,ACC100544,Co-holder,517966.61,47
REL23130,ACC101165,ACC101262,Frequent Transactor,52645.66,38
REL23131,ACC101776,ACC101817,Shared Device,880327.24,41
REL23132,ACC101693,ACC100885,Beneficiary,431922.44,49
REL23133,ACC101632,ACC100403,Mule Chain,745941.78,42
REL23134,ACC101858,ACC100760,Shared Device,501670.92,17
REL23135,ACC100088,ACC101527,Common IP,483104.38,50
REL23136,ACC101437,ACC100948,Beneficiary,701353.59,19
REL23137,ACC100915,ACC101476,Co-holder,597867.32,36
REL23138,ACC101246,ACC100676,Frequent Transactor,151814.4,1
REL23139,ACC101670,ACC101682,Beneficiary,185826.39,22
REL23140,ACC100816,ACC101641,Beneficiary,157649.96,42
REL23141,ACC100329,ACC100605,Common IP,339439.2,28
REL23142,ACC100240,ACC100385,Beneficiary,459432.64,5
REL23143,ACC101643,ACC100644,Beneficiary,7732.94,7
REL23144,ACC100384,ACC101026,Shared Device,3544.55,19
REL23145,ACC100491,ACC100622,Frequent Transactor,534979.51,12
REL23146,ACC100579,ACC100734,Mule Chain,859975.82,34
REL23147,ACC100002,ACC100827,Co-holder,829695.0,10
REL23148,ACC100324,ACC100612,Mule Chain,233788.61,1
REL23149,ACC100811,ACC101160,Beneficiary,733811.04,20
REL23150,ACC101296,ACC100325,Mule Chain,225014.8,2
REL23151,ACC101646,ACC100177,Mule Chain,921525.26,48
REL23152,ACC100643,ACC100131,Mule Chain,551101.47,15
REL23153,ACC100974,ACC101663,Frequent Transactor,703907.41,40
REL23154,ACC101655,ACC100122,Frequent Transactor,210400.33,11
REL23155,ACC100368,ACC100570,Common IP,166432.38,30
REL23156,ACC101160,ACC101450,Mule Chain,97645.75,26
REL23157,ACC100484,ACC101487,Common IP,791003.72,18
REL23158,ACC100175,ACC101955,Shared Device,20128.26,33
REL23159,ACC100182,ACC101989,Beneficiary,938130.99,50
REL23160,ACC101739,ACC101384,Common IP,560958.95,47
REL23161,ACC100634,ACC101855,Common IP,946687.73,5
REL23162,ACC100730,ACC100283,Mule Chain,358716.9,36
REL23163,ACC100317,ACC101485,Shared Device,5992.11,45
REL23164,ACC101708,ACC101717,Mule Chain,74322.47,48
REL23165,ACC100528,ACC101786,Mule Chain,529671.41,4
REL23166,ACC100164,ACC100914,Co-holder,607055.68,8
REL23167,ACC100585,ACC100064,Mule Chain,465348.67,17
REL23168,ACC101248,ACC101620,Common IP,848918.91,39
REL23169,ACC100301,ACC101214,Mule Chain,213971.96,11
REL23170,ACC101585,ACC101616,Shared Device,447029.64,23
REL23171,ACC101389,ACC101219,Mule Chain,350138.06,2
REL23172,ACC101447,ACC101716,Common IP,792184.76,10
REL23173,ACC101541,ACC101672,Shared Device,298191.29,48
REL23174,ACC100073,ACC100548,Common IP,800537.47,27
REL23175,ACC100425,ACC100479,Frequent Transactor,813022.63,6
REL23176,ACC101613,ACC100152,Mule Chain,961930.1,21
REL23177,ACC100253,ACC101917,Beneficiary,265625.62,46
REL23178,ACC101375,ACC101310,Common IP,578257.18,18
REL23179,ACC100270,ACC100953,Co-holder,550397.77,24
REL23180,ACC100909,ACC100147,Frequent Transactor,118585.05,29
REL23181,ACC101559,ACC100443,Shared Device,480860.63,50
REL23182,ACC100844,ACC100539,Beneficiary,836349.94,26
REL23183,ACC100995,ACC101128,Shared Device,368089.74,2
REL23184,ACC100757,ACC101658,Common IP,116140.77,1
REL23185,ACC101802,ACC101648,Shared Device,877467.65,4
REL23186,ACC100176,ACC100449,Common IP,80635.91,2
REL23187,ACC101367,ACC101109,Common IP,941266.44,3
REL23188,ACC100872,ACC100332,Common IP,803862.55,11
REL23189,ACC101928,ACC101176,Co-holder,301145.31,11
REL23190,ACC100986,ACC101577,Common IP,525229.31,12
REL23191,ACC100345,ACC100396,Beneficiary,934230.94,15
REL23192,ACC100340,ACC100293,Common IP,206166.18,38
REL23193,ACC101922,ACC101304,Co-holder,913937.66,4
REL23194,ACC101433,ACC100187,Common IP,183108.82,36
REL23195,ACC101541,ACC101646,Mule Chain,764443.91,16
REL23196,ACC100412,ACC100549,Mule Chain,827586.24,29
REL23197,ACC100518,ACC101934,Common IP,224553.81,27
REL23198,ACC101474,ACC101678,Mule Chain,826802.81,9
REL23199,ACC100402,ACC101853,Shared Device,525765.47,12
REL23200,ACC100990,ACC100116,Frequent Transactor,386442.44,10
REL23201,ACC101260,ACC100565,Mule Chain,775029.37,31
REL23202,ACC101298,ACC100346,Beneficiary,136663.65,29
REL23203,ACC101170,ACC100388,Beneficiary,728947.47,11
REL23204,ACC101350,ACC101276,Frequent Transactor,475178.56,10
REL23205,ACC100344,ACC100902,Co-holder,342869.94,34
REL23206,ACC101042,ACC101753,Shared Device,451859.81,19
REL23207,ACC100479,ACC101409,Co-holder,337702.25,44
REL23208,ACC101188,ACC100407,Beneficiary,463570.5,31
REL23209,ACC100110,ACC100412,Mule Chain,522145.51,19
REL23210,ACC101501,ACC100100,Beneficiary,763494.68,28
REL23211,ACC101791,ACC100738,Co-holder,342024.82,45
REL23212,ACC100640,ACC101109,Common IP,242539.49,25
REL23213,ACC101521,ACC100981,Shared Device,131935.59,4
REL23214,ACC101116,ACC101276,Common IP,295074.78,23
REL23215,ACC100825,ACC100219,Common IP,152920.78,8
REL23216,ACC101858,ACC100045,Co-holder,987325.94,31
REL23217,ACC101655,ACC101170,Frequent Transactor,632547.69,35
REL23218,ACC100318,ACC100869,Co-holder,681937.22,31
REL23219,ACC100128,ACC100183,Common IP,224787.02,27
REL23220,ACC100481,ACC101662,Beneficiary,224819.24,1
REL23221,ACC101937,ACC100529,Common IP,858717.02,23
REL23222,ACC101406,ACC100321,Mule Chain,997405.24,39
REL23223,ACC100913,ACC101060,Mule Chain,558317.62,30
REL23224,ACC101957,ACC100645,Mule Chain,355567.11,50
REL23225,ACC101617,ACC101371,Shared Device,271940.66,11
REL23226,ACC101023,ACC100152,Common IP,956793.59,36
REL23227,ACC101731,ACC100260,Frequent Transactor,231150.17,36
REL23228,ACC100727,ACC100196,Co-holder,434018.93,8
REL23229,ACC101052,ACC100541,Shared Device,555325.62,19
REL23230,ACC100250,ACC100397,Beneficiary,371201.63,31
REL23231,ACC101718,ACC101693,Frequent Transactor,562708.37,7
REL23232,ACC101778,ACC101013,Co-holder,316756.84,45
REL23233,ACC100447,ACC100597,Mule Chain,220825.99,19
REL23234,ACC101813,ACC100973,Shared Device,994687.69,42
REL23235,ACC101485,ACC101185,Common IP,279525.85,21
REL23236,ACC100743,ACC101586,Mule Chain,27553.76,24
REL23237,ACC100294,ACC101293,Co-holder,417308.46,44
REL23238,ACC100493,ACC101130,Frequent Transactor,823595.12,46
REL23239,ACC100765,ACC100838,Mule Chain,258704.0,18
REL23240,ACC101994,ACC101414,Common IP,238154.54,10
REL23241,ACC101142,ACC101486,Shared Device,138444.83,37
REL23242,ACC101244,ACC100968,Shared Device,366546.32,23
REL23243,ACC101627,ACC100710,Beneficiary,18965.48,20
REL23244,ACC101946,ACC101716,Frequent Transactor,772257.39,36
REL23245,ACC101560,ACC100996,Common IP,601242.7,2
REL23246,ACC101605,ACC100574,Shared Device,805340.28,25
REL23247,ACC100082,ACC101590,Co-holder,468709.4,43
REL23248,ACC101944,ACC101220,Common IP,180003.53,18
REL23249,ACC101452,ACC100535,Shared Device,970215.86,15
REL23250,ACC101929,ACC101249,Mule Chain,194001.18,36
REL23251,ACC100275,ACC100015,Beneficiary,881899.25,39
REL23252,ACC100107,ACC100614,Co-holder,545651.8,47
REL23253,ACC100607,ACC101689,Frequent Transactor,783631.95,33
REL23254,ACC101978,ACC101416,Shared Device,294780.26,1
REL23255,ACC101268,ACC100529,Mule Chain,998026.25,17
REL23256,ACC101012,ACC101665,Beneficiary,904759.11,32
REL23257,ACC101276,ACC101577,Common IP,485554.31,32
REL23258,ACC101057,ACC100309,Co-holder,510650.43,28
REL23259,ACC100319,ACC100606,Beneficiary,920329.14,34
REL23260,ACC100398,ACC100148,Common IP,296851.84,37
REL23261,ACC100240,ACC101405,Common IP,442743.39,18
REL23262,ACC100990,ACC100359,Co-holder,35444.97,16
REL23263,ACC101580,ACC101845,Shared Device,198835.38,24
REL23264,ACC100545,ACC101943,Common IP,589626.49,36
REL23265,ACC101335,ACC101956,Mule Chain,321465.33,15
REL23266,ACC100837,ACC100288,Mule Chain,621963.54,32
REL23267,ACC100956,ACC100665,Frequent Transactor,437091.16,47
REL23268,ACC101503,ACC101834,Co-holder,655673.18,40
REL23269,ACC100444,ACC101541,Mule Chain,709410.12,42
REL23270,ACC100703,ACC100755,Beneficiary,575340.58,3
REL23271,ACC100526,ACC101954,Frequent Transactor,715966.95,48
REL23272,ACC101116,ACC100630,Beneficiary,507337.57,47
REL23273,ACC100818,ACC100328,Mule Chain,567533.28,13
REL23274,ACC101271,ACC100797,Co-holder,443570.11,16
REL23275,ACC100525,ACC101380,Common IP,105933.28,42
REL23276,ACC100549,ACC100771,Co-holder,72386.7,42
REL23277,ACC100022,ACC100140,Co-holder,299061.8,11
REL23278,ACC101996,ACC101782,Common IP,483219.32,23
REL23279,ACC100291,ACC101295,Shared Device,826427.98,5
REL23280,ACC100461,ACC100425,Beneficiary,710693.78,15
REL23281,ACC101485,ACC100789,Shared Device,298627.9,25
REL23282,ACC100592,ACC100706,Shared Device,286664.4,24
REL23283,ACC100106,ACC100010,Beneficiary,30773.78,29
REL23284,ACC100926,ACC101685,Common IP,941929.68,30
REL23285,ACC101665,ACC100766,Mule Chain,880996.4,1
REL23286,ACC100479,ACC100630,Shared Device,603092.31,17
REL23287,ACC101404,ACC101810,Frequent Transactor,778140.83,21
REL23288,ACC100262,ACC101245,Shared Device,161073.05,19
REL23289,ACC100629,ACC100104,Shared Device,633167.98,7
REL23290,ACC100038,ACC101474,Shared Device,375683.7,31
REL23291,ACC100317,ACC100588,Frequent Transactor,667989.12,2
REL23292,ACC100683,ACC101416,Common IP,650375.14,28
REL23293,ACC100740,ACC101804,Shared Device,662964.4,34
REL23294,ACC100905,ACC101601,Beneficiary,643564.45,47
REL23295,ACC101726,ACC100905,Co-holder,500642.69,6
REL23296,ACC101157,ACC100494,Common IP,148074.12,36
REL23297,ACC101781,ACC101858,Co-holder,190890.7,30
REL23298,ACC100448,ACC100160,Frequent Transactor,625479.91,39
REL23299,ACC101144,ACC100327,Common IP,573920.38,36
REL23300,ACC101064,ACC100481,Shared Device,6569.46,45
REL23301,ACC100564,ACC100226,Co-holder,604084.5,14
REL23302,ACC100936,ACC101947,Co-holder,749109.37,29
REL23303,ACC100010,ACC101035,Co-holder,232663.34,37
REL23304,ACC100730,ACC100805,Common IP,496876.43,36
REL23305,ACC100545,ACC101192,Mule Chain,124340.98,38
REL23306,ACC101008,ACC101444,Beneficiary,248551.25,10
REL23307,ACC101021,ACC101632,Frequent Transactor,839114.56,8
REL23308,ACC101290,ACC101753,Common IP,491323.05,10
REL23309,ACC101859,ACC100307,Shared Device,242783.52,20
REL23310,ACC101054,ACC100860,Co-holder,771913.93,10
REL23311,ACC101802,ACC101073,Shared Device,335627.19,31
REL23312,ACC101286,ACC101136,Mule Chain,529139.82,49
REL23313,ACC100218,ACC101589,Beneficiary,582357.74,45
REL23314,ACC100821,ACC100361,Mule Chain,626112.56,41
REL23315,ACC100020,ACC101341,Common IP,754867.96,5
REL23316,ACC100778,ACC100526,Common IP,418373.31,28
REL23317,ACC101976,ACC101325,Co-holder,102413.75,16
REL23318,ACC100566,ACC101759,Common IP,907641.53,10
REL23319,ACC101238,ACC101935,Shared Device,416880.98,20
REL23320,ACC101091,ACC100271,Shared Device,673108.58,12
REL23321,ACC101164,ACC101706,Beneficiary,227128.36,11
REL23322,ACC101419,ACC101763,Co-holder,762273.91,5
REL23323,ACC100653,ACC101842,Mule Chain,208293.55,47
REL23324,ACC100711,ACC101488,Co-holder,519377.41,19
REL23325,ACC101952,ACC101812,Shared Device,114159.23,36
REL23326,ACC100126,ACC100369,Frequent Transactor,368605.94,19
REL23327,ACC101574,ACC100026,Beneficiary,515659.69,32
REL23328,ACC101380,ACC101261,Shared Device,67560.0,1
REL23329,ACC100535,ACC101942,Frequent Transactor,733212.87,44
REL23330,ACC100848,ACC101422,Shared Device,58688.91,26
REL23331,ACC101658,ACC100490,Shared Device,17156.42,2
REL23332,ACC100037,ACC100626,Beneficiary,365762.0,24
REL23333,ACC101882,ACC100306,Co-holder,313839.24,25
REL23334,ACC101913,ACC100115,Co-holder,490168.86,12
REL23335,ACC100837,ACC101031,Shared Device,508770.61,15
REL23336,ACC100510,ACC100606,Common IP,374531.47,1
REL23337,ACC101174,ACC100887,Common IP,616921.96,16
REL23338,ACC100001,ACC101176,Beneficiary,749473.0,31
REL23339,ACC100742,ACC100658,Frequent Transactor,656294.72,29
REL23340,ACC101997,ACC101918,Co-holder,660041.56,20
REL23341,ACC101513,ACC101970,Co-holder,514091.74,8
REL23342,ACC100468,ACC100477,Shared Device,15678.43,31
REL23343,ACC100616,ACC100892,Mule Chain,983839.29,26
REL23344,ACC101170,ACC100216,Frequent Transactor,56079.94,22
REL23345,ACC101770,ACC100009,Co-holder,931252.09,47
REL23346,ACC101099,ACC100440,Beneficiary,501268.75,31
REL23347,ACC101013,ACC100788,Co-holder,194388.93,7
REL23348,ACC101815,ACC100894,Frequent Transactor,657342.98,36
REL23349,ACC101409,ACC100896,Beneficiary,647173.52,24
REL23350,ACC101745,ACC101992,Mule Chain,489779.77,29
REL23351,ACC100069,ACC101418,Beneficiary,83647.1,8
REL23352,ACC100021,ACC100817,Frequent Transactor,904243.14,50
REL23353,ACC101674,ACC101338,Common IP,335633.85,4
REL23354,ACC100828,ACC101905,Frequent Transactor,313460.81,39
REL23355,ACC101229,ACC100458,Beneficiary,817492.27,8
REL23356,ACC101963,ACC101422,Mule Chain,64863.27,19
REL23357,ACC101030,ACC101864,Common IP,541427.45,6
REL23358,ACC100554,ACC100696,Co-holder,698654.3,21
REL23359,ACC100824,ACC100093,Beneficiary,421199.59,3
REL23360,ACC100983,ACC100495,Co-holder,439909.85,6
REL23361,ACC101561,ACC100246,Shared Device,539837.58,12
REL23362,ACC101324,ACC100517,Mule Chain,998564.05,21
REL23363,ACC101652,ACC101801,Frequent Transactor,181030.56,46
REL23364,ACC100483,ACC100333,Mule Chain,9724.56,41
REL23365,ACC100232,ACC101854,Shared Device,253036.24,48
REL23366,ACC100218,ACC100916,Mule Chain,476614.13,46
REL23367,ACC100214,ACC101860,Beneficiary,651916.89,45
REL23368,ACC100379,ACC101795,Frequent Transactor,289404.68,2
REL23369,ACC100321,ACC100086,Shared Device,170552.59,45
REL23370,ACC100120,ACC101495,Mule Chain,646926.98,47
REL23371,ACC101027,ACC100505,Common IP,260556.67,33
REL23372,ACC100862,ACC100386,Common IP,858112.53,24
REL23373,ACC100651,ACC101830,Co-holder,828164.49,50
REL23374,ACC101906,ACC101328,Co-holder,745753.28,17
REL23375,ACC100386,ACC101284,Co-holder,868042.87,12
REL23376,ACC101899,ACC101221,Common IP,319322.47,19
REL23377,ACC100132,ACC101465,Common IP,166271.8,21
REL23378,ACC101475,ACC100360,Frequent Transactor,745289.68,48
REL23379,ACC100244,ACC101637,Common IP,907697.63,45
REL23380,ACC101928,ACC100811,Shared Device,818980.7,46
REL23381,ACC101980,ACC100389,Co-holder,401236.06,18
REL23382,ACC100008,ACC101524,Common IP,926201.69,34
REL23383,ACC100069,ACC100088,Beneficiary,197998.61,26
REL23384,ACC101569,ACC100677,Mule Chain,408007.47,34
REL23385,ACC100586,ACC100174,Shared Device,745321.38,28
REL23386,ACC101979,ACC101479,Frequent Transactor,317435.62,40
REL23387,ACC100082,ACC101941,Frequent Transactor,622993.33,24
REL23388,ACC101152,ACC101548,Beneficiary,929434.2,50
REL23389,ACC100190,ACC100501,Co-holder,681630.64,42
REL23390,ACC101214,ACC101757,Beneficiary,418708.69,21
REL23391,ACC101848,ACC100848,Beneficiary,962459.98,26
REL23392,ACC100811,ACC100491,Mule Chain,46071.11,36
REL23393,ACC100020,ACC100336,Beneficiary,256056.09,30
REL23394,ACC100426,ACC100209,Co-holder,449196.34,40
REL23395,ACC101027,ACC100946,Beneficiary,993485.54,48
REL23396,ACC101388,ACC101458,Beneficiary,727687.62,17
REL23397,ACC101976,ACC100811,Frequent Transactor,698781.94,26
REL23398,ACC100380,ACC101871,Beneficiary,713596.88,5
REL23399,ACC100065,ACC100551,Shared Device,936305.62,12
REL23400,ACC101556,ACC101033,Frequent Transactor,75092.6,30
REL23401,ACC101533,ACC100588,Beneficiary,305114.42,39
REL23402,ACC100821,ACC100826,Mule Chain,425350.9,35
REL23403,ACC101171,ACC101303,Co-holder,200309.85,42
REL23404,ACC100012,ACC100215,Mule Chain,208778.11,5
REL23405,ACC101694,ACC101453,Shared Device,677043.32,37
REL23406,ACC100745,ACC101282,Co-holder,388685.38,26
REL23407,ACC101172,ACC100974,Shared Device,343364.0,23
REL23408,ACC100423,ACC101426,Co-holder,767261.38,27
REL23409,ACC100575,ACC101173,Co-holder,648690.62,8
REL23410,ACC101591,ACC101158,Co-holder,430697.13,47
REL23411,ACC101745,ACC101033,Shared Device,399893.47,2
REL23412,ACC101444,ACC101123,Frequent Transactor,721261.92,11
REL23413,ACC100720,ACC101822,Frequent Transactor,640801.45,6
REL23414,ACC101903,ACC100448,Mule Chain,619167.0,38
REL23415,ACC101023,ACC100976,Mule Chain,753682.83,4
REL23416,ACC101176,ACC101813,Beneficiary,68708.33,36
REL23417,ACC100632,ACC100127,Co-holder,677676.61,24
REL23418,ACC100990,ACC101398,Mule Chain,818382.49,16
REL23419,ACC100736,ACC100846,Frequent Transactor,813487.75,39
REL23420,ACC101543,ACC101394,Frequent Transactor,431495.7,42
REL23421,ACC101108,ACC100388,Co-holder,14797.3,26
REL23422,ACC101657,ACC100651,Frequent Transactor,109631.53,33
REL23423,ACC101584,ACC100023,Common IP,221607.05,17
REL23424,ACC101942,ACC100181,Mule Chain,646396.96,30
REL23425,ACC100754,ACC101544,Common IP,586768.81,28
REL23426,ACC100252,ACC101319,Common IP,156078.7,17
REL23427,ACC100124,ACC100541,Frequent Transactor,439901.26,36
REL23428,ACC100344,ACC101348,Frequent Transactor,632374.38,13
REL23429,ACC101967,ACC100505,Frequent Transactor,329130.91,4
REL23430,ACC100842,ACC101305,Co-holder,611380.99,27
REL23431,ACC100557,ACC101830,Mule Chain,12667.32,29
REL23432,ACC100168,ACC100358,Frequent Transactor,99684.63,13
REL23433,ACC101980,ACC101677,Common IP,853393.39,30
REL23434,ACC101814,ACC100243,Mule Chain,829034.99,29
REL23435,ACC100053,ACC101070,Mule Chain,582612.41,47
REL23436,ACC100227,ACC101472,Common IP,333047.67,13
REL23437,ACC101567,ACC101509,Beneficiary,502325.71,29
REL23438,ACC100196,ACC101931,Mule Chain,308835.8,41
REL23439,ACC100074,ACC101412,Shared Device,775777.19,37
REL23440,ACC100957,ACC101865,Beneficiary,656034.02,41
REL23441,ACC100176,ACC100432,Common IP,288396.63,49
REL23442,ACC100767,ACC100710,Mule Chain,153597.39,24
REL23443,ACC101640,ACC101020,Co-holder,934599.56,47
REL23444,ACC100669,ACC100011,Frequent Transactor,855711.45,30
REL23445,ACC100570,ACC101248,Frequent Transactor,286098.79,12
REL23446,ACC100466,ACC101286,Beneficiary,462305.03,6
REL23447,ACC101796,ACC101941,Shared Device,959114.02,4
REL23448,ACC100700,ACC100947,Beneficiary,121081.93,29
REL23449,ACC101270,ACC101685,Mule Chain,661347.91,6
REL23450,ACC101328,ACC100709,Beneficiary,867369.28,3
REL23451,ACC101212,ACC101138,Co-holder,259181.35,8
REL23452,ACC101055,ACC100284,Co-holder,115197.28,39
REL23453,ACC101043,ACC101223,Frequent Transactor,911543.88,22
REL23454,ACC100297,ACC101971,Co-holder,574094.3,36
REL23455,ACC101505,ACC100197,Beneficiary,549132.7,30
REL23456,ACC100156,ACC100023,Co-holder,588266.85,46
REL23457,ACC101701,ACC100800,Mule Chain,325252.99,50
REL23458,ACC100158,ACC100611,Co-holder,348307.99,34
REL23459,ACC101196,ACC101443,Mule Chain,681250.96,40
REL23460,ACC101624,ACC100805,Mule Chain,76227.7,31
REL23461,ACC100954,ACC101427,Frequent Transactor,522359.6,15
REL23462,ACC100058,ACC101527,Co-holder,123981.13,6
REL23463,ACC100362,ACC100841,Shared Device,239604.99,17
REL23464,ACC100329,ACC100441,Common IP,980488.13,8
REL23465,ACC101821,ACC101179,Co-holder,426181.66,44
REL23466,ACC100088,ACC100095,Beneficiary,919458.91,33
REL23467,ACC100995,ACC101543,Common IP,301803.96,48
REL23468,ACC101199,ACC101289,Shared Device,647650.86,23
REL23469,ACC101864,ACC100497,Frequent Transactor,107641.03,10
REL23470,ACC101951,ACC101847,Shared Device,6235.35,26
REL23471,ACC100807,ACC101029,Beneficiary,6949.22,31
REL23472,ACC100636,ACC100251,Shared Device,928123.56,43
REL23473,ACC101518,ACC101149,Mule Chain,510963.35,29
REL23474,ACC101780,ACC100926,Mule Chain,124077.52,34
REL23475,ACC100988,ACC101153,Shared Device,439412.08,5
REL23476,ACC100155,ACC100216,Mule Chain,186035.26,29
REL23477,ACC101707,ACC101133,Common IP,353117.86,36
REL23478,ACC101380,ACC100381,Frequent Transactor,33585.21,28
REL23479,ACC100327,ACC100835,Frequent Transactor,805687.4,9
REL23480,ACC100788,ACC100302,Beneficiary,21261.17,43
REL23481,ACC101280,ACC101717,Mule Chain,681653.65,2
REL23482,ACC100304,ACC101692,Common IP,402901.3,48
REL23483,ACC100333,ACC100603,Shared Device,860804.88,42
REL23484,ACC101115,ACC101629,Co-holder,820255.2,9
REL23485,ACC100627,ACC101207,Beneficiary,823834.47,4
REL23486,ACC100881,ACC101246,Beneficiary,213511.08,10
REL23487,ACC100098,ACC101311,Mule Chain,209049.47,44
REL23488,ACC100693,ACC100620,Frequent Transactor,232540.85,13
REL23489,ACC101051,ACC100727,Frequent Transactor,862259.73,30
REL23490,ACC101164,ACC101013,Frequent Transactor,191444.18,20
REL23491,ACC101738,ACC101198,Frequent Transactor,761152.06,46
REL23492,ACC101017,ACC100660,Frequent Transactor,994555.29,46
REL23493,ACC101949,ACC100028,Beneficiary,254817.24,50
REL23494,ACC100684,ACC101306,Mule Chain,492191.91,4
REL23495,ACC101609,ACC101357,Frequent Transactor,893761.66,31
REL23496,ACC100937,ACC101874,Mule Chain,214133.37,25
REL23497,ACC100825,ACC100749,Beneficiary,421005.34,12
REL23498,ACC100190,ACC100289,Co-holder,96714.6,30
REL23499,ACC100172,ACC100810,Beneficiary,19514.62,10
REL23500,ACC101815,ACC101661,Beneficiary,562751.83,41
REL23501,ACC101519,ACC101415,Mule Chain,347560.81,2
REL23502,ACC100085,ACC101654,Frequent Transactor,786745.1,5
REL23503,ACC100193,ACC101795,Co-holder,737341.5,6
REL23504,ACC100925,ACC101840,Beneficiary,100991.68,29
REL23505,ACC101671,ACC101044,Co-holder,776393.87,6
REL23506,ACC101955,ACC101316,Common IP,787303.6,36
REL23507,ACC100897,ACC101498,Mule Chain,94587.15,43
REL23508,ACC101687,ACC101691,Co-holder,812568.71,8
REL23509,ACC100102,ACC100521,Co-holder,365289.46,24
REL23510,ACC100398,ACC100154,Beneficiary,642865.8,1
REL23511,ACC101353,ACC101679,Frequent Transactor,862393.77,31
REL23512,ACC101556,ACC100131,Frequent Transactor,40946.34,22
REL23513,ACC101032,ACC100385,Shared Device,351422.87,9
REL23514,ACC100919,ACC101973,Co-holder,667806.22,35
REL23515,ACC100377,ACC101887,Shared Device,568008.57,49
REL23516,ACC100697,ACC101028,Common IP,886317.47,22
REL23517,ACC100196,ACC101492,Mule Chain,725938.4,11
REL23518,ACC101474,ACC100546,Beneficiary,609043.15,34
REL23519,ACC101410,ACC101036,Co-holder,59223.64,45
REL23520,ACC101210,ACC100438,Beneficiary,404784.87,29
REL23521,ACC100604,ACC101311,Common IP,270097.02,33
REL23522,ACC100580,ACC101428,Common IP,436362.71,1
REL23523,ACC101220,ACC100407,Common IP,780687.19,43
REL23524,ACC100500,ACC100793,Co-holder,173400.38,24
REL23525,ACC100923,ACC101507,Common IP,18102.39,18
REL23526,ACC100342,ACC100926,Shared Device,452465.11,29
REL23527,ACC101560,ACC100241,Common IP,65018.39,30
REL23528,ACC101819,ACC101046,Frequent Transactor,380737.46,13
REL23529,ACC101907,ACC100211,Co-holder,502778.86,41
REL23530,ACC101143,ACC100214,Mule Chain,596319.98,37
REL23531,ACC100096,ACC101639,Frequent Transactor,686095.26,33
REL23532,ACC100766,ACC100666,Co-holder,384146.56,30
REL23533,ACC100321,ACC100075,Frequent Transactor,451009.68,6
REL23534,ACC101294,ACC101695,Mule Chain,756871.65,33
REL23535,ACC101916,ACC100144,Mule Chain,246934.43,12
REL23536,ACC100581,ACC100234,Mule Chain,320885.54,37
REL23537,ACC100871,ACC100010,Frequent Transactor,723850.8,16
REL23538,ACC101976,ACC100632,Shared Device,755774.06,50
REL23539,ACC101384,ACC100389,Co-holder,525659.75,37
REL23540,ACC101563,ACC101660,Frequent Transactor,583757.93,32
REL23541,ACC101662,ACC100938,Co-holder,473649.0,37
REL23542,ACC100846,ACC100926,Frequent Transactor,866688.23,46
REL23543,ACC101439,ACC100533,Co-holder,834279.01,10
REL23544,ACC100750,ACC101744,Frequent Transactor,693580.1,16
REL23545,ACC101882,ACC100968,Frequent Transactor,799811.81,39
REL23546,ACC100218,ACC100168,Frequent Transactor,408010.44,21
REL23547,ACC100405,ACC101629,Co-holder,478695.38,22
REL23548,ACC100581,ACC100859,Mule Chain,558669.24,3
REL23549,ACC100810,ACC100216,Co-holder,660904.55,47
REL23550,ACC100377,ACC101452,Common IP,503451.73,14
REL23551,ACC101178,ACC101767,Co-holder,491066.33,24
REL23552,ACC101405,ACC101681,Co-holder,186597.02,39
REL23553,ACC101104,ACC101862,Beneficiary,885768.54,2
REL23554,ACC100952,ACC101353,Frequent Transactor,298807.1,46
REL23555,ACC101204,ACC101505,Frequent Transactor,555790.04,44
REL23556,ACC100206,ACC100890,Mule Chain,94289.24,10
REL23557,ACC101892,ACC101232,Mule Chain,524969.52,10
REL23558,ACC100462,ACC101621,Common IP,849028.25,7
REL23559,ACC100639,ACC101920,Frequent Transactor,731801.5,1
REL23560,ACC100591,ACC101323,Co-holder,541906.35,7
REL23561,ACC101835,ACC100718,Co-holder,90983.51,12
REL23562,ACC100013,ACC101780,Co-holder,429854.51,29
REL23563,ACC100153,ACC101884,Beneficiary,368081.96,24
REL23564,ACC100815,ACC100697,Frequent Transactor,261393.41,43
REL23565,ACC100785,ACC100906,Co-holder,365205.46,22
REL23566,ACC100075,ACC100707,Co-holder,53369.17,45
REL23567,ACC100948,ACC100274,Mule Chain,378233.32,19
REL23568,ACC101959,ACC100980,Beneficiary,555494.74,1
REL23569,ACC101256,ACC100260,Shared Device,11764.73,28
REL23570,ACC100986,ACC100166,Common IP,300174.32,46
REL23571,ACC100896,ACC100324,Mule Chain,324559.32,8
REL23572,ACC101314,ACC101858,Common IP,765060.3,11
REL23573,ACC101344,ACC101428,Mule Chain,171573.69,35
REL23574,ACC101128,ACC100636,Beneficiary,535000.96,39
REL23575,ACC101573,ACC101954,Beneficiary,674128.15,12
REL23576,ACC101797,ACC100909,Co-holder,113142.25,5
REL23577,ACC101768,ACC100482,Frequent Transactor,348017.9,47
REL23578,ACC100920,ACC100889,Co-holder,501208.79,36
REL23579,ACC100305,ACC100488,Beneficiary,360756.4,15
REL23580,ACC100729,ACC100408,Mule Chain,459376.87,38
REL23581,ACC100286,ACC100456,Beneficiary,80311.85,40
REL23582,ACC101214,ACC100583,Frequent Transactor,223856.19,4
REL23583,ACC101251,ACC101576,Common IP,719139.65,36
REL23584,ACC101994,ACC101805,Co-holder,510931.9,5
REL23585,ACC101348,ACC100614,Common IP,363432.9,43
REL23586,ACC101027,ACC101643,Shared Device,313372.65,33
REL23587,ACC100442,ACC101084,Co-holder,803290.07,17
REL23588,ACC101317,ACC100947,Frequent Transactor,637882.66,33
REL23589,ACC101669,ACC100847,Mule Chain,422142.75,30
REL23590,ACC101181,ACC100521,Mule Chain,189264.64,21
REL23591,ACC101339,ACC101161,Beneficiary,728405.27,18
REL23592,ACC100305,ACC100289,Mule Chain,75208.21,19
REL23593,ACC101190,ACC101786,Frequent Transactor,533480.29,5
REL23594,ACC100949,ACC100367,Mule Chain,811081.99,24
REL23595,ACC101057,ACC100121,Mule Chain,733955.62,46
REL23596,ACC101005,ACC100272,Co-holder,502269.81,40
REL23597,ACC100833,ACC101826,Mule Chain,214342.31,27
REL23598,ACC101675,ACC100605,Shared Device,337689.97,39
REL23599,ACC101778,ACC101487,Frequent Transactor,466943.25,31
REL23600,ACC101730,ACC101034,Beneficiary,698816.68,6
REL23601,ACC100420,ACC101501,Co-holder,947478.12,9
REL23602,ACC100307,ACC100115,Co-holder,817685.46,47
REL23603,ACC100434,ACC100409,Co-holder,798211.5,26
REL23604,ACC101847,ACC100831,Frequent Transactor,184025.73,31
REL23605,ACC100698,ACC101232,Beneficiary,910519.29,47
REL23606,ACC101951,ACC101900,Beneficiary,265567.41,10
REL23607,ACC100720,ACC100476,Common IP,247171.09,47
REL23608,ACC101023,ACC101189,Shared Device,26568.3,21
REL23609,ACC101620,ACC100505,Frequent Transactor,924665.24,41
REL23610,ACC101123,ACC101347,Common IP,86868.31,39
REL23611,ACC100642,ACC100977,Common IP,547946.9,10
REL23612,ACC100431,ACC100048,Co-holder,905698.48,20
REL23613,ACC100702,ACC101345,Common IP,607535.09,13
REL23614,ACC100098,ACC101409,Beneficiary,97767.76,44
REL23615,ACC100279,ACC100371,Frequent Transactor,401502.46,35
REL23616,ACC100897,ACC100121,Co-holder,661238.31,6
REL23617,ACC100711,ACC101771,Shared Device,187684.53,34
REL23618,ACC100243,ACC100772,Shared Device,846237.34,31
REL23619,ACC101638,ACC100988,Beneficiary,135329.99,49
REL23620,ACC101341,ACC101986,Beneficiary,631593.44,19
REL23621,ACC100816,ACC101760,Beneficiary,86375.4,23
REL23622,ACC100957,ACC100518,Shared Device,983054.01,33
REL23623,ACC100786,ACC100785,Mule Chain,84083.99,46
REL23624,ACC100587,ACC101084,Common IP,753793.47,43
REL23625,ACC100748,ACC101251,Mule Chain,341211.76,27
REL23626,ACC100250,ACC101650,Frequent Transactor,246909.48,29
REL23627,ACC100619,ACC101128,Co-holder,100185.64,17
REL23628,ACC100612,ACC100712,Co-holder,677774.75,2
REL23629,ACC101703,ACC100289,Frequent Transactor,41333.14,22
REL23630,ACC100426,ACC100501,Frequent Transactor,951832.73,19
REL23631,ACC100024,ACC101417,Frequent Transactor,823720.58,30
REL23632,ACC101680,ACC101170,Common IP,386460.56,33
REL23633,ACC101154,ACC100135,Beneficiary,564377.86,26
REL23634,ACC100746,ACC101406,Frequent Transactor,564726.23,46
REL23635,ACC100205,ACC100980,Beneficiary,575012.08,41
REL23636,ACC101838,ACC100450,Shared Device,188623.4,38
REL23637,ACC100917,ACC101031,Beneficiary,473747.42,2
REL23638,ACC101989,ACC101699,Shared Device,259913.83,4
REL23639,ACC101841,ACC100897,Shared Device,445991.46,46
REL23640,ACC101731,ACC100118,Frequent Transactor,297116.09,10
REL23641,ACC101650,ACC100722,Common IP,156059.09,48
REL23642,ACC100784,ACC101267,Beneficiary,583129.37,50
REL23643,ACC100663,ACC100475,Common IP,817217.19,42
REL23644,ACC101442,ACC100253,Frequent Transactor,467759.22,19
REL23645,ACC100626,ACC100460,Frequent Transactor,195345.01,41
REL23646,ACC100354,ACC100043,Shared Device,114383.01,17
REL23647,ACC100064,ACC101792,Frequent Transactor,516305.88,8
REL23648,ACC101138,ACC100823,Common IP,898227.56,12
REL23649,ACC100294,ACC100409,Beneficiary,587784.51,28
REL23650,ACC100056,ACC100706,Mule Chain,694407.99,43
REL23651,ACC101784,ACC101421,Shared Device,420053.0,45
REL23652,ACC101677,ACC101733,Mule Chain,301103.59,33
REL23653,ACC101278,ACC101007,Beneficiary,287164.96,33
REL23654,ACC100339,ACC101988,Shared Device,289995.75,29
REL23655,ACC100232,ACC100314,Co-holder,776059.55,19
REL23656,ACC100324,ACC101567,Co-holder,927580.79,10
REL23657,ACC100548,ACC100438,Co-holder,93172.05,19
REL23658,ACC100064,ACC101045,Mule Chain,845897.95,46
REL23659,ACC100834,ACC101936,Co-holder,243555.57,6
REL23660,ACC101980,ACC101131,Shared Device,931740.69,38
REL23661,ACC100010,ACC100216,Beneficiary,777750.17,19
REL23662,ACC101684,ACC101636,Frequent Transactor,70476.56,20
REL23663,ACC100027,ACC100211,Beneficiary,141019.61,47
REL23664,ACC101636,ACC100672,Common IP,59581.8,3
REL23665,ACC101957,ACC101716,Common IP,956355.73,47
REL23666,ACC100816,ACC101290,Beneficiary,866094.35,17
REL23667,ACC101430,ACC100205,Co-holder,849255.15,7
REL23668,ACC101376,ACC100411,Beneficiary,540710.93,39
REL23669,ACC101252,ACC101952,Beneficiary,962893.7,45
REL23670,ACC100704,ACC101579,Common IP,882011.45,31
REL23671,ACC101303,ACC100336,Common IP,380953.1,6
REL23672,ACC100136,ACC101415,Frequent Transactor,902768.26,19
REL23673,ACC100148,ACC100519,Beneficiary,699530.23,29
REL23674,ACC101841,ACC100625,Shared Device,60320.25,17
REL23675,ACC101599,ACC101353,Co-holder,201291.8,47
REL23676,ACC101713,ACC101499,Frequent Transactor,84616.06,47
REL23677,ACC101419,ACC100021,Frequent Transactor,600032.88,34
REL23678,ACC101705,ACC100623,Shared Device,911864.88,14
REL23679,ACC101273,ACC101844,Mule Chain,65373.09,42
REL23680,ACC101147,ACC101188,Beneficiary,373615.35,29
REL23681,ACC100164,ACC101393,Co-holder,652633.62,45
REL23682,ACC100624,ACC100486,Co-holder,338931.5,15
REL23683,ACC100281,ACC100501,Mule Chain,444383.67,15
REL23684,ACC100400,ACC100937,Shared Device,121663.15,1
REL23685,ACC101996,ACC100373,Beneficiary,826625.21,41
REL23686,ACC101770,ACC100269,Common IP,666851.77,10
REL23687,ACC100877,ACC100811,Beneficiary,142093.88,42
REL23688,ACC101731,ACC101599,Mule Chain,803952.44,19
REL23689,ACC101770,ACC101120,Frequent Transactor,249856.5,8
REL23690,ACC100317,ACC101708,Mule Chain,256387.37,1
REL23691,ACC101542,ACC101970,Common IP,263606.4,45
REL23692,ACC101311,ACC100783,Shared Device,313509.76,44
REL23693,ACC100609,ACC101289,Beneficiary,670556.11,6
REL23694,ACC101447,ACC100385,Mule Chain,816675.87,47
REL23695,ACC101972,ACC100117,Co-holder,72167.75,35
REL23696,ACC101572,ACC100519,Mule Chain,352968.13,23
REL23697,ACC101147,ACC101194,Mule Chain,975250.2,19
REL23698,ACC101594,ACC101030,Shared Device,705021.31,23
REL23699,ACC101242,ACC100126,Co-holder,719524.84,38
REL23700,ACC100267,ACC101196,Common IP,155887.89,12
REL23701,ACC100152,ACC101992,Beneficiary,165608.22,20
REL23702,ACC101063,ACC100566,Common IP,461811.99,49
REL23703,ACC100858,ACC100536,Frequent Transactor,466127.16,16
REL23704,ACC100164,ACC101936,Beneficiary,98541.56,4
REL23705,ACC101039,ACC101281,Shared Device,963446.48,32
REL23706,ACC101104,ACC100456,Beneficiary,405132.23,7
REL23707,ACC101134,ACC101042,Beneficiary,351240.01,17
REL23708,ACC100498,ACC100592,Common IP,676853.24,10
REL23709,ACC100609,ACC101965,Mule Chain,987976.25,26
REL23710,ACC101045,ACC100011,Frequent Transactor,488842.38,4
REL23711,ACC101130,ACC100422,Shared Device,462895.46,38
REL23712,ACC100963,ACC101543,Frequent Transactor,39235.29,18
REL23713,ACC101410,ACC100019,Shared Device,975014.24,13
REL23714,ACC100369,ACC100235,Common IP,476653.46,30
REL23715,ACC100733,ACC100143,Beneficiary,821008.23,44
REL23716,ACC100828,ACC101260,Beneficiary,277521.81,1
REL23717,ACC101016,ACC100827,Common IP,745862.71,10
REL23718,ACC100402,ACC100216,Common IP,885416.13,50
REL23719,ACC100751,ACC100914,Co-holder,118935.9,8
REL23720,ACC100110,ACC100311,Mule Chain,355576.64,19
REL23721,ACC100608,ACC100829,Beneficiary,541888.21,6
REL23722,ACC100462,ACC101733,Common IP,992895.6,28
REL23723,ACC101237,ACC100927,Common IP,63528.64,43
REL23724,ACC101368,ACC101276,Mule Chain,173244.59,35
REL23725,ACC101573,ACC100755,Shared Device,406335.43,12
REL23726,ACC100998,ACC101768,Frequent Transactor,649000.05,29
REL23727,ACC101731,ACC100075,Frequent Transactor,380073.59,16
REL23728,ACC101239,ACC101815,Beneficiary,220628.73,26
REL23729,ACC100832,ACC101859,Beneficiary,102913.76,9
REL23730,ACC101362,ACC100257,Co-holder,306243.81,14
REL23731,ACC100142,ACC101237,Shared Device,483287.43,2
REL23732,ACC100819,ACC100284,Frequent Transactor,349891.35,44
REL23733,ACC101020,ACC101962,Mule Chain,750784.42,35
REL23734,ACC100177,ACC101109,Beneficiary,337055.22,37
REL23735,ACC100685,ACC101556,Beneficiary,371696.82,47
REL23736,ACC100203,ACC101577,Co-holder,360912.54,26
REL23737,ACC100191,ACC101753,Beneficiary,864798.48,12
REL23738,ACC100083,ACC100901,Shared Device,502530.6,12
REL23739,ACC101797,ACC101914,Co-holder,823122.08,3
REL23740,ACC100945,ACC101774,Mule Chain,147593.95,3
REL23741,ACC100935,ACC100040,Beneficiary,200851.32,12
REL23742,ACC100012,ACC101608,Common IP,155353.99,28
REL23743,ACC101632,ACC100467,Beneficiary,632329.74,25
REL23744,ACC101673,ACC100086,Co-holder,23498.02,44
REL23745,ACC101062,ACC101628,Common IP,329754.9,38
REL23746,ACC101946,ACC100610,Common IP,81259.39,6
REL23747,ACC101561,ACC100079,Mule Chain,123125.35,21
REL23748,ACC100427,ACC101133,Mule Chain,111268.69,8
REL23749,ACC100726,ACC100494,Shared Device,831421.63,34
REL23750,ACC100414,ACC100097,Mule Chain,808725.07,14
REL23751,ACC100902,ACC101989,Common IP,479448.53,27
REL23752,ACC100625,ACC100545,Mule Chain,623128.15,41
REL23753,ACC101622,ACC100190,Mule Chain,6959.85,38
REL23754,ACC101474,ACC101322,Mule Chain,227698.65,29
REL23755,ACC101605,ACC101798,Frequent Transactor,486500.92,4
REL23756,ACC100449,ACC100747,Beneficiary,515348.78,31
REL23757,ACC100146,ACC101938,Shared Device,624991.18,16
REL23758,ACC100250,ACC101271,Co-holder,797528.53,4
REL23759,ACC100982,ACC100785,Frequent Transactor,75985.92,44
REL23760,ACC100082,ACC100047,Beneficiary,758233.7,42
REL23761,ACC101914,ACC100449,Shared Device,363819.73,12
REL23762,ACC101064,ACC100860,Shared Device,88237.16,8
REL23763,ACC100427,ACC101848,Mule Chain,689037.23,31
REL23764,ACC100052,ACC100623,Mule Chain,761149.95,39
REL23765,ACC100213,ACC100898,Shared Device,554459.83,13
REL23766,ACC100080,ACC101833,Mule Chain,130608.46,49
REL23767,ACC101670,ACC100212,Frequent Transactor,48967.78,14
REL23768,ACC101044,ACC101715,Co-holder,533908.02,6
REL23769,ACC101884,ACC101606,Mule Chain,705804.59,24
REL23770,ACC100798,ACC101893,Beneficiary,688189.35,13
REL23771,ACC100748,ACC101193,Co-holder,152668.66,14
REL23772,ACC101402,ACC100146,Mule Chain,915243.64,13
REL23773,ACC101843,ACC100866,Shared Device,591589.87,12
REL23774,ACC101275,ACC100990,Common IP,979935.57,28
REL23775,ACC101197,ACC101688,Shared Device,546649.5,19
REL23776,ACC100998,ACC101535,Frequent Transactor,636852.9,42
REL23777,ACC101223,ACC100522,Shared Device,438088.39,49
REL23778,ACC100801,ACC101793,Shared Device,744228.76,16
REL23779,ACC101691,ACC100938,Co-holder,947084.54,2
REL23780,ACC100188,ACC101019,Shared Device,851724.36,16
REL23781,ACC100539,ACC101951,Mule Chain,772209.92,32
REL23782,ACC101101,ACC101828,Common IP,16016.58,35
REL23783,ACC101193,ACC100004,Co-holder,686248.18,10
REL23784,ACC101219,ACC101573,Common IP,209786.88,47
REL23785,ACC100302,ACC101878,Mule Chain,502029.84,25
REL23786,ACC101143,ACC100436,Beneficiary,91019.32,10
REL23787,ACC101667,ACC100012,Common IP,254737.13,48
REL23788,ACC101986,ACC101617,Common IP,159904.98,27
REL23789,ACC100499,ACC100619,Beneficiary,192314.03,5
REL23790,ACC100377,ACC100246,Common IP,839385.86,46
REL23791,ACC101199,ACC100055,Shared Device,61089.29,38
REL23792,ACC100403,ACC101190,Common IP,791712.49,37
REL23793,ACC101990,ACC101912,Common IP,30497.47,26
REL23794,ACC101419,ACC101298,Shared Device,663279.73,10
REL23795,ACC101124,ACC100942,Frequent Transactor,17765.82,45
REL23796,ACC100986,ACC100806,Mule Chain,333003.57,40
REL23797,ACC101887,ACC101578,Co-holder,180117.93,7
REL23798,ACC100574,ACC101230,Mule Chain,386303.87,6
REL23799,ACC101763,ACC101420,Beneficiary,164843.74,5
REL23800,ACC101236,ACC100592,Common IP,512024.0,45
REL23801,ACC101011,ACC100693,Co-holder,996222.91,44
REL23802,ACC101106,ACC100438,Co-holder,206005.97,13
REL23803,ACC100512,ACC100175,Shared Device,699193.56,16
REL23804,ACC100413,ACC100492,Shared Device,175458.88,43
REL23805,ACC101960,ACC100613,Co-holder,385775.64,39
REL23806,ACC101959,ACC101477,Mule Chain,486660.82,16
REL23807,ACC101600,ACC101973,Mule Chain,860616.05,36
REL23808,ACC101972,ACC100334,Frequent Transactor,660743.44,8
REL23809,ACC100651,ACC100718,Common IP,49932.97,32
REL23810,ACC100725,ACC101332,Mule Chain,20290.1,8
REL23811,ACC101472,ACC101614,Shared Device,417408.89,16
REL23812,ACC101344,ACC100295,Frequent Transactor,305527.41,48
REL23813,ACC100823,ACC100654,Beneficiary,283162.9,39
REL23814,ACC101982,ACC101087,Common IP,865617.29,38
REL23815,ACC100069,ACC101413,Co-holder,341998.49,11
REL23816,ACC100969,ACC100330,Frequent Transactor,304262.09,34
REL23817,ACC101363,ACC101993,Frequent Transactor,957906.87,6
REL23818,ACC100310,ACC100136,Beneficiary,922491.32,24
REL23819,ACC100685,ACC100862,Co-holder,291176.57,47
REL23820,ACC100744,ACC100975,Common IP,459007.07,4
REL23821,ACC100008,ACC101137,Frequent Transactor,840674.47,2
REL23822,ACC101970,ACC101361,Shared Device,45355.01,23
REL23823,ACC101098,ACC101280,Beneficiary,277584.99,33
REL23824,ACC100688,ACC100374,Mule Chain,93671.28,35
REL23825,ACC101211,ACC101245,Shared Device,194634.39,9
REL23826,ACC100295,ACC100616,Mule Chain,551062.94,38
REL23827,ACC100903,ACC100431,Shared Device,390921.36,26
REL23828,ACC100132,ACC100850,Frequent Transactor,76800.75,3
REL23829,ACC100960,ACC101271,Beneficiary,677184.56,23
REL23830,ACC101962,ACC100020,Shared Device,647492.03,23
REL23831,ACC100531,ACC101881,Shared Device,586842.45,24
REL23832,ACC101849,ACC100966,Shared Device,732712.41,26
REL23833,ACC101633,ACC101792,Frequent Transactor,990206.3,21
REL23834,ACC101820,ACC101946,Co-holder,185595.87,49
REL23835,ACC101425,ACC101803,Co-holder,846497.04,49
REL23836,ACC101242,ACC100547,Frequent Transactor,774646.85,46
REL23837,ACC100770,ACC101418,Co-holder,663253.55,32
REL23838,ACC101402,ACC100829,Beneficiary,278897.21,34
REL23839,ACC101036,ACC100671,Mule Chain,853966.05,3
REL23840,ACC100661,ACC100412,Mule Chain,263231.9,10
REL23841,ACC100770,ACC100692,Common IP,850136.41,36
REL23842,ACC100383,ACC100972,Co-holder,506643.07,8
REL23843,ACC101900,ACC101675,Beneficiary,13791.54,41
REL23844,ACC101092,ACC101027,Beneficiary,51243.01,4
REL23845,ACC100342,ACC101662,Shared Device,620690.38,40
REL23846,ACC100109,ACC101824,Co-holder,447337.28,23
REL23847,ACC101884,ACC101108,Mule Chain,912067.8,4
REL23848,ACC101313,ACC100942,Common IP,146459.04,16
REL23849,ACC100763,ACC101115,Co-holder,442683.66,10
REL23850,ACC101059,ACC101911,Frequent Transactor,720167.73,22
REL23851,ACC101721,ACC101070,Shared Device,435355.57,7
REL23852,ACC100681,ACC100066,Mule Chain,4766.96,6
REL23853,ACC101284,ACC100483,Co-holder,83589.91,11
REL23854,ACC101094,ACC100489,Co-holder,608411.59,3
REL23855,ACC100041,ACC100308,Co-holder,967501.16,47
REL23856,ACC101811,ACC100879,Mule Chain,785038.87,41
REL23857,ACC101216,ACC101909,Mule Chain,342813.78,35
REL23858,ACC101566,ACC101187,Beneficiary,899399.19,44
REL23859,ACC100187,ACC100532,Mule Chain,463344.17,22
REL23860,ACC101222,ACC101037,Beneficiary,581990.16,50
REL23861,ACC101423,ACC100224,Shared Device,140792.05,33
REL23862,ACC101160,ACC100292,Shared Device,668322.4,22
REL23863,ACC101512,ACC101748,Frequent Transactor,946657.2,12
REL23864,ACC101949,ACC100984,Beneficiary,732098.61,39
REL23865,ACC101664,ACC100538,Frequent Transactor,413343.74,48
REL23866,ACC100066,ACC100804,Co-holder,841453.1,34
REL23867,ACC100485,ACC100949,Frequent Transactor,227732.68,13
REL23868,ACC101617,ACC101245,Co-holder,715120.31,32
REL23869,ACC101484,ACC100852,Co-holder,971314.8,12
REL23870,ACC100300,ACC100397,Co-holder,226934.44,9
REL23871,ACC101875,ACC100324,Frequent Transactor,209991.64,4
REL23872,ACC100956,ACC101887,Beneficiary,24279.12,42
REL23873,ACC100744,ACC101641,Common IP,476926.75,9
REL23874,ACC101828,ACC100867,Co-holder,41555.06,37
REL23875,ACC100076,ACC101951,Mule Chain,615759.11,3
REL23876,ACC100944,ACC101135,Frequent Transactor,161707.63,48
REL23877,ACC101790,ACC101365,Frequent Transactor,399869.91,20
REL23878,ACC101620,ACC101464,Shared Device,39700.76,36
REL23879,ACC101329,ACC101565,Shared Device,882826.04,50
REL23880,ACC100857,ACC101731,Beneficiary,53424.62,15
REL23881,ACC101982,ACC101280,Shared Device,846734.17,24
REL23882,ACC100778,ACC101120,Mule Chain,860731.35,14
REL23883,ACC100572,ACC101906,Co-holder,101316.14,43
REL23884,ACC100243,ACC100426,Beneficiary,653303.17,13
REL23885,ACC101209,ACC100724,Common IP,995689.29,39
REL23886,ACC100302,ACC101698,Co-holder,999850.52,17
REL23887,ACC100785,ACC101123,Frequent Transactor,423191.23,1
REL23888,ACC100317,ACC100890,Shared Device,504046.11,46
REL23889,ACC100442,ACC100910,Frequent Transactor,350911.11,6
REL23890,ACC101667,ACC101935,Beneficiary,22353.55,39
REL23891,ACC100347,ACC101560,Beneficiary,836399.75,8
REL23892,ACC100227,ACC100294,Mule Chain,338786.46,30
REL23893,ACC100469,ACC100694,Shared Device,330053.9,10
REL23894,ACC100636,ACC101554,Beneficiary,757526.71,13
REL23895,ACC101632,ACC100935,Co-holder,645911.99,13
REL23896,ACC101903,ACC100137,Common IP,203120.82,4
REL23897,ACC101111,ACC100757,Common IP,350834.33,3
REL23898,ACC100638,ACC102000,Shared Device,585289.09,32
REL23899,ACC100811,ACC100710,Beneficiary,660525.33,40
REL23900,ACC100619,ACC100141,Co-holder,471606.48,24
REL23901,ACC101102,ACC100286,Mule Chain,102315.88,22
REL23902,ACC101942,ACC101095,Co-holder,270481.15,3
REL23903,ACC101676,ACC100368,Co-holder,28596.48,50
REL23904,ACC100883,ACC101122,Frequent Transactor,961423.23,31
REL23905,ACC101636,ACC100545,Mule Chain,411865.09,42
REL23906,ACC101847,ACC100590,Common IP,382483.81,36
REL23907,ACC100124,ACC100742,Beneficiary,751877.5,44
REL23908,ACC100818,ACC100470,Beneficiary,705748.56,18
REL23909,ACC101604,ACC100176,Beneficiary,245621.52,21
REL23910,ACC100391,ACC101345,Shared Device,430923.41,31
REL23911,ACC100952,ACC100339,Beneficiary,217678.89,48
REL23912,ACC101218,ACC101318,Mule Chain,715488.02,37
REL23913,ACC100134,ACC101374,Beneficiary,435531.81,40
REL23914,ACC100872,ACC101077,Beneficiary,78411.96,26
REL23915,ACC101585,ACC100996,Mule Chain,589273.77,47
REL23916,ACC101078,ACC101738,Common IP,431084.72,42
REL23917,ACC101847,ACC101625,Beneficiary,666561.58,42
REL23918,ACC101082,ACC100396,Co-holder,252427.48,46
REL23919,ACC100321,ACC100747,Common IP,328425.27,49
REL23920,ACC101613,ACC101091,Beneficiary,705329.77,43
REL23921,ACC101804,ACC100120,Mule Chain,981178.83,24
REL23922,ACC100446,ACC101936,Mule Chain,267011.85,19
REL23923,ACC100656,ACC100899,Co-holder,501166.3,48
REL23924,ACC101692,ACC101729,Mule Chain,210522.18,6
REL23925,ACC100801,ACC100813,Frequent Transactor,499630.24,13
REL23926,ACC101069,ACC100877,Co-holder,900039.71,30
REL23927,ACC100393,ACC101631,Co-holder,512838.29,27
REL23928,ACC101468,ACC101444,Shared Device,705280.8,25
REL23929,ACC100925,ACC100217,Shared Device,914502.57,46
REL23930,ACC100935,ACC101950,Frequent Transactor,722507.47,12
REL23931,ACC100025,ACC101243,Common IP,146157.88,50
REL23932,ACC101582,ACC101609,Mule Chain,945954.54,46
REL23933,ACC100844,ACC101001,Co-holder,917465.68,12
REL23934,ACC100332,ACC100984,Common IP,402531.5,32
REL23935,ACC100304,ACC100457,Mule Chain,215227.18,11
REL23936,ACC101738,ACC101174,Common IP,885225.38,30
REL23937,ACC100691,ACC101381,Common IP,432915.14,8
REL23938,ACC101138,ACC101666,Shared Device,764931.89,37
REL23939,ACC100726,ACC100661,Co-holder,446179.13,17
REL23940,ACC100906,ACC100789,Common IP,604389.41,7
REL23941,ACC101522,ACC101277,Frequent Transactor,104125.69,39
REL23942,ACC100357,ACC101771,Frequent Transactor,25449.5,42
REL23943,ACC101101,ACC100493,Common IP,940547.54,4
REL23944,ACC101223,ACC101822,Mule Chain,290367.08,23
REL23945,ACC100096,ACC101889,Frequent Transactor,308454.12,26
REL23946,ACC101090,ACC100995,Common IP,736230.87,34
REL23947,ACC101175,ACC100470,Co-holder,689148.36,26
REL23948,ACC101649,ACC101827,Mule Chain,163565.29,29
REL23949,ACC101782,ACC101311,Frequent Transactor,46310.01,12
REL23950,ACC100828,ACC100190,Co-holder,437644.36,23
REL23951,ACC100440,ACC101561,Beneficiary,221542.22,40
REL23952,ACC100696,ACC100126,Common IP,389986.35,17
REL23953,ACC100804,ACC100049,Frequent Transactor,812262.14,24
REL23954,ACC101648,ACC100726,Frequent Transactor,398964.37,1
REL23955,ACC100972,ACC100367,Shared Device,913758.06,43
REL23956,ACC101099,ACC101791,Common IP,388185.16,33
REL23957,ACC101681,ACC100468,Frequent Transactor,982749.94,33
REL23958,ACC101810,ACC100459,Co-holder,420902.26,20
REL23959,ACC101809,ACC101779,Common IP,93852.59,27
REL23960,ACC100767,ACC100034,Co-holder,718524.66,25
REL23961,ACC100749,ACC100803,Co-holder,872116.25,35
REL23962,ACC101969,ACC101590,Beneficiary,458659.65,5
REL23963,ACC101876,ACC100915,Frequent Transactor,967083.02,23
REL23964,ACC100350,ACC100344,Beneficiary,70794.8,18
REL23965,ACC101531,ACC101366,Shared Device,116663.97,47
REL23966,ACC100115,ACC101862,Shared Device,785633.67,41
REL23967,ACC100663,ACC101790,Mule Chain,573720.85,2
REL23968,ACC100581,ACC100087,Frequent Transactor,898586.98,47
REL23969,ACC100595,ACC100534,Frequent Transactor,871088.56,8
REL23970,ACC101606,ACC101902,Co-holder,423564.06,37
REL23971,ACC100472,ACC100704,Frequent Transactor,554756.98,14
REL23972,ACC101444,ACC100964,Common IP,32564.07,26
REL23973,ACC100643,ACC101051,Co-holder,690230.79,44
REL23974,ACC101321,ACC101700,Shared Device,181447.6,47
REL23975,ACC101686,ACC101746,Mule Chain,981182.69,32
REL23976,ACC101236,ACC100291,Frequent Transactor,406005.71,35
REL23977,ACC100054,ACC100977,Co-holder,585431.15,40
REL23978,ACC101902,ACC101019,Mule Chain,598053.73,4
REL23979,ACC100769,ACC100554,Mule Chain,674738.57,50
REL23980,ACC101147,ACC101688,Common IP,891033.2,20
REL23981,ACC100318,ACC101064,Mule Chain,249622.11,28
REL23982,ACC100476,ACC101201,Frequent Transactor,404463.3,46
REL23983,ACC101809,ACC100488,Shared Device,997624.37,48
REL23984,ACC101034,ACC101309,Shared Device,442915.76,21
REL23985,ACC100272,ACC100980,Co-holder,503215.69,29
REL23986,ACC101993,ACC101284,Mule Chain,888348.92,17
REL23987,ACC101692,ACC101060,Common IP,805506.53,26
REL23988,ACC101744,ACC101171,Frequent Transactor,284226.29,9
REL23989,ACC100643,ACC101628,Beneficiary,308927.31,21
REL23990,ACC101343,ACC101614,Beneficiary,346214.68,39
REL23991,ACC101200,ACC100316,Common IP,830329.58,34
REL23992,ACC101937,ACC101912,Beneficiary,976507.77,16
REL23993,ACC100410,ACC101744,Common IP,558477.42,32
REL23994,ACC100822,ACC100661,Common IP,889612.07,24
REL23995,ACC101139,ACC100292,Beneficiary,29389.04,15
REL23996,ACC100541,ACC100199,Beneficiary,512190.51,22
REL23997,ACC101152,ACC100430,Shared Device,191547.32,26
REL23998,ACC100102,ACC100680,Beneficiary,664385.77,13
REL23999,ACC100904,ACC101490,Shared Device,160826.46,37
REL24000,ACC100209,ACC101848,Beneficiary,570238.19,2
REL24001,ACC101758,ACC100953,Common IP,101595.11,9
REL24002,ACC100934,ACC101032,Beneficiary,290110.9,18
REL24003,ACC100303,ACC101171,Frequent Transactor,372482.28,34
REL24004,ACC101190,ACC100732,Common IP,516772.94,42
REL24005,ACC101968,ACC101497,Beneficiary,155069.34,49
REL24006,ACC101265,ACC101738,Beneficiary,907839.38,19
REL24007,ACC101259,ACC100846,Co-holder,162280.98,38
REL24008,ACC100785,ACC100183,Shared Device,631015.12,12
REL24009,ACC100397,ACC101645,Shared Device,14465.73,3
REL24010,ACC101060,ACC101592,Common IP,920563.86,46
REL24011,ACC100511,ACC100457,Beneficiary,17953.7,11
REL24012,ACC100714,ACC101073,Common IP,788273.52,45
REL24013,ACC101545,ACC100426,Common IP,960116.22,36
REL24014,ACC101494,ACC100812,Shared Device,193020.66,22
REL24015,ACC100249,ACC100140,Shared Device,58824.07,14
REL24016,ACC101733,ACC101344,Beneficiary,808103.71,37
REL24017,ACC100401,ACC100914,Common IP,974004.54,26
REL24018,ACC100486,ACC101051,Shared Device,348107.76,25
REL24019,ACC101106,ACC101988,Beneficiary,241068.1,6
REL24020,ACC101668,ACC101518,Shared Device,690261.89,16
REL24021,ACC101651,ACC100711,Beneficiary,651715.31,42
REL24022,ACC100619,ACC101514,Mule Chain,620274.36,31
REL24023,ACC101988,ACC101605,Common IP,454144.4,12
REL24024,ACC100407,ACC101972,Co-holder,555102.49,16
REL24025,ACC101647,ACC100162,Beneficiary,243615.41,9
REL24026,ACC100006,ACC100513,Mule Chain,798239.81,40
REL24027,ACC101551,ACC101850,Mule Chain,988763.04,39
REL24028,ACC100931,ACC101760,Co-holder,527596.9,43
REL24029,ACC101821,ACC101353,Shared Device,251791.77,2
REL24030,ACC100087,ACC101801,Frequent Transactor,376438.47,3
REL24031,ACC101294,ACC101735,Mule Chain,148718.96,12
REL24032,ACC101249,ACC101935,Co-holder,581093.9,40
REL24033,ACC100429,ACC101585,Frequent Transactor,692833.24,50
REL24034,ACC101741,ACC101514,Beneficiary,324727.33,45
REL24035,ACC100878,ACC100320,Beneficiary,185521.19,34
REL24036,ACC100355,ACC101297,Beneficiary,103266.04,25
REL24037,ACC100620,ACC101529,Co-holder,725476.8,22
REL24038,ACC100460,ACC101328,Frequent Transactor,87007.84,13
REL24039,ACC101104,ACC101989,Beneficiary,674958.05,2
REL24040,ACC101853,ACC101905,Beneficiary,446053.7,47
REL24041,ACC100926,ACC101454,Beneficiary,90195.63,11
REL24042,ACC101464,ACC100641,Co-holder,384455.16,36
REL24043,ACC101059,ACC100646,Mule Chain,359734.82,15
REL24044,ACC101576,ACC100095,Mule Chain,879970.37,27
REL24045,ACC100986,ACC100399,Shared Device,865239.68,20
REL24046,ACC101817,ACC100921,Co-holder,453338.86,48
REL24047,ACC100970,ACC101635,Shared Device,649524.09,39
REL24048,ACC100113,ACC100175,Shared Device,209668.29,34
REL24049,ACC100577,ACC101524,Beneficiary,58607.32,45
REL24050,ACC101607,ACC101277,Frequent Transactor,97082.44,13
REL24051,ACC101281,ACC100608,Shared Device,52782.71,12
REL24052,ACC101619,ACC101965,Beneficiary,334393.55,4
REL24053,ACC101533,ACC100832,Frequent Transactor,846780.17,36
REL24054,ACC101442,ACC101904,Co-holder,856093.52,9
REL24055,ACC100439,ACC101310,Common IP,356107.44,15
REL24056,ACC101518,ACC100100,Mule Chain,221653.83,31
REL24057,ACC101188,ACC101122,Mule Chain,172434.4,44
REL24058,ACC101163,ACC101928,Frequent Transactor,388394.57,49
REL24059,ACC100168,ACC100268,Co-holder,817417.6,34
REL24060,ACC101659,ACC100221,Frequent Transactor,627371.33,35
REL24061,ACC100376,ACC101339,Beneficiary,574715.35,47
REL24062,ACC100395,ACC101483,Mule Chain,550319.61,44
REL24063,ACC100433,ACC100328,Beneficiary,322231.89,30
REL24064,ACC101335,ACC101863,Beneficiary,295106.41,22
REL24065,ACC101289,ACC100858,Shared Device,238269.7,35
REL24066,ACC100464,ACC100766,Beneficiary,78671.77,46
REL24067,ACC100405,ACC100340,Common IP,436685.25,36
REL24068,ACC101125,ACC101722,Co-holder,851782.44,39
REL24069,ACC100867,ACC101745,Common IP,421120.61,8
REL24070,ACC100486,ACC100005,Frequent Transactor,808543.67,19
REL24071,ACC100614,ACC100593,Frequent Transactor,875275.52,20
REL24072,ACC101914,ACC101151,Common IP,417513.15,40
REL24073,ACC101906,ACC100043,Co-holder,222722.15,26
REL24074,ACC100811,ACC100143,Common IP,992260.81,17
REL24075,ACC101932,ACC101871,Common IP,861577.33,38
REL24076,ACC100111,ACC100799,Beneficiary,580693.85,30
REL24077,ACC101873,ACC101275,Mule Chain,836763.06,5
REL24078,ACC100436,ACC101814,Common IP,917298.06,7
REL24079,ACC100124,ACC100684,Common IP,782233.87,7
REL24080,ACC100883,ACC101565,Shared Device,728294.42,20
REL24081,ACC100462,ACC101156,Frequent Transactor,709391.85,47
REL24082,ACC100671,ACC101816,Co-holder,561379.25,49
REL24083,ACC100968,ACC100613,Common IP,547175.2,19
REL24084,ACC100920,ACC101992,Beneficiary,519742.67,47
REL24085,ACC100298,ACC101706,Frequent Transactor,524464.99,22
REL24086,ACC100581,ACC101405,Frequent Transactor,640572.08,49
REL24087,ACC100649,ACC100995,Frequent Transactor,710730.78,10
REL24088,ACC100602,ACC100688,Shared Device,346147.27,30
REL24089,ACC101015,ACC101594,Frequent Transactor,815021.89,1
REL24090,ACC101330,ACC100719,Shared Device,751332.34,28
REL24091,ACC100223,ACC101719,Shared Device,656110.21,3
REL24092,ACC100236,ACC100751,Common IP,373783.85,14
REL24093,ACC100390,ACC100601,Frequent Transactor,170478.81,47
REL24094,ACC101423,ACC100131,Beneficiary,51374.68,14
REL24095,ACC100508,ACC100971,Common IP,485749.57,43
REL24096,ACC101402,ACC101714,Beneficiary,889219.61,31
REL24097,ACC101810,ACC101752,Beneficiary,956103.95,28
REL24098,ACC100970,ACC101980,Mule Chain,741492.17,39
REL24099,ACC100849,ACC101483,Frequent Transactor,9249.33,13
REL24100,ACC101594,ACC100258,Frequent Transactor,376093.47,15
REL24101,ACC100156,ACC101657,Common IP,839771.02,45
REL24102,ACC100974,ACC101642,Common IP,467115.22,8
REL24103,ACC101408,ACC100272,Mule Chain,965414.86,36
REL24104,ACC100102,ACC100609,Common IP,284978.29,18
REL24105,ACC101727,ACC101814,Frequent Transactor,381913.58,3
REL24106,ACC101540,ACC101920,Co-holder,172180.74,46
REL24107,ACC101272,ACC101710,Shared Device,782178.81,23
REL24108,ACC100696,ACC100395,Beneficiary,329237.51,23
REL24109,ACC100815,ACC101085,Mule Chain,296430.44,34
REL24110,ACC100369,ACC101327,Mule Chain,447458.64,34
REL24111,ACC101227,ACC100411,Beneficiary,879966.08,17
REL24112,ACC101308,ACC100469,Mule Chain,884389.73,13
REL24113,ACC100825,ACC100298,Beneficiary,939153.49,33
REL24114,ACC101991,ACC101173,Frequent Transactor,794661.52,2
REL24115,ACC101687,ACC100203,Shared Device,29821.56,14
REL24116,ACC101142,ACC100972,Common IP,407728.59,43
REL24117,ACC101332,ACC100172,Common IP,662368.18,20
REL24118,ACC100952,ACC100392,Mule Chain,183349.96,45
REL24119,ACC100258,ACC100126,Common IP,400444.12,43
REL24120,ACC100410,ACC101305,Mule Chain,923931.25,40
REL24121,ACC100766,ACC101352,Mule Chain,281554.17,1
REL24122,ACC100483,ACC101624,Common IP,746647.45,47
REL24123,ACC101792,ACC100730,Beneficiary,955521.99,47
REL24124,ACC101892,ACC100707,Frequent Transactor,107848.98,22
REL24125,ACC100419,ACC100116,Common IP,797911.74,43
REL24126,ACC101538,ACC101335,Common IP,219115.14,49
REL24127,ACC100106,ACC100061,Mule Chain,135202.13,38
REL24128,ACC100008,ACC100112,Common IP,441258.51,16
REL24129,ACC100983,ACC101351,Common IP,798069.95,21
REL24130,ACC100765,ACC100756,Frequent Transactor,759826.97,20
REL24131,ACC101498,ACC101749,Co-holder,764306.02,12
REL24132,ACC101835,ACC101682,Frequent Transactor,760828.58,13
REL24133,ACC100819,ACC101234,Shared Device,941339.99,22
REL24134,ACC100971,ACC101468,Beneficiary,246147.99,34
REL24135,ACC100091,ACC101898,Common IP,179743.89,38
REL24136,ACC101769,ACC101947,Shared Device,105062.41,46
REL24137,ACC100381,ACC101299,Frequent Transactor,131142.07,4
REL24138,ACC100330,ACC100146,Mule Chain,172933.66,26
REL24139,ACC100562,ACC101442,Frequent Transactor,80983.93,7
REL24140,ACC100806,ACC101910,Co-holder,140427.39,40
REL24141,ACC101587,ACC100309,Co-holder,572830.35,44
REL24142,ACC100496,ACC101454,Frequent Transactor,960862.69,35
REL24143,ACC100192,ACC101632,Common IP,358098.24,21
REL24144,ACC100725,ACC100065,Co-holder,555239.78,50
REL24145,ACC100871,ACC100197,Common IP,249345.02,4
REL24146,ACC101086,ACC100670,Shared Device,706186.3,48
REL24147,ACC100740,ACC100042,Common IP,54680.68,44
REL24148,ACC101806,ACC100916,Co-holder,931991.27,37
REL24149,ACC100349,ACC101904,Frequent Transactor,695217.07,38
REL24150,ACC101270,ACC101662,Common IP,45600.53,11
REL24151,ACC101841,ACC101541,Co-holder,910443.73,35
REL24152,ACC101888,ACC100004,Shared Device,733438.85,42
REL24153,ACC101041,ACC101651,Beneficiary,874978.62,22
REL24154,ACC101782,ACC101587,Shared Device,289446.25,13
REL24155,ACC100075,ACC101496,Shared Device,889404.62,28
REL24156,ACC100625,ACC100893,Shared Device,377684.46,19
REL24157,ACC101737,ACC100386,Beneficiary,111389.27,17
REL24158,ACC101272,ACC101971,Shared Device,606268.04,10
REL24159,ACC101945,ACC100688,Beneficiary,292960.87,23
REL24160,ACC101169,ACC100759,Mule Chain,562415.07,40
REL24161,ACC101632,ACC100320,Frequent Transactor,430344.95,32
REL24162,ACC100277,ACC100267,Common IP,743317.2,20
REL24163,ACC100064,ACC100365,Shared Device,458897.5,43
REL24164,ACC100739,ACC100939,Mule Chain,425474.07,16
REL24165,ACC101634,ACC101310,Co-holder,313747.79,37
REL24166,ACC100665,ACC100452,Mule Chain,270940.85,48
REL24167,ACC100784,ACC100788,Shared Device,589748.61,26
REL24168,ACC101012,ACC100781,Common IP,760005.57,14
REL24169,ACC100833,ACC100171,Co-holder,227387.37,50
REL24170,ACC101683,ACC101160,Common IP,409100.65,17
REL24171,ACC100113,ACC101291,Mule Chain,322355.32,49
REL24172,ACC101820,ACC101754,Shared Device,458889.13,20
REL24173,ACC101469,ACC100275,Shared Device,964220.68,9
REL24174,ACC101192,ACC101464,Mule Chain,17993.67,13
REL24175,ACC100177,ACC100167,Common IP,690667.69,3
REL24176,ACC101800,ACC100190,Mule Chain,772199.81,23
REL24177,ACC100746,ACC101891,Frequent Transactor,36379.95,31
REL24178,ACC101295,ACC101597,Shared Device,864677.09,9
REL24179,ACC100667,ACC101692,Common IP,429934.54,42
REL24180,ACC100556,ACC100157,Shared Device,478923.88,17
REL24181,ACC100312,ACC101236,Beneficiary,712835.42,36
REL24182,ACC101615,ACC101660,Shared Device,839182.71,25
REL24183,ACC100575,ACC101305,Common IP,988273.55,3
REL24184,ACC100805,ACC101064,Beneficiary,547099.05,43
REL24185,ACC101292,ACC100785,Common IP,596479.03,36
REL24186,ACC101553,ACC101964,Beneficiary,237143.12,20
REL24187,ACC101308,ACC101203,Beneficiary,602832.83,31
REL24188,ACC101221,ACC100727,Shared Device,769028.74,44
REL24189,ACC101720,ACC100493,Mule Chain,824521.49,31
REL24190,ACC100142,ACC100190,Beneficiary,437183.21,41
REL24191,ACC101689,ACC101705,Co-holder,475043.54,1
REL24192,ACC101119,ACC101380,Frequent Transactor,458485.59,38
REL24193,ACC101656,ACC100610,Shared Device,797896.87,21
REL24194,ACC100757,ACC100396,Shared Device,79434.12,26
REL24195,ACC100884,ACC101844,Co-holder,87207.08,36
REL24196,ACC101620,ACC100215,Co-holder,276693.15,15
REL24197,ACC100377,ACC101783,Common IP,901061.95,37
REL24198,ACC101427,ACC101395,Co-holder,205264.1,41
REL24199,ACC101595,ACC100656,Shared Device,960708.99,45
REL24200,ACC101563,ACC100935,Shared Device,153417.7,5
REL24201,ACC100293,ACC101265,Beneficiary,614977.25,28
REL24202,ACC100029,ACC101713,Mule Chain,835755.52,37
REL24203,ACC101220,ACC101925,Shared Device,814116.35,43
REL24204,ACC101114,ACC101219,Frequent Transactor,363702.84,11
REL24205,ACC100207,ACC100693,Mule Chain,372620.84,31
REL24206,ACC101798,ACC101755,Beneficiary,113107.18,12
REL24207,ACC100309,ACC101816,Shared Device,82630.57,13
REL24208,ACC101628,ACC100547,Common IP,434370.62,40
REL24209,ACC100179,ACC101217,Shared Device,840069.34,34
REL24210,ACC100937,ACC101848,Beneficiary,558927.14,29
REL24211,ACC100398,ACC100686,Common IP,412520.16,14
REL24212,ACC100356,ACC100796,Frequent Transactor,33118.78,12
REL24213,ACC100961,ACC101744,Frequent Transactor,201657.11,45
REL24214,ACC101815,ACC100625,Beneficiary,749829.4,23
REL24215,ACC101564,ACC101447,Frequent Transactor,57593.15,8
REL24216,ACC101382,ACC101777,Frequent Transactor,45295.37,39
REL24217,ACC101548,ACC100020,Frequent Transactor,874078.76,14
REL24218,ACC101282,ACC101852,Co-holder,49574.68,43
REL24219,ACC101532,ACC101157,Shared Device,668500.94,44
REL24220,ACC101909,ACC101347,Frequent Transactor,767558.11,9
REL24221,ACC101471,ACC101235,Mule Chain,906806.53,50
REL24222,ACC101116,ACC101057,Mule Chain,138770.46,42
REL24223,ACC101187,ACC101993,Shared Device,250500.09,32
REL24224,ACC100606,ACC100861,Frequent Transactor,172807.42,2
REL24225,ACC100945,ACC100110,Co-holder,205591.67,40
REL24226,ACC101001,ACC100133,Co-holder,324261.42,30
REL24227,ACC100813,ACC100375,Shared Device,216534.73,39
REL24228,ACC101776,ACC100775,Co-holder,361261.29,25
REL24229,ACC100819,ACC100452,Common IP,455029.18,16
REL24230,ACC101505,ACC101757,Co-holder,200633.8,13
REL24231,ACC101788,ACC101644,Beneficiary,964376.25,30
REL24232,ACC100290,ACC101563,Common IP,279224.24,5
REL24233,ACC101078,ACC101227,Frequent Transactor,361508.36,46
REL24234,ACC101267,ACC100204,Frequent Transactor,954522.01,44
REL24235,ACC100691,ACC100852,Common IP,749318.2,41
REL24236,ACC101095,ACC101589,Shared Device,382139.75,8
REL24237,ACC100676,ACC101711,Beneficiary,370020.34,13
REL24238,ACC100648,ACC101914,Frequent Transactor,748386.72,16
REL24239,ACC100663,ACC101385,Common IP,571306.86,4
REL24240,ACC100943,ACC100812,Co-holder,487637.12,34
REL24241,ACC101421,ACC101069,Shared Device,890932.49,27
REL24242,ACC101041,ACC100526,Mule Chain,810401.32,32
REL24243,ACC100674,ACC101533,Shared Device,788114.63,44
REL24244,ACC101293,ACC100795,Co-holder,634779.08,13
REL24245,ACC100623,ACC100546,Shared Device,395326.32,12
REL24246,ACC100274,ACC100943,Shared Device,471583.23,6
REL24247,ACC101583,ACC101067,Common IP,481732.42,23
REL24248,ACC100978,ACC100062,Shared Device,893355.58,4
REL24249,ACC101187,ACC100154,Mule Chain,303718.63,13
REL24250,ACC101655,ACC100622,Mule Chain,585366.39,27
REL24251,ACC100634,ACC100434,Frequent Transactor,154242.41,33
REL24252,ACC101311,ACC101114,Beneficiary,113199.8,10
REL24253,ACC100179,ACC101518,Common IP,404433.5,50
REL24254,ACC100301,ACC100100,Frequent Transactor,52315.34,1
REL24255,ACC101989,ACC101205,Shared Device,446527.48,44
REL24256,ACC101104,ACC100780,Shared Device,441640.09,35
REL24257,ACC101639,ACC100009,Shared Device,989667.46,24
REL24258,ACC100925,ACC101917,Shared Device,684950.11,50
REL24259,ACC101508,ACC101640,Frequent Transactor,100286.0,1
REL24260,ACC100487,ACC100757,Mule Chain,892484.23,17
REL24261,ACC101079,ACC100529,Co-holder,410208.38,32
REL24262,ACC101669,ACC101928,Common IP,190699.67,31
REL24263,ACC100255,ACC101752,Co-holder,292520.03,40
REL24264,ACC101626,ACC101479,Shared Device,9981.68,32
REL24265,ACC100584,ACC100291,Common IP,710448.59,16
REL24266,ACC101796,ACC100740,Frequent Transactor,166442.53,8
REL24267,ACC100398,ACC101287,Shared Device,225671.61,44
REL24268,ACC100128,ACC100383,Mule Chain,579036.03,46
REL24269,ACC101668,ACC101166,Frequent Transactor,297884.01,28
REL24270,ACC100950,ACC100482,Mule Chain,953775.42,3
REL24271,ACC100825,ACC100046,Frequent Transactor,822526.15,26
REL24272,ACC100320,ACC100182,Beneficiary,583161.73,42
REL24273,ACC101312,ACC100556,Shared Device,34603.33,34
REL24274,ACC100891,ACC101624,Common IP,685971.9,38
REL24275,ACC100218,ACC101337,Shared Device,322483.6,16
REL24276,ACC101174,ACC101562,Mule Chain,812368.47,33
REL24277,ACC101344,ACC100841,Beneficiary,107974.91,3
REL24278,ACC100526,ACC101702,Shared Device,630859.03,37
REL24279,ACC101546,ACC100233,Mule Chain,613023.87,28
REL24280,ACC100675,ACC101923,Common IP,539155.85,35
REL24281,ACC100370,ACC100230,Frequent Transactor,934731.86,23
REL24282,ACC101968,ACC101277,Frequent Transactor,629939.22,7
REL24283,ACC100397,ACC100830,Beneficiary,489842.76,21
REL24284,ACC101562,ACC101195,Beneficiary,696130.13,11
REL24285,ACC101409,ACC101602,Shared Device,167210.2,34
REL24286,ACC100526,ACC100929,Shared Device,195024.16,1
REL24287,ACC100216,ACC100836,Shared Device,227258.48,44
REL24288,ACC101750,ACC100495,Mule Chain,969868.67,42
REL24289,ACC100883,ACC100208,Beneficiary,565846.84,30
REL24290,ACC100370,ACC100896,Co-holder,897736.42,42
REL24291,ACC101455,ACC101367,Common IP,719745.66,5
REL24292,ACC100844,ACC100280,Common IP,839630.93,25
REL24293,ACC100314,ACC100774,Co-holder,747821.23,31
REL24294,ACC101888,ACC101095,Frequent Transactor,386785.7,30
REL24295,ACC101606,ACC100578,Beneficiary,799979.07,33
REL24296,ACC100045,ACC100300,Shared Device,641065.95,18
REL24297,ACC100095,ACC101495,Common IP,137900.57,47
REL24298,ACC100208,ACC100066,Frequent Transactor,910266.84,50
REL24299,ACC101392,ACC100360,Mule Chain,725468.86,4
REL24300,ACC100309,ACC101840,Co-holder,953857.49,37
REL24301,ACC101381,ACC100215,Shared Device,988265.73,8
REL24302,ACC100749,ACC100997,Mule Chain,391053.23,11
REL24303,ACC101936,ACC101360,Common IP,720514.89,7
REL24304,ACC101413,ACC100425,Co-holder,345051.17,45
REL24305,ACC101734,ACC100328,Common IP,264274.35,37
REL24306,ACC101824,ACC100610,Mule Chain,990968.42,22
REL24307,ACC100876,ACC101979,Common IP,542435.38,17
REL24308,ACC101448,ACC100041,Frequent Transactor,402966.4,46
REL24309,ACC101626,ACC101999,Beneficiary,706444.25,25
REL24310,ACC100157,ACC100690,Shared Device,251119.27,15
REL24311,ACC100700,ACC101147,Common IP,687076.23,20
REL24312,ACC101884,ACC101931,Shared Device,846913.85,44
REL24313,ACC101033,ACC101631,Shared Device,635498.84,19
REL24314,ACC100421,ACC101884,Co-holder,796814.61,46
REL24315,ACC101792,ACC100993,Beneficiary,690609.74,44
REL24316,ACC101137,ACC100072,Frequent Transactor,860074.38,27
REL24317,ACC100322,ACC100342,Co-holder,496165.05,45
REL24318,ACC100318,ACC100219,Frequent Transactor,166369.08,4
REL24319,ACC101328,ACC101002,Beneficiary,245458.27,9
REL24320,ACC101602,ACC101976,Frequent Transactor,56548.33,28
REL24321,ACC101257,ACC101444,Frequent Transactor,863010.44,8
REL24322,ACC101595,ACC100908,Frequent Transactor,399582.5,18
REL24323,ACC100758,ACC100558,Beneficiary,119125.77,46
REL24324,ACC100367,ACC101988,Beneficiary,71640.51,14
REL24325,ACC101604,ACC101905,Common IP,770423.49,42
REL24326,ACC100570,ACC100174,Common IP,491215.03,2
REL24327,ACC101348,ACC100384,Mule Chain,483295.17,35
REL24328,ACC100459,ACC101362,Frequent Transactor,122049.67,37
REL24329,ACC100700,ACC100300,Mule Chain,935718.43,47
REL24330,ACC101450,ACC101236,Common IP,710490.08,37
REL24331,ACC100350,ACC101344,Mule Chain,55982.52,4
REL24332,ACC100462,ACC100332,Beneficiary,63097.83,2
REL24333,ACC100927,ACC100338,Common IP,983625.35,43
REL24334,ACC100221,ACC100273,Frequent Transactor,518954.01,29
REL24335,ACC101126,ACC101534,Common IP,976966.91,21
REL24336,ACC100598,ACC101323,Mule Chain,478926.62,12
REL24337,ACC100045,ACC101207,Beneficiary,325355.66,30
REL24338,ACC100519,ACC101429,Co-holder,197783.23,40
REL24339,ACC101162,ACC101776,Frequent Transactor,763897.57,19
REL24340,ACC101563,ACC100495,Common IP,227134.66,44
REL24341,ACC100872,ACC101141,Mule Chain,28984.42,29
REL24342,ACC101070,ACC100755,Mule Chain,800418.46,22
REL24343,ACC100510,ACC100275,Common IP,38315.7,42
REL24344,ACC100204,ACC101692,Mule Chain,299760.92,8
REL24345,ACC101865,ACC101552,Shared Device,165044.85,30
REL24346,ACC100222,ACC100392,Mule Chain,566739.47,43
REL24347,ACC100532,ACC101657,Beneficiary,33154.14,8
REL24348,ACC101843,ACC100594,Beneficiary,237346.69,6
REL24349,ACC100755,ACC101163,Co-holder,298002.54,31
REL24350,ACC101138,ACC101308,Co-holder,793699.18,41
REL24351,ACC100851,ACC101955,Beneficiary,199870.56,7
REL24352,ACC100438,ACC100380,Co-holder,71330.28,24
REL24353,ACC100691,ACC100114,Shared Device,172544.5,18
REL24354,ACC101828,ACC100007,Shared Device,933438.04,20
REL24355,ACC101835,ACC100714,Frequent Transactor,148325.52,7
REL24356,ACC101336,ACC101274,Beneficiary,849246.33,41
REL24357,ACC100968,ACC100096,Shared Device,340558.02,28
REL24358,ACC100429,ACC100775,Common IP,184939.43,18
REL24359,ACC100363,ACC100284,Beneficiary,562707.44,14
REL24360,ACC101181,ACC100853,Mule Chain,898099.58,2
REL24361,ACC100319,ACC101190,Shared Device,530675.85,14
REL24362,ACC101395,ACC101853,Common IP,825798.98,22
REL24363,ACC100983,ACC101730,Frequent Transactor,630970.85,43
REL24364,ACC100914,ACC101866,Beneficiary,453106.65,21
REL24365,ACC101952,ACC100284,Shared Device,399240.43,14
REL24366,ACC101402,ACC101118,Beneficiary,202729.87,18
REL24367,ACC100981,ACC101655,Common IP,794178.52,6
REL24368,ACC101882,ACC100138,Beneficiary,227245.26,15
REL24369,ACC101047,ACC100450,Mule Chain,372685.57,27
REL24370,ACC101075,ACC101164,Co-holder,675224.74,18
REL24371,ACC100605,ACC101380,Beneficiary,424521.97,36
REL24372,ACC101371,ACC101574,Co-holder,124808.94,18
REL24373,ACC101242,ACC100016,Shared Device,671761.38,21
REL24374,ACC101753,ACC100647,Mule Chain,612801.87,50
REL24375,ACC101113,ACC100013,Co-holder,92418.16,40
REL24376,ACC100865,ACC101444,Beneficiary,205726.69,5
REL24377,ACC100898,ACC101311,Frequent Transactor,589989.19,7
REL24378,ACC101012,ACC101606,Co-holder,648300.65,35
REL24379,ACC100834,ACC101531,Common IP,289482.38,45
REL24380,ACC101471,ACC100808,Beneficiary,730858.08,48
REL24381,ACC100667,ACC101070,Common IP,513596.21,47
REL24382,ACC100620,ACC101238,Mule Chain,75650.92,20
REL24383,ACC101014,ACC100764,Shared Device,321390.38,4
REL24384,ACC101955,ACC101649,Common IP,252196.04,37
REL24385,ACC101575,ACC101219,Common IP,741406.59,47
REL24386,ACC100325,ACC100812,Beneficiary,639524.95,26
REL24387,ACC101264,ACC101337,Frequent Transactor,129590.84,24
REL24388,ACC101639,ACC101632,Shared Device,313406.71,22
REL24389,ACC101796,ACC101554,Mule Chain,351918.52,27
REL24390,ACC100241,ACC100295,Shared Device,838436.26,21
REL24391,ACC101814,ACC100579,Frequent Transactor,89535.63,39
REL24392,ACC101443,ACC100757,Beneficiary,919455.24,34
REL24393,ACC101691,ACC101309,Common IP,606317.37,16
REL24394,ACC100523,ACC100396,Co-holder,45322.06,19
REL24395,ACC101773,ACC100141,Frequent Transactor,351328.24,33
REL24396,ACC101859,ACC100487,Beneficiary,613506.8,47
REL24397,ACC100497,ACC100415,Frequent Transactor,48833.16,15
REL24398,ACC101966,ACC101739,Co-holder,947175.42,8
REL24399,ACC101022,ACC100360,Co-holder,882099.1,5
REL24400,ACC100514,ACC101745,Co-holder,460566.62,2
REL24401,ACC101265,ACC100802,Frequent Transactor,186929.27,50
REL24402,ACC100102,ACC100154,Beneficiary,560607.21,50
REL24403,ACC100381,ACC101294,Shared Device,810364.03,4
REL24404,ACC100601,ACC100914,Shared Device,704958.03,13
REL24405,ACC100262,ACC100044,Common IP,16791.4,9
REL24406,ACC101504,ACC100576,Mule Chain,427356.12,50
REL24407,ACC101436,ACC100421,Co-holder,246106.77,12
REL24408,ACC100816,ACC100147,Shared Device,279426.66,28
REL24409,ACC101534,ACC101601,Frequent Transactor,381891.94,43
REL24410,ACC100491,ACC101017,Frequent Transactor,691344.3,43
REL24411,ACC100347,ACC100211,Shared Device,221409.61,21
REL24412,ACC101610,ACC101490,Common IP,204082.48,18
REL24413,ACC100235,ACC100357,Co-holder,221141.98,2
REL24414,ACC100849,ACC101525,Mule Chain,561926.08,7
REL24415,ACC101569,ACC100677,Frequent Transactor,518267.93,1
REL24416,ACC101452,ACC101578,Beneficiary,589055.61,44
REL24417,ACC101678,ACC100883,Mule Chain,473485.26,3
REL24418,ACC101366,ACC100345,Co-holder,973731.18,2
REL24419,ACC101295,ACC100358,Frequent Transactor,774937.51,1
REL24420,ACC100057,ACC101353,Beneficiary,549437.15,38
REL24421,ACC101245,ACC101665,Shared Device,955108.87,11
REL24422,ACC100797,ACC101522,Mule Chain,428591.76,49
REL24423,ACC100642,ACC100852,Shared Device,36157.42,19
REL24424,ACC101842,ACC100297,Shared Device,358627.59,13
REL24425,ACC101092,ACC101111,Common IP,369464.41,15
REL24426,ACC100891,ACC100967,Frequent Transactor,456549.16,21
REL24427,ACC100432,ACC101693,Beneficiary,475355.96,34
REL24428,ACC100499,ACC100747,Mule Chain,655773.0,49
REL24429,ACC101729,ACC100606,Common IP,67779.48,34
REL24430,ACC101313,ACC100065,Common IP,826537.86,45
REL24431,ACC101623,ACC100948,Frequent Transactor,514681.83,15
REL24432,ACC100050,ACC101957,Mule Chain,708899.83,7
REL24433,ACC100069,ACC100217,Frequent Transactor,780907.87,11
REL24434,ACC100949,ACC100535,Co-holder,35737.83,21
REL24435,ACC100594,ACC100117,Common IP,602831.91,34
REL24436,ACC100669,ACC101296,Common IP,394492.41,3
REL24437,ACC100779,ACC101507,Mule Chain,85190.95,17
REL24438,ACC100516,ACC100804,Common IP,914582.87,50
REL24439,ACC101942,ACC100978,Shared Device,762742.82,30
REL24440,ACC101853,ACC101633,Co-holder,106722.55,21
REL24441,ACC100981,ACC101294,Beneficiary,242626.6,28
REL24442,ACC100839,ACC101922,Mule Chain,358758.03,11
REL24443,ACC101564,ACC101581,Shared Device,280660.54,21
REL24444,ACC100179,ACC101119,Common IP,757630.37,33
REL24445,ACC100699,ACC101672,Mule Chain,515025.3,42
REL24446,ACC100366,ACC100544,Mule Chain,561899.12,13
REL24447,ACC100180,ACC101680,Frequent Transactor,271114.0,1
REL24448,ACC100087,ACC101231,Common IP,345751.2,34
REL24449,ACC100327,ACC101474,Shared Device,850757.49,48
REL24450,ACC101385,ACC100183,Common IP,915246.39,49
REL24451,ACC101703,ACC101437,Shared Device,604615.35,26
REL24452,ACC100652,ACC101423,Mule Chain,853748.98,43
REL24453,ACC100535,ACC101074,Mule Chain,455100.34,9
REL24454,ACC100184,ACC100690,Beneficiary,47794.5,13
REL24455,ACC101209,ACC101307,Co-holder,701852.26,46
REL24456,ACC100056,ACC100254,Frequent Transactor,409818.13,10
REL24457,ACC100156,ACC101107,Co-holder,254887.88,25
REL24458,ACC101509,ACC101789,Beneficiary,569134.6,47
REL24459,ACC100346,ACC100081,Co-holder,248820.61,24
REL24460,ACC101349,ACC101295,Beneficiary,393524.18,9
REL24461,ACC100078,ACC100269,Common IP,652156.95,9
REL24462,ACC101200,ACC100516,Shared Device,282976.15,24
REL24463,ACC101979,ACC100197,Mule Chain,632643.85,39
REL24464,ACC101919,ACC101111,Shared Device,275188.79,41
REL24465,ACC101355,ACC101077,Beneficiary,755328.06,31
REL24466,ACC101807,ACC101286,Common IP,678015.58,43
REL24467,ACC100087,ACC101448,Co-holder,66418.76,32
REL24468,ACC100493,ACC101638,Frequent Transactor,666670.81,6
REL24469,ACC100730,ACC100828,Common IP,30953.51,7
REL24470,ACC100420,ACC101521,Shared Device,590620.84,48
REL24471,ACC100968,ACC100829,Beneficiary,609987.38,18
REL24472,ACC100718,ACC100944,Co-holder,161304.09,45
REL24473,ACC101283,ACC100090,Common IP,315623.58,2
REL24474,ACC100887,ACC101099,Frequent Transactor,856076.39,46
REL24475,ACC100858,ACC101208,Co-holder,104361.05,36
REL24476,ACC101671,ACC100906,Mule Chain,677325.55,47
REL24477,ACC101337,ACC100588,Mule Chain,324205.65,31
REL24478,ACC101749,ACC100159,Common IP,93716.71,2
REL24479,ACC101470,ACC100257,Common IP,959818.81,20
REL24480,ACC100898,ACC100938,Common IP,50758.7,31
REL24481,ACC101479,ACC100278,Common IP,572513.82,11
REL24482,ACC100396,ACC101610,Shared Device,982603.15,7
REL24483,ACC101329,ACC100444,Shared Device,957599.42,14
REL24484,ACC100913,ACC100274,Shared Device,996207.57,35
REL24485,ACC100238,ACC101143,Co-holder,393867.56,11
REL24486,ACC101772,ACC100306,Common IP,101942.98,4
REL24487,ACC101075,ACC101903,Common IP,88744.66,47
REL24488,ACC100571,ACC101928,Beneficiary,45813.46,39
REL24489,ACC101686,ACC100439,Frequent Transactor,413344.28,37
REL24490,ACC101945,ACC101408,Beneficiary,545438.5,31
REL24491,ACC101559,ACC100266,Common IP,82504.28,33
REL24492,ACC100588,ACC100795,Mule Chain,292961.09,12
REL24493,ACC100924,ACC101606,Co-holder,91049.95,50
REL24494,ACC100321,ACC100720,Beneficiary,902763.16,50
REL24495,ACC100792,ACC101396,Mule Chain,231796.11,32
REL24496,ACC100260,ACC100966,Common IP,213642.38,5
REL24497,ACC100276,ACC101519,Beneficiary,434033.41,50
REL24498,ACC100799,ACC100790,Frequent Transactor,711586.86,26
REL24499,ACC101830,ACC101816,Shared Device,893797.44,26
REL24500,ACC100227,ACC100528,Mule Chain,981357.21,26
REL90001,ACC100001,ACC100002,Beneficiary,142328.49,8
REL90002,ACC100001,ACC100003,Mule Chain,25925.1,2
REL90003,ACC100001,ACC100004,Beneficiary,155017.42,8
REL90004,ACC100001,ACC100005,Common IP,123424.46,1
REL90005,ACC100001,ACC100006,Frequent Transactor,186053.15,7
REL90010,ACC100002,ACC100001,Shared Device,92767.76,7
REL90012,ACC100002,ACC100003,Beneficiary,29082.95,5
REL90013,ACC100002,ACC100004,Frequent Transactor,117882.59,5
REL90014,ACC100002,ACC100005,Mule Chain,90071.38,3
REL90015,ACC100002,ACC100006,Co-holder,157964.08,2
REL90020,ACC100003,ACC100001,Mule Chain,18959.02,8
REL90021,ACC100003,ACC100002,Frequent Transactor,63179.61,10
REL90023,ACC100003,ACC100004,Common IP,22230.51,10
REL90024,ACC100003,ACC100005,Mule Chain,32734.05,8
REL90025,ACC100003,ACC100006,Shared Device,103018.19,10
REL90030,ACC100004,ACC100001,Beneficiary,19457.56,7
REL90031,ACC100004,ACC100002,Common IP,192977.49,3
REL90032,ACC100004,ACC100003,Frequent Transactor,142918.43,7
REL90034,ACC100004,ACC100005,Shared Device,180666.12,2
REL90035,ACC100004,ACC100006,Frequent Transactor,127047.3,6
REL90040,ACC100005,ACC100001,Frequent Transactor,137765.83,10
REL90041,ACC100005,ACC100002,Co-holder,196200.8,7
REL90042,ACC100005,ACC100003,Common IP,85064.12,5
REL90043,ACC100005,ACC100004,Shared Device,83414.46,2
REL90045,ACC100005,ACC100006,Frequent Transactor,117018.15,2
REL90050,ACC100006,ACC100001,Beneficiary,12544.14,1
REL90051,ACC100006,ACC100002,Beneficiary,67339.35,7
REL90052,ACC100006,ACC100003,Shared Device,159223.26,6
REL90053,ACC100006,ACC100004,Co-holder,129713.48,4
REL90054,ACC100006,ACC100005,Common IP,81909.75,2
