historical_case_id,district_id,withdrawal_location_id,fraud_type,fraud_amount,transaction_hour,city,latitude,longitude,account_risk,transaction_velocity,distance_to_location,atm_density,historical_similarity,withdrawal_zone,outcome
HC30001,TN04,OSM00850,UPI Fraud,270680.01,7,Coimbatore,11.0162,77.0234,0.51,20,8.58,1,0.29,OSM00850,No Activity
HC30002,TN03,OSM00010,UPI Fraud,180325.84,19,Chennai,12.9864,80.2346,0.86,19,30.8,19,0.46,OSM00010,Withdrawal Detected
HC30003,TN04,OSM00678,Card Skimming,94566.09,7,Coimbatore,11.0785,76.9418,0.84,6,27.63,4,0.91,OSM00678,No Activity
HC30004,TN03,OSM01591,Phishing,153935.89,12,Chennai,12.9471,80.2098,0.88,24,34.18,19,0.55,OSM01591,No Activity
HC30005,TN12,OSM01340,OTP Fraud,6204.64,1,Krishnagiri,12.5434,78.3545,0.92,6,9.01,18,0.52,OSM01340,No Activity
HC30006,TN19,OSM01585,Phishing,295933.34,9,Pudukkottai,10.0939,78.7869,0.98,18,32.79,16,0.59,OSM01585,No Activity
HC30007,TN25,OSM01089,SIM Swap,69364.06,15,Thanjavur,10.9283,79.3583,0.53,7,1.65,6,0.42,OSM01089,Withdrawal Attempted
HC30008,TN08,OSM00474,Romance Scam,283260.61,13,Erode,11.45,77.7716,0.59,23,45.46,1,0.26,OSM00474,Withdrawal Attempted
HC30009,TN05,OSM01092,Job Fraud,247221.67,10,Cuddalore,11.6043,79.5439,0.8,15,2.18,9,0.17,OSM01092,No Activity
HC30010,TN29,OSM01066,Phishing,190539.06,7,Thoothukudi,8.6569,77.9996,0.88,15,28.21,9,0.18,OSM01066,No Activity
HC30011,TN04,OSM00691,Investment Scam,273400.04,16,Coimbatore,11.2409,76.96,0.74,5,48.67,16,0.41,OSM00691,No Activity
HC30012,TN04,OSM00116,UPI Fraud,253790.57,18,Coimbatore,10.9948,76.9593,0.6,22,4.0,9,0.6,OSM00116,No Activity
HC30013,TN25,OSM00045,Phishing,177365.37,19,Thanjavur,10.7693,79.1132,0.56,11,29.73,17,0.77,OSM00045,Withdrawal Attempted
HC30014,TN03,OSM00164,SIM Swap,226013.75,9,Chennai,12.9763,80.1884,0.54,5,17.15,20,0.29,OSM00164,Withdrawal Attempted
HC30015,TN33,OSM01022,Investment Scam,71598.79,19,Tiruppur,11.142,77.2046,0.55,15,15.33,16,0.42,OSM01022,No Activity
HC30016,TN05,OSM00879,OTP Fraud,267253.79,3,Cuddalore,11.7661,79.745,0.91,22,31.63,7,0.79,OSM00879,No Activity
HC30017,TN29,OSM01372,Card Skimming,225525.58,12,Thoothukudi,8.8043,78.1504,0.4,2,15.49,11,0.4,OSM01372,No Activity
HC30018,TN03,OSM00510,UPI Fraud,35400.67,19,Chennai,12.9227,80.1496,0.91,24,39.27,14,0.37,OSM00510,Withdrawal Attempted
HC30019,TN03,OSM00461,Phishing,56895.97,23,Chennai,13.0649,80.1936,0.49,9,32.79,8,0.9,OSM00461,Withdrawal Detected
HC30020,TN35,OSM00003,Romance Scam,295722.41,1,The Nilgiris,11.4079,76.7068,0.78,20,7.49,11,0.97,OSM00003,Withdrawal Detected
HC30021,TN27,OSM01307,Loan Fraud,205126.74,19,Tiruvallur,12.9323,80.0453,0.41,7,31.7,3,0.57,OSM01307,No Activity
HC30022,TN19,OSM01585,UPI Fraud,20489.05,0,Pudukkottai,10.0939,78.7869,0.74,9,38.62,12,0.97,OSM01585,Withdrawal Detected
HC30023,TN33,OSM00212,OTP Fraud,257052.51,23,Tiruppur,11.2358,77.1075,0.43,10,23.21,6,0.9,OSM00212,Withdrawal Attempted
HC30024,TN24,OSM01488,UPI Fraud,5944.55,22,Tenkasi,9.0894,77.3477,0.79,5,39.33,17,0.42,OSM01488,Withdrawal Detected
HC30025,TN04,OSM00351,Investment Scam,201162.71,0,Coimbatore,11.0285,76.9019,0.89,9,42.6,8,0.33,OSM00351,Withdrawal Attempted
HC30026,TN29,OSM01050,Investment Scam,110615.78,23,Thoothukudi,8.7346,78.0001,0.41,7,41.23,8,0.76,OSM01050,Withdrawal Detected
HC30027,TN03,OSM00631,Phishing,32275.13,1,Chennai,13.0855,80.1925,0.54,23,12.7,18,0.49,OSM00631,Withdrawal Detected
HC30028,TN03,OSM01572,UPI Fraud,90153.36,10,Chennai,13.0661,80.1953,0.47,14,45.37,14,0.34,OSM01572,Withdrawal Attempted
HC30029,TN19,OSM01138,Loan Fraud,92568.6,21,Pudukkottai,10.0735,78.7774,0.99,17,36.28,4,0.13,OSM01138,Withdrawal Detected
HC30030,TN04,OSM00745,Romance Scam,84878.63,11,Coimbatore,11.0788,76.9419,0.49,16,41.77,4,0.34,OSM00745,No Activity
HC30031,TN03,OSM00149,SIM Swap,90778.09,3,Chennai,13.0367,80.2164,0.62,25,29.69,20,0.88,OSM00149,No Activity
HC30032,TN03,OSM00165,OTP Fraud,128096.34,8,Chennai,12.9937,80.1854,0.69,5,19.43,16,0.19,OSM00165,Withdrawal Detected
HC30033,TN35,OSM00084,Card Skimming,185316.18,11,The Nilgiris,11.2997,76.9387,0.45,20,8.99,4,0.58,OSM00084,Withdrawal Attempted
HC30034,TN13,OSM00489,Romance Scam,237006.6,13,Madurai,9.922,78.1488,0.74,22,24.53,4,0.5,OSM00489,No Activity
HC30035,TN04,OSM00404,Loan Fraud,66688.55,15,Coimbatore,11.026,76.9062,0.62,9,48.99,7,0.75,OSM00404,Withdrawal Attempted
HC30036,TN29,OSM01372,OTP Fraud,299040.93,22,Thoothukudi,8.8043,78.1504,0.4,10,25.23,20,0.44,OSM01372,Withdrawal Detected
HC30037,TN25,OSM01354,Investment Scam,271469.94,6,Thanjavur,10.7971,79.1377,0.85,25,21.0,8,0.27,OSM01354,No Activity
HC30038,TN04,OSM01536,Phishing,120056.78,5,Coimbatore,11.0395,76.9293,0.57,5,29.24,11,0.32,OSM01536,Withdrawal Detected
HC30039,TN29,OSM01143,Loan Fraud,11782.23,7,Thoothukudi,9.1496,77.9874,0.97,25,12.94,8,0.43,OSM01143,Withdrawal Detected
HC30040,TN13,OSM00431,SIM Swap,58145.09,10,Madurai,9.9487,78.1625,0.92,15,13.83,18,0.88,OSM00431,Withdrawal Detected
HC30041,TN07,OSM00787,OTP Fraud,63705.84,19,Dindigul,10.3603,77.9795,0.5,3,24.96,13,0.58,OSM00787,Withdrawal Detected
HC30042,TN04,OSM00089,UPI Fraud,168835.27,14,Coimbatore,11.0318,76.9506,0.49,7,12.94,5,0.62,OSM00089,No Activity
HC30043,TN13,OSM01463,UPI Fraud,264831.88,12,Madurai,9.9321,78.0939,0.52,20,41.49,16,0.51,OSM01463,No Activity
HC30044,TN03,OSM00364,SIM Swap,196663.14,5,Chennai,13.0695,80.2246,0.78,5,6.27,14,0.8,OSM00364,No Activity
HC30045,TN11,OSM00437,SIM Swap,235362.63,14,Karur,10.8522,77.8482,0.87,11,11.52,3,0.54,OSM00437,No Activity
HC30046,TN05,OSM01222,Phishing,251935.23,13,Cuddalore,11.6113,79.5489,0.59,25,34.93,10,0.41,OSM01222,No Activity
HC30047,TN35,OSM00083,Romance Scam,235435.7,15,The Nilgiris,11.2981,76.9394,0.58,4,44.46,10,0.77,OSM00083,Withdrawal Detected
HC30048,TN38,OSM00920,SIM Swap,9155.56,11,Virudhunagar,9.5847,77.955,0.74,5,30.71,5,0.92,OSM00920,Withdrawal Attempted
HC30049,TN04,OSM00116,OTP Fraud,32856.69,3,Coimbatore,10.9948,76.9593,0.83,20,29.36,15,0.88,OSM00116,Withdrawal Attempted
HC30050,TN31,OSM01127,Romance Scam,275044.06,1,Tirunelveli,8.7192,77.7327,0.8,15,22.68,1,0.96,OSM01127,Withdrawal Attempted
HC30051,TN08,OSM00420,Romance Scam,102982.0,12,Erode,11.4551,77.4389,0.77,6,11.3,18,0.19,OSM00420,Withdrawal Detected
HC30052,TN03,OSM00962,Card Skimming,163582.18,1,Chennai,13.0602,80.2603,0.47,14,38.39,18,0.95,OSM00962,No Activity
HC30053,TN07,OSM01262,Card Skimming,269462.42,21,Dindigul,10.3548,77.9614,0.86,11,26.93,13,0.17,OSM01262,Withdrawal Attempted
HC30054,TN03,OSM00788,OTP Fraud,124682.67,17,Chennai,13.056,80.2426,0.66,11,45.35,18,0.52,OSM00788,Withdrawal Detected
HC30055,TN34,OSM00180,Romance Scam,272283.92,21,Tiruvannamalai,12.109,79.2462,0.71,4,4.24,5,0.19,OSM00180,No Activity
HC30056,TN30,OSM00689,Romance Scam,215417.63,21,Tiruchirappalli,10.8337,78.6931,0.81,6,42.25,1,0.23,OSM00689,Withdrawal Detected
HC30057,TN03,OSM00324,Loan Fraud,294292.98,9,Chennai,12.9641,80.2139,0.41,20,37.77,4,0.33,OSM00324,Withdrawal Detected
HC30058,TN05,OSM01216,OTP Fraud,223335.26,11,Cuddalore,11.7179,79.7687,0.43,10,38.51,5,0.94,OSM01216,No Activity
HC30059,TN05,OSM01010,Romance Scam,113938.69,22,Cuddalore,11.5569,79.5546,0.53,17,25.9,14,0.76,OSM01010,Withdrawal Detected
HC30060,TN29,OSM01419,Identity Theft,59864.09,18,Thoothukudi,8.7403,78.1224,0.57,4,4.66,14,0.58,OSM01419,Withdrawal Attempted
HC30061,TN03,OSM01311,Romance Scam,292449.75,23,Chennai,12.8639,80.2424,0.76,2,28.31,20,0.87,OSM01311,No Activity
HC30062,TN03,OSM00157,Job Fraud,153942.07,1,Chennai,12.9455,80.2394,0.88,11,1.22,2,0.97,OSM00157,No Activity
HC30063,TN22,OSM00344,OTP Fraud,295616.93,14,Salem,11.6255,78.1471,0.5,14,48.53,8,0.86,OSM00344,Withdrawal Attempted
HC30064,TN03,OSM00723,SIM Swap,281451.4,0,Chennai,13.0042,80.2017,0.88,17,2.38,4,0.74,OSM00723,Withdrawal Attempted
HC30065,TN12,OSM01420,Phishing,115373.68,23,Krishnagiri,12.7167,77.8777,0.83,10,47.53,8,0.85,OSM01420,Withdrawal Attempted
HC30066,TN31,OSM01126,Loan Fraud,57486.9,13,Tirunelveli,8.7276,77.7227,0.66,3,39.92,18,0.91,OSM01126,No Activity
HC30067,TN04,OSM00642,UPI Fraud,83849.13,15,Coimbatore,11.0254,76.9062,0.88,17,3.55,5,0.39,OSM00642,No Activity
HC30068,TN13,OSM01483,Identity Theft,27067.53,0,Madurai,9.9343,78.0966,0.82,17,32.05,18,0.83,OSM01483,Withdrawal Detected
HC30069,TN33,OSM01574,Phishing,154115.39,4,Tiruppur,11.1879,77.2773,0.58,15,39.7,16,0.15,OSM01574,Withdrawal Attempted
HC30070,TN29,OSM01031,Identity Theft,31571.45,11,Thoothukudi,8.7425,78.0455,0.77,8,6.88,18,0.87,OSM01031,Withdrawal Detected
HC30071,TN25,OSM00272,Job Fraud,88614.11,11,Thanjavur,10.7873,79.1397,0.43,16,30.67,14,0.54,OSM00272,Withdrawal Attempted
HC30072,TN12,OSM01299,Card Skimming,129403.77,2,Krishnagiri,12.3468,78.2917,0.89,7,2.41,8,0.88,OSM01299,No Activity
HC30073,TN04,OSM00442,Loan Fraud,49935.97,18,Coimbatore,11.02,76.9398,0.7,14,39.13,20,0.47,OSM00442,No Activity
HC30074,TN04,OSM01339,Investment Scam,258495.5,20,Coimbatore,11.1025,76.9318,0.5,10,18.79,17,0.5,OSM01339,No Activity
HC30075,TN24,OSM00205,SIM Swap,130489.53,4,Tenkasi,9.3086,77.5485,0.66,15,23.39,6,0.5,OSM00205,No Activity
HC30076,TN35,OSM00093,Investment Scam,281686.13,2,The Nilgiris,11.3055,76.9353,0.94,8,5.9,19,0.77,OSM00093,No Activity
HC30077,TN29,OSM00880,OTP Fraud,74383.08,16,Thoothukudi,8.8042,78.1209,0.54,15,31.67,14,0.62,OSM00880,Withdrawal Detected
HC30078,TN04,OSM00702,UPI Fraud,146727.3,2,Coimbatore,11.0278,76.9517,0.58,25,4.78,1,0.36,OSM00702,Withdrawal Attempted
HC30079,TN37,OSM00826,SIM Swap,179273.71,5,Viluppuram,11.9751,79.2234,0.98,14,40.29,13,0.27,OSM00826,Withdrawal Detected
HC30080,TN35,OSM00174,Job Fraud,7850.38,16,The Nilgiris,11.4044,76.6966,0.4,2,22.36,13,0.68,OSM00174,Withdrawal Attempted
HC30081,TN24,OSM00204,Phishing,285164.7,6,Tenkasi,9.3094,77.5486,0.52,16,45.55,9,0.64,OSM00204,No Activity
HC30082,TN05,OSM00761,UPI Fraud,37634.11,9,Cuddalore,11.8646,79.7578,0.96,7,48.59,3,0.77,OSM00761,No Activity
HC30083,TN35,OSM00083,Romance Scam,133291.88,1,The Nilgiris,11.2981,76.9394,0.98,4,13.56,8,0.88,OSM00083,Withdrawal Attempted
HC30084,TN03,OSM00509,Investment Scam,136699.01,0,Chennai,12.9227,80.1441,0.41,22,5.13,5,0.24,OSM00509,Withdrawal Detected
HC30085,TN19,OSM00477,UPI Fraud,9744.8,2,Pudukkottai,10.0814,78.771,0.76,25,8.3,18,0.9,OSM00477,No Activity
HC30086,TN04,OSM00088,Romance Scam,257818.17,17,Coimbatore,11.0041,76.9835,0.7,6,1.94,12,0.4,OSM00088,No Activity
HC30087,TN03,OSM00723,Job Fraud,184813.45,16,Chennai,13.0042,80.2017,0.66,24,33.89,20,0.67,OSM00723,Withdrawal Attempted
HC30088,TN22,OSM00775,OTP Fraud,126056.23,6,Salem,11.5966,78.0849,0.5,5,21.8,17,0.26,OSM00775,Withdrawal Detected
HC30089,TN29,OSM01384,Identity Theft,26408.95,5,Thoothukudi,8.8004,78.1474,0.46,9,36.03,1,0.24,OSM01384,Withdrawal Detected
HC30090,TN22,OSM00483,Loan Fraud,289392.15,13,Salem,11.6714,78.1136,0.48,12,12.29,9,0.36,OSM00483,Withdrawal Attempted
HC30091,TN09,OSM00885,Investment Scam,255499.6,23,Kallakurichi,11.5332,79.3166,0.43,5,0.36,6,0.46,OSM00885,No Activity
HC30092,TN02,OSM00038,SIM Swap,75901.69,1,Chengalpattu,12.6179,80.1941,0.77,16,37.84,20,0.42,OSM00038,Withdrawal Detected
HC30093,TN16,OSM01148,Card Skimming,53133.4,7,Kanniyakumari,8.3154,77.2025,0.52,24,28.35,12,0.19,OSM01148,No Activity
HC30094,TN22,OSM01444,Identity Theft,7589.23,2,Salem,11.6715,78.1138,0.55,8,3.94,6,0.81,OSM01444,Withdrawal Detected
HC30095,TN08,OSM00279,Identity Theft,295855.13,3,Erode,11.3336,77.7189,0.76,6,38.91,10,0.74,OSM00279,Withdrawal Attempted
HC30096,TN05,OSM01073,OTP Fraud,129963.53,8,Cuddalore,11.7469,79.7565,0.56,18,19.69,20,0.67,OSM01073,No Activity
HC30097,TN13,OSM01453,Card Skimming,142182.26,3,Madurai,9.9221,78.0935,0.59,12,6.26,2,0.89,OSM01453,Withdrawal Detected
HC30098,TN03,OSM01072,UPI Fraud,230982.82,7,Chennai,12.9832,80.166,0.58,17,34.49,5,0.18,OSM01072,Withdrawal Detected
HC30099,TN03,OSM00571,UPI Fraud,173517.42,7,Chennai,12.9288,80.1481,0.82,9,42.4,5,0.55,OSM00571,Withdrawal Attempted
HC30100,TN19,OSM00829,Phishing,136416.85,21,Pudukkottai,10.079,78.7444,0.52,16,45.53,20,0.72,OSM00829,Withdrawal Attempted
HC30101,TN25,OSM00270,Card Skimming,134769.32,8,Thanjavur,10.7786,79.1465,0.45,7,43.85,13,0.24,OSM00270,Withdrawal Attempted
HC30102,TN31,OSM01045,Card Skimming,235619.79,2,Tirunelveli,8.6299,77.9112,0.93,21,43.59,7,0.42,OSM01045,Withdrawal Attempted
HC30103,TN04,OSM00338,Investment Scam,124943.97,7,Coimbatore,10.995,76.973,0.69,2,2.29,5,0.39,OSM00338,Withdrawal Detected
HC30104,TN11,OSM00400,Identity Theft,238785.81,23,Karur,11.0234,78.2841,0.99,14,48.96,14,0.75,OSM00400,No Activity
HC30105,TN16,OSM00466,Job Fraud,106648.52,23,Kanniyakumari,8.1997,77.452,0.86,23,26.07,9,0.54,OSM00466,Withdrawal Attempted
HC30106,TN04,OSM00481,SIM Swap,197212.12,5,Coimbatore,11.2779,76.982,0.99,11,8.98,12,0.89,OSM00481,Withdrawal Detected
HC30107,TN05,OSM01102,Romance Scam,129498.67,23,Cuddalore,11.7315,79.7642,0.4,10,22.52,11,0.93,OSM01102,Withdrawal Detected
HC30108,TN03,OSM00709,Investment Scam,251653.79,14,Chennai,13.0809,80.2687,0.52,6,14.47,15,0.63,OSM00709,No Activity
HC30109,TN30,OSM00393,Job Fraud,101048.29,16,Tiruchirappalli,10.7737,78.6932,0.75,20,25.29,18,0.92,OSM00393,Withdrawal Attempted
HC30110,TN03,OSM01312,Investment Scam,13981.65,11,Chennai,12.8671,80.2429,0.85,7,34.05,2,0.46,OSM01312,Withdrawal Detected
HC30111,TN16,OSM00506,Card Skimming,19906.24,20,Kanniyakumari,8.2755,77.5654,0.95,16,30.9,4,0.13,OSM00506,Withdrawal Detected
HC30112,TN16,OSM01147,Investment Scam,280089.64,15,Kanniyakumari,8.314,77.2037,0.76,19,24.04,5,0.81,OSM01147,No Activity
HC30113,TN37,OSM00822,OTP Fraud,229997.23,5,Viluppuram,11.9379,79.5022,0.53,19,26.7,2,0.91,OSM00822,Withdrawal Detected
HC30114,TN36,OSM00751,Investment Scam,185773.57,17,Vellore,12.9353,79.1516,0.66,10,38.84,6,0.21,OSM00751,Withdrawal Detected
HC30115,TN19,OSM00477,Job Fraud,79932.02,12,Pudukkottai,10.0814,78.771,0.64,11,34.68,18,0.64,OSM00477,Withdrawal Attempted
HC30116,TN03,OSM00507,OTP Fraud,164534.27,23,Chennai,12.9229,80.1324,0.92,9,18.34,17,0.83,OSM00507,No Activity
HC30117,TN25,OSM01081,Loan Fraud,137400.18,23,Thanjavur,10.9712,79.3773,0.47,24,38.14,4,0.42,OSM01081,Withdrawal Attempted
HC30118,TN03,OSM00004,Investment Scam,259491.17,8,Chennai,12.9932,80.1853,0.86,9,15.33,8,0.14,OSM00004,No Activity
HC30119,TN04,OSM00732,SIM Swap,73274.86,22,Coimbatore,11.0135,76.9318,0.96,12,49.26,14,0.48,OSM00732,Withdrawal Attempted
HC30120,TN03,OSM00936,OTP Fraud,128906.95,21,Chennai,13.0997,80.1707,0.51,13,38.12,6,0.46,OSM00936,Withdrawal Attempted
HC30121,TN05,OSM01102,Investment Scam,172312.19,12,Cuddalore,11.7315,79.7642,0.88,23,40.62,13,0.69,OSM01102,No Activity
HC30122,TN03,OSM00185,UPI Fraud,169538.06,14,Chennai,12.9829,80.1901,0.88,19,40.85,2,0.11,OSM00185,Withdrawal Attempted
HC30123,TN25,OSM01205,Identity Theft,222023.77,18,Thanjavur,10.9576,79.3741,0.52,4,29.93,13,0.86,OSM01205,Withdrawal Attempted
HC30124,TN29,OSM01369,Job Fraud,87896.27,8,Thoothukudi,8.7993,78.1331,0.54,21,0.38,14,0.39,OSM01369,Withdrawal Detected
HC30125,TN03,OSM00513,Loan Fraud,221163.65,18,Chennai,12.9223,80.1409,0.93,17,45.08,9,0.61,OSM00513,No Activity
HC30126,TN14,OSM01602,Investment Scam,78262.94,17,Mayiladuthurai,10.9889,79.4375,0.61,14,48.36,17,0.82,OSM01602,Withdrawal Attempted
HC30127,TN03,OSM00601,Job Fraud,251291.35,8,Chennai,12.8304,80.2296,0.89,20,46.6,10,0.68,OSM00601,No Activity
HC30128,TN05,OSM01219,OTP Fraud,80171.42,20,Cuddalore,11.772,79.7604,0.6,24,46.42,4,0.91,OSM01219,Withdrawal Attempted
HC30129,TN26,OSM00171,Investment Scam,199333.86,8,Theni,10.2359,77.4934,0.53,14,19.36,4,0.7,OSM00171,No Activity
HC30130,TN16,OSM01502,Identity Theft,241907.84,2,Kanniyakumari,8.0926,77.5503,0.97,3,34.3,15,0.87,OSM01502,Withdrawal Detected
HC30131,TN03,OSM00040,Identity Theft,289340.11,16,Chennai,12.9519,80.1408,0.92,11,5.47,19,0.35,OSM00040,No Activity
HC30132,TN04,OSM01537,Investment Scam,57133.46,5,Coimbatore,11.0387,76.9264,0.61,14,8.36,12,0.26,OSM01537,No Activity
HC30133,TN08,OSM00425,UPI Fraud,207968.36,7,Erode,11.4503,77.4352,0.93,13,4.38,8,0.26,OSM00425,Withdrawal Detected
HC30134,TN29,OSM01026,Card Skimming,248675.09,10,Thoothukudi,8.8158,78.1336,0.8,11,46.87,13,0.24,OSM01026,Withdrawal Detected
HC30135,TN35,OSM00084,Identity Theft,155284.5,3,The Nilgiris,11.2997,76.9387,0.95,18,47.52,19,0.24,OSM00084,Withdrawal Detected
HC30136,TN03,OSM00975,Phishing,58243.89,6,Chennai,13.0912,80.2825,0.75,12,30.04,15,0.39,OSM00975,Withdrawal Detected
HC30137,TN10,OSM00740,Card Skimming,174727.11,11,Kancheepuram,12.6649,79.5404,0.74,4,15.37,3,0.77,OSM00740,Withdrawal Attempted
HC30138,TN04,OSM00110,Card Skimming,143342.86,20,Coimbatore,11.059,76.9971,0.68,10,1.98,8,0.45,OSM00110,No Activity
HC30139,TN03,OSM00008,OTP Fraud,92558.7,1,Chennai,13.083,80.2744,0.44,20,21.94,2,0.22,OSM00008,Withdrawal Attempted
HC30140,TN30,OSM00292,SIM Swap,115090.83,1,Tiruchirappalli,10.7844,78.7757,0.64,8,25.72,7,0.48,OSM00292,Withdrawal Attempted
HC30141,TN02,OSM00989,Loan Fraud,143275.92,1,Chengalpattu,12.6877,79.9802,0.85,16,20.72,16,0.14,OSM00989,Withdrawal Detected
HC30142,TN04,OSM00081,UPI Fraud,211346.16,3,Coimbatore,10.9969,77.001,0.47,23,8.67,15,0.49,OSM00081,Withdrawal Detected
HC30143,TN03,OSM00416,Identity Theft,122949.53,14,Chennai,13.0448,80.2639,0.48,9,31.86,7,0.71,OSM00416,No Activity
HC30144,TN06,OSM00734,Identity Theft,269149.54,10,Dharmapuri,12.3028,78.0738,0.61,24,3.41,5,0.9,OSM00734,Withdrawal Attempted
HC30145,TN14,OSM01098,Investment Scam,215387.74,1,Mayiladuthurai,11.4347,79.5426,0.93,15,12.52,8,0.83,OSM01098,No Activity
HC30146,TN03,OSM00844,Card Skimming,157852.75,7,Chennai,12.9787,80.1831,0.73,4,3.94,15,0.28,OSM00844,Withdrawal Attempted
HC30147,TN30,OSM00301,Romance Scam,83629.23,12,Tiruchirappalli,10.815,78.6995,0.85,4,36.99,16,0.84,OSM00301,Withdrawal Detected
HC30148,TN08,OSM00473,Romance Scam,58960.52,12,Erode,11.4497,77.7717,0.53,3,45.96,17,0.96,OSM00473,Withdrawal Attempted
HC30149,TN29,OSM01031,OTP Fraud,224748.42,11,Thoothukudi,8.7425,78.0455,0.74,21,26.13,17,0.21,OSM01031,Withdrawal Detected
HC30150,TN16,OSM01067,Phishing,129938.55,3,Kanniyakumari,8.1504,77.5717,0.8,7,45.44,7,0.28,OSM01067,Withdrawal Detected
HC30151,TN30,OSM01164,Loan Fraud,197805.06,18,Tiruchirappalli,10.7272,78.5617,0.93,14,41.82,1,0.86,OSM01164,No Activity
HC30152,TN16,OSM01336,Investment Scam,34401.65,3,Kanniyakumari,8.3866,77.6093,0.59,16,36.19,12,0.13,OSM01336,Withdrawal Attempted
HC30153,TN02,OSM00177,Phishing,186283.09,10,Chengalpattu,12.6198,80.1943,0.4,18,11.01,6,0.46,OSM00177,Withdrawal Detected
HC30154,TN25,OSM00281,SIM Swap,173843.15,13,Thanjavur,10.7899,79.1382,0.64,17,33.56,19,0.29,OSM00281,Withdrawal Detected
HC30155,TN33,OSM01544,Phishing,219659.88,15,Tiruppur,10.9441,77.4363,0.7,19,2.94,17,0.98,OSM01544,No Activity
HC30156,TN16,OSM01147,OTP Fraud,195698.42,19,Kanniyakumari,8.314,77.2037,0.9,25,2.53,12,0.23,OSM01147,Withdrawal Detected
HC30157,TN29,OSM01049,Romance Scam,49488.09,9,Thoothukudi,8.7469,78.0544,0.44,25,8.11,12,0.83,OSM01049,Withdrawal Attempted
HC30158,TN30,OSM00399,Card Skimming,77474.92,12,Tiruchirappalli,10.8574,78.6918,0.89,15,20.97,17,0.37,OSM00399,Withdrawal Detected
HC30159,TN03,OSM01532,Card Skimming,249103.27,1,Chennai,13.3567,80.1422,0.88,19,36.46,7,0.51,OSM01532,Withdrawal Detected
HC30160,TN37,OSM00783,Phishing,147952.73,3,Viluppuram,11.9402,79.4976,0.54,24,32.43,15,0.1,OSM00783,Withdrawal Detected
HC30161,TN25,OSM01081,Card Skimming,153562.61,6,Thanjavur,10.9712,79.3773,0.51,2,34.14,19,0.54,OSM01081,Withdrawal Detected
HC30162,TN03,OSM00859,OTP Fraud,159906.91,8,Chennai,12.9693,80.1902,0.96,17,16.98,18,0.12,OSM00859,Withdrawal Detected
HC30163,TN18,OSM01249,Phishing,82409.35,13,Perambalur,11.1378,78.5918,0.92,7,20.46,1,0.59,OSM01249,Withdrawal Attempted
HC30164,TN04,OSM00114,Phishing,250864.61,0,Coimbatore,10.9937,76.9618,0.68,6,9.1,17,0.79,OSM00114,No Activity
HC30165,TN31,OSM00915,UPI Fraud,164362.57,19,Tirunelveli,8.7219,77.6582,0.83,12,7.24,2,0.66,OSM00915,No Activity
HC30166,TN18,OSM01250,Identity Theft,244159.52,23,Perambalur,11.139,78.5919,0.47,22,38.81,20,0.98,OSM01250,No Activity
HC30167,TN35,OSM00094,Phishing,217478.02,17,The Nilgiris,11.3086,76.9328,0.66,4,3.07,20,0.2,OSM00094,No Activity
HC30168,TN03,OSM00858,Card Skimming,120728.9,17,Chennai,13.0496,80.1815,0.47,7,26.22,7,0.7,OSM00858,Withdrawal Detected
HC30169,TN12,OSM01424,SIM Swap,31304.56,6,Krishnagiri,12.7054,77.8448,0.75,19,31.29,3,0.11,OSM01424,No Activity
HC30170,TN38,OSM00496,Investment Scam,296958.65,9,Virudhunagar,9.4519,77.7918,0.47,8,3.23,16,0.5,OSM00496,Withdrawal Attempted
HC30171,TN26,OSM00464,SIM Swap,279110.06,2,Theni,9.9999,77.6182,0.92,22,30.96,18,0.9,OSM00464,No Activity
HC30172,TN04,OSM01317,OTP Fraud,184783.64,7,Coimbatore,11.026,77.0192,0.98,25,2.12,3,0.44,OSM01317,Withdrawal Detected
HC30173,TN09,OSM01295,Romance Scam,163905.33,23,Kallakurichi,11.518,79.3379,0.43,15,10.35,20,0.66,OSM01295,Withdrawal Attempted
HC30174,TN33,OSM01577,Loan Fraud,199994.73,17,Tiruppur,11.1903,77.2688,0.87,19,17.09,19,0.27,OSM01577,Withdrawal Attempted
HC30175,TN04,OSM00077,Card Skimming,152108.91,10,Coimbatore,11.0269,76.947,0.72,23,5.49,18,0.64,OSM00077,Withdrawal Detected
HC30176,TN07,OSM01158,OTP Fraud,176340.68,2,Dindigul,10.4727,77.7949,0.74,24,25.51,14,0.69,OSM01158,Withdrawal Detected
HC30177,TN08,OSM00387,Investment Scam,180598.43,18,Erode,11.4587,77.4401,0.93,23,0.36,4,0.24,OSM00387,Withdrawal Attempted
HC30178,TN16,OSM00200,Job Fraud,119455.29,6,Kanniyakumari,8.1792,77.4223,0.53,20,22.6,19,1.0,OSM00200,Withdrawal Detected
HC30179,TN03,OSM01575,Investment Scam,202405.62,16,Chennai,12.9299,80.1274,0.64,12,20.98,11,0.28,OSM01575,Withdrawal Detected
HC30180,TN35,OSM00282,SIM Swap,90137.08,10,The Nilgiris,11.424,76.866,0.69,12,42.4,1,0.84,OSM00282,Withdrawal Attempted
HC30181,TN29,OSM01391,Loan Fraud,38781.04,13,Thoothukudi,8.7962,78.1516,0.73,24,28.52,2,0.85,OSM01391,Withdrawal Attempted
HC30182,TN29,OSM01562,Card Skimming,210042.16,5,Thoothukudi,8.7929,78.1204,0.52,5,8.45,12,0.67,OSM01562,Withdrawal Detected
HC30183,TN26,OSM01176,OTP Fraud,267046.54,8,Theni,10.4504,77.5155,0.9,18,25.01,7,0.95,OSM01176,Withdrawal Attempted
HC30184,TN16,OSM00379,OTP Fraud,138427.61,20,Kanniyakumari,8.2987,77.4441,0.43,4,47.48,11,0.43,OSM00379,Withdrawal Detected
HC30185,TN04,OSM00110,Investment Scam,61445.48,15,Coimbatore,11.059,76.9971,0.65,5,11.47,18,0.19,OSM00110,Withdrawal Attempted
HC30186,TN29,OSM00899,Card Skimming,200195.91,4,Thoothukudi,8.5193,78.1169,0.97,24,46.56,17,0.1,OSM00899,Withdrawal Attempted
HC30187,TN37,OSM00553,Romance Scam,50727.21,15,Viluppuram,11.9334,79.4926,0.93,14,23.28,20,0.48,OSM00553,Withdrawal Detected
HC30188,TN04,OSM00458,Job Fraud,16450.39,10,Coimbatore,11.0019,77.0284,0.77,21,10.53,20,0.27,OSM00458,Withdrawal Detected
HC30189,TN04,OSM00808,Card Skimming,180907.07,13,Coimbatore,11.2453,76.8721,0.97,8,10.09,13,0.53,OSM00808,Withdrawal Detected
HC30190,TN03,OSM01308,Romance Scam,289320.38,17,Chennai,13.1839,80.3086,0.85,19,45.16,13,0.96,OSM01308,Withdrawal Detected
HC30191,TN08,OSM00474,SIM Swap,221988.2,4,Erode,11.45,77.7716,0.86,6,26.19,4,0.74,OSM00474,No Activity
HC30192,TN03,OSM00402,Card Skimming,257290.79,23,Chennai,13.0339,80.2497,0.77,12,9.45,9,0.65,OSM00402,No Activity
HC30193,TN13,OSM01463,Investment Scam,201063.09,11,Madurai,9.9321,78.0939,0.84,24,17.87,9,0.17,OSM01463,Withdrawal Detected
HC30194,TN03,OSM00793,Job Fraud,228294.36,16,Chennai,13.0533,80.2473,0.69,9,28.51,3,0.54,OSM00793,Withdrawal Attempted
HC30195,TN30,OSM00653,Phishing,237396.08,8,Tiruchirappalli,10.7719,78.7953,0.71,4,11.83,14,0.52,OSM00653,Withdrawal Detected
HC30196,TN30,OSM00429,Loan Fraud,87461.38,3,Tiruchirappalli,10.8204,78.6837,0.65,8,22.22,19,0.83,OSM00429,Withdrawal Attempted
HC30197,TN10,OSM00740,Loan Fraud,263543.09,11,Kancheepuram,12.6649,79.5404,0.99,7,24.59,19,0.54,OSM00740,No Activity
HC30198,TN27,OSM01307,SIM Swap,53666.24,21,Tiruvallur,12.9323,80.0453,0.52,4,11.26,8,0.2,OSM01307,Withdrawal Detected
HC30199,TN13,OSM00432,Card Skimming,75688.87,23,Madurai,9.9487,78.1624,0.54,14,4.54,3,0.82,OSM00432,Withdrawal Attempted
HC30200,TN29,OSM01395,SIM Swap,37247.71,19,Thoothukudi,8.7921,78.1425,0.97,5,35.95,7,0.27,OSM01395,No Activity
HC30201,TN05,OSM01092,SIM Swap,51560.8,10,Cuddalore,11.6043,79.5439,0.43,4,27.63,12,0.24,OSM01092,Withdrawal Attempted
HC30202,TN37,OSM01000,Job Fraud,202251.03,16,Viluppuram,11.9378,79.5033,0.48,8,40.79,2,0.52,OSM01000,Withdrawal Attempted
HC30203,TN29,OSM01397,Job Fraud,2263.71,7,Thoothukudi,8.8081,78.1484,0.5,15,36.27,9,0.31,OSM01397,Withdrawal Detected
HC30204,TN09,OSM01283,Loan Fraud,179330.41,0,Kallakurichi,11.5346,79.1264,0.87,3,13.51,15,0.82,OSM01283,No Activity
HC30205,TN16,OSM00503,OTP Fraud,278628.05,6,Kanniyakumari,8.1736,77.4397,0.64,2,18.59,8,0.96,OSM00503,No Activity
HC30206,TN03,OSM01308,Phishing,287755.54,22,Chennai,13.1839,80.3086,0.41,5,32.19,12,0.18,OSM01308,Withdrawal Detected
HC30207,TN34,OSM00535,Romance Scam,289030.7,14,Tiruvannamalai,12.5141,79.1284,0.82,18,45.51,12,0.4,OSM00535,Withdrawal Detected
HC30208,TN03,OSM00637,Job Fraud,192485.77,1,Chennai,12.9286,80.1118,0.83,15,4.77,11,0.7,OSM00637,Withdrawal Detected
HC30209,TN30,OSM00396,Romance Scam,239904.42,12,Tiruchirappalli,10.8484,78.6898,0.93,8,11.51,15,0.95,OSM00396,Withdrawal Attempted
HC30210,TN22,OSM00413,SIM Swap,184419.37,20,Salem,11.6294,78.1485,0.47,3,7.61,5,0.82,OSM00413,Withdrawal Detected
HC30211,TN22,OSM00413,SIM Swap,256969.95,8,Salem,11.6294,78.1485,0.72,22,21.89,2,0.94,OSM00413,Withdrawal Detected
HC30212,TN13,OSM00431,UPI Fraud,236013.37,0,Madurai,9.9487,78.1625,0.72,9,25.71,9,0.63,OSM00431,No Activity
HC30213,TN12,OSM01185,OTP Fraud,150178.36,4,Krishnagiri,12.7358,77.8284,0.56,22,26.34,20,0.73,OSM01185,No Activity
HC30214,TN03,OSM00210,Identity Theft,112558.71,21,Chennai,12.9828,80.1916,0.63,3,30.25,4,0.88,OSM00210,No Activity
HC30215,TN12,OSM01233,Loan Fraud,79845.87,0,Krishnagiri,12.665,78.0061,0.63,6,31.91,12,0.45,OSM01233,Withdrawal Detected
HC30216,TN12,OSM01233,Phishing,174449.76,0,Krishnagiri,12.665,78.0061,0.62,14,24.2,11,0.2,OSM01233,No Activity
HC30217,TN31,OSM00939,OTP Fraud,228453.05,21,Tirunelveli,8.5139,77.5569,0.69,24,28.49,9,0.33,OSM00939,Withdrawal Detected
HC30218,TN35,OSM00032,Romance Scam,132625.7,12,The Nilgiris,11.3003,76.9386,0.73,10,25.66,4,0.63,OSM00032,Withdrawal Detected
HC30219,TN03,OSM00397,SIM Swap,21527.85,22,Chennai,13.0552,80.2578,0.46,18,49.23,2,0.27,OSM00397,No Activity
HC30220,TN13,OSM00744,Phishing,273238.19,8,Madurai,9.9154,78.1255,0.93,13,12.89,11,0.96,OSM00744,Withdrawal Detected
HC30221,TN03,OSM00462,Romance Scam,202369.47,20,Chennai,13.0384,80.247,0.75,14,1.46,15,0.68,OSM00462,Withdrawal Detected
HC30222,TN13,OSM01410,Phishing,6183.92,11,Madurai,9.9214,78.1278,0.79,4,34.61,7,0.9,OSM01410,Withdrawal Detected
HC30223,TN03,OSM00965,Card Skimming,274733.71,22,Chennai,13.0985,80.2923,0.45,11,37.89,5,0.13,OSM00965,No Activity
HC30224,TN04,OSM00668,Investment Scam,297541.07,9,Coimbatore,11.0171,76.9643,0.61,13,0.73,3,0.6,OSM00668,Withdrawal Detected
HC30225,TN12,OSM01345,Card Skimming,245859.32,8,Krishnagiri,12.7493,77.8061,0.87,19,32.39,1,0.62,OSM01345,No Activity
HC30226,TN12,OSM01345,SIM Swap,288527.94,17,Krishnagiri,12.7493,77.8061,0.53,4,28.87,18,0.91,OSM01345,Withdrawal Detected
HC30227,TN38,OSM01243,SIM Swap,133381.61,16,Virudhunagar,9.5943,77.9541,0.79,22,39.82,8,0.32,OSM01243,No Activity
HC30228,TN25,OSM01355,SIM Swap,143711.76,6,Thanjavur,10.7632,79.1284,0.51,20,2.06,7,0.73,OSM01355,Withdrawal Detected
HC30229,TN22,OSM00343,OTP Fraud,103170.76,6,Salem,11.6322,78.1276,0.77,3,14.93,3,0.13,OSM00343,No Activity
HC30230,TN12,OSM01233,Phishing,88100.59,11,Krishnagiri,12.665,78.0061,0.7,24,7.92,7,1.0,OSM01233,No Activity
HC30231,TN38,OSM01376,Identity Theft,117173.83,0,Virudhunagar,9.1658,77.8755,0.63,25,45.87,5,0.5,OSM01376,Withdrawal Detected
HC30232,TN08,OSM00766,Romance Scam,84882.01,5,Erode,11.3481,77.719,0.44,5,9.11,16,0.12,OSM00766,Withdrawal Detected
HC30233,TN09,OSM01282,OTP Fraud,170570.52,11,Kallakurichi,11.5377,79.1295,0.79,16,48.31,5,0.91,OSM01282,Withdrawal Attempted
HC30234,TN03,OSM00683,Investment Scam,184500.9,5,Chennai,12.9774,80.2513,0.99,24,37.98,15,0.86,OSM00683,Withdrawal Detected
HC30235,TN03,OSM01520,Job Fraud,152673.46,16,Chennai,13.0561,80.1934,0.44,11,42.63,17,0.65,OSM01520,Withdrawal Attempted
HC30236,TN35,OSM00289,Identity Theft,120346.35,8,The Nilgiris,11.4237,76.8667,0.98,13,17.42,17,0.56,OSM00289,Withdrawal Detected
HC30237,TN04,OSM00584,SIM Swap,208106.63,6,Coimbatore,10.8692,76.8958,0.54,19,7.87,3,0.73,OSM00584,No Activity
HC30238,TN03,OSM00159,Card Skimming,22963.89,14,Chennai,12.9464,80.2398,0.51,12,49.04,12,0.37,OSM00159,Withdrawal Detected
HC30239,TN32,OSM01298,SIM Swap,175453.15,2,Tirupathur,12.3103,78.4841,0.69,10,40.13,9,0.25,OSM01298,No Activity
HC30240,TN04,OSM00395,Romance Scam,137988.34,9,Coimbatore,11.0286,76.8975,0.48,10,17.61,18,0.71,OSM00395,Withdrawal Detected
HC30241,TN17,OSM00264,Card Skimming,299900.42,21,Namakkal,11.2074,78.1805,0.43,23,24.67,9,0.28,OSM00264,Withdrawal Detected
HC30242,TN04,OSM00361,Card Skimming,204148.7,4,Coimbatore,11.025,77.0117,0.48,3,40.85,20,0.15,OSM00361,No Activity
HC30243,TN38,OSM01508,Card Skimming,115596.54,14,Virudhunagar,9.7428,77.9813,0.5,12,14.18,10,0.63,OSM01508,Withdrawal Attempted
HC30244,TN05,OSM01213,OTP Fraud,42702.85,1,Cuddalore,11.7232,79.7684,0.53,25,5.43,9,0.42,OSM01213,No Activity
HC30245,TN36,OSM00810,OTP Fraud,86047.75,10,Vellore,12.95,79.1414,0.84,10,1.38,14,0.81,OSM00810,Withdrawal Attempted
HC30246,TN29,OSM01026,Job Fraud,57603.61,14,Thoothukudi,8.8158,78.1336,0.78,13,31.34,10,0.92,OSM01026,Withdrawal Attempted
HC30247,TN03,OSM00795,Identity Theft,40093.77,14,Chennai,13.0586,80.2425,0.84,13,4.46,9,0.29,OSM00795,No Activity
HC30248,TN05,OSM00881,Identity Theft,79120.86,13,Cuddalore,11.6051,79.5069,0.87,19,19.85,1,0.78,OSM00881,Withdrawal Detected
HC30249,TN03,OSM00928,Loan Fraud,186629.26,17,Chennai,13.0896,80.2853,0.64,9,31.9,15,0.12,OSM00928,No Activity
HC30250,TN13,OSM01413,UPI Fraud,79657.67,20,Madurai,9.9365,78.1428,0.91,10,39.03,12,0.93,OSM01413,Withdrawal Attempted
HC30251,TN06,OSM01377,Card Skimming,70174.35,13,Dharmapuri,12.1795,78.1723,0.52,25,33.7,10,0.74,OSM01377,Withdrawal Detected
HC30252,TN35,OSM00029,SIM Swap,131809.3,14,The Nilgiris,11.3669,76.7666,0.47,18,7.48,3,0.77,OSM00029,Withdrawal Attempted
HC30253,TN31,OSM01323,Investment Scam,144814.11,5,Tirunelveli,8.7312,77.7084,0.87,24,15.79,16,0.77,OSM01323,Withdrawal Attempted
HC30254,TN22,OSM01444,SIM Swap,167297.73,22,Salem,11.6715,78.1138,0.88,23,11.09,10,0.21,OSM01444,Withdrawal Attempted
HC30255,TN03,OSM00375,Card Skimming,38240.23,11,Chennai,12.9068,80.2291,0.94,17,41.42,20,0.27,OSM00375,Withdrawal Detected
HC30256,TN14,OSM01096,Loan Fraud,89353.13,17,Mayiladuthurai,11.4275,79.5402,0.48,19,18.27,20,0.96,OSM01096,No Activity
HC30257,TN19,OSM00476,Phishing,274386.4,8,Pudukkottai,10.0837,78.7708,0.72,17,18.96,18,0.79,OSM00476,Withdrawal Detected
HC30258,TN03,OSM00147,Loan Fraud,187105.0,4,Chennai,13.0673,80.2053,0.93,2,7.45,11,0.66,OSM00147,Withdrawal Attempted
HC30259,TN19,OSM01082,Romance Scam,99964.41,11,Pudukkottai,10.3825,78.8062,0.46,19,40.3,12,0.17,OSM01082,Withdrawal Attempted
HC30260,TN29,OSM01390,SIM Swap,235548.58,21,Thoothukudi,8.8035,78.1369,0.49,12,13.02,19,0.71,OSM01390,Withdrawal Attempted
HC30261,TN03,OSM00148,Card Skimming,226802.97,10,Chennai,13.0252,80.2225,0.51,18,24.8,1,0.17,OSM00148,Withdrawal Attempted
HC30262,TN13,OSM01477,Job Fraud,166608.19,2,Madurai,9.9279,78.1487,0.48,22,32.65,7,0.7,OSM01477,Withdrawal Detected
HC30263,TN02,OSM00038,Romance Scam,282377.51,2,Chengalpattu,12.6179,80.1941,0.81,23,23.36,18,0.74,OSM00038,Withdrawal Detected
HC30264,TN03,OSM00277,OTP Fraud,293562.91,15,Chennai,13.0313,80.2244,0.7,20,6.34,20,0.24,OSM00277,No Activity
HC30265,TN03,OSM00075,UPI Fraud,76123.63,21,Chennai,12.9772,80.262,0.84,21,4.17,6,0.48,OSM00075,No Activity
HC30266,TN13,OSM00747,Loan Fraud,39282.03,9,Madurai,9.9186,78.1115,0.62,15,5.27,9,0.53,OSM00747,No Activity
HC30267,TN04,OSM00696,SIM Swap,187271.92,17,Coimbatore,11.0069,76.9524,0.78,10,8.75,10,0.15,OSM00696,No Activity
HC30268,TN16,OSM01068,Card Skimming,205946.6,19,Kanniyakumari,8.1479,77.5705,0.45,11,9.35,1,0.52,OSM01068,Withdrawal Detected
HC30269,TN24,OSM00669,Job Fraud,216406.79,7,Tenkasi,8.957,77.2768,0.93,8,35.43,1,0.98,OSM00669,Withdrawal Detected
HC30270,TN03,OSM00140,UPI Fraud,127617.48,2,Chennai,12.9777,80.2619,0.53,24,47.35,2,0.95,OSM00140,No Activity
HC30271,TN27,OSM01307,Job Fraud,118559.8,5,Tiruvallur,12.9323,80.0453,0.94,2,20.81,10,0.79,OSM01307,No Activity
HC30272,TN04,OSM00012,Phishing,199825.87,7,Coimbatore,10.9951,76.9711,0.64,13,7.92,16,0.8,OSM00012,Withdrawal Attempted
HC30273,TN16,OSM00377,Job Fraud,83714.28,19,Kanniyakumari,8.2741,77.4403,0.99,20,3.01,15,0.16,OSM00377,Withdrawal Detected
HC30274,TN03,OSM00266,Romance Scam,216286.43,21,Chennai,12.9858,80.2292,0.94,17,16.96,8,0.94,OSM00266,No Activity
HC30275,TN02,OSM00471,Investment Scam,146407.28,21,Chengalpattu,12.7414,80.1963,0.62,5,2.46,1,0.58,OSM00471,Withdrawal Attempted
HC30276,TN34,OSM01440,Loan Fraud,16004.89,16,Tiruvannamalai,11.9605,79.1829,0.58,8,17.59,2,0.6,OSM01440,No Activity
HC30277,TN36,OSM01135,SIM Swap,200990.81,11,Vellore,12.9732,79.1642,0.72,13,5.1,20,0.65,OSM01135,Withdrawal Attempted
HC30278,TN03,OSM00723,UPI Fraud,15076.55,10,Chennai,13.0042,80.2017,0.89,21,16.74,20,0.25,OSM00723,No Activity
HC30279,TN05,OSM01073,Job Fraud,131786.66,1,Cuddalore,11.7469,79.7565,0.75,14,8.7,19,0.94,OSM01073,Withdrawal Detected
HC30280,TN12,OSM01342,Loan Fraud,222440.24,19,Krishnagiri,12.6615,78.013,0.8,14,20.96,14,0.29,OSM01342,Withdrawal Detected
HC30281,TN03,OSM00577,SIM Swap,288240.86,1,Chennai,12.8894,80.1439,0.83,23,48.05,17,0.13,OSM00577,Withdrawal Detected
HC30282,TN31,OSM00916,Job Fraud,131603.68,20,Tirunelveli,8.7263,77.6756,0.95,17,25.62,10,0.92,OSM00916,Withdrawal Attempted
HC30283,TN19,OSM01141,SIM Swap,157457.2,6,Pudukkottai,10.0735,78.7822,0.99,10,37.38,17,0.29,OSM01141,Withdrawal Detected
HC30284,TN31,OSM00907,Phishing,52603.65,22,Tirunelveli,8.7169,77.7326,0.73,25,14.39,12,0.86,OSM00907,Withdrawal Attempted
HC30285,TN24,OSM01487,SIM Swap,295466.88,22,Tenkasi,9.0893,77.3478,0.96,17,38.52,9,0.99,OSM01487,Withdrawal Detected
HC30286,TN17,OSM00260,Identity Theft,41574.22,2,Namakkal,11.2189,78.161,0.91,25,2.02,18,0.91,OSM00260,Withdrawal Attempted
HC30287,TN13,OSM00486,Identity Theft,74409.62,22,Madurai,9.924,78.1491,0.8,4,38.51,7,0.23,OSM00486,Withdrawal Detected
HC30288,TN29,OSM01335,Phishing,173618.33,2,Thoothukudi,8.7877,78.1332,0.89,22,48.59,15,0.43,OSM01335,No Activity
HC30289,TN25,OSM00987,Identity Theft,185962.84,12,Thanjavur,10.7297,79.0169,0.98,18,27.07,16,0.55,OSM00987,Withdrawal Detected
HC30290,TN37,OSM01431,Investment Scam,278343.55,18,Viluppuram,11.7786,79.527,0.92,19,17.61,9,0.24,OSM01431,Withdrawal Detected
HC30291,TN14,OSM00993,OTP Fraud,127388.24,20,Mayiladuthurai,11.3547,79.5546,0.42,7,5.02,11,0.65,OSM00993,Withdrawal Detected
HC30292,TN09,OSM01160,OTP Fraud,207156.69,7,Kallakurichi,11.477,79.0585,0.47,2,23.04,17,0.36,OSM01160,Withdrawal Attempted
HC30293,TN12,OSM01437,Romance Scam,190670.71,12,Krishnagiri,12.7241,77.8331,0.82,16,35.59,18,1.0,OSM01437,Withdrawal Detected
HC30294,TN22,OSM00345,Card Skimming,64343.76,17,Salem,11.6569,78.1644,0.95,22,23.62,19,0.52,OSM00345,No Activity
HC30295,TN30,OSM00561,Phishing,75204.79,20,Tiruchirappalli,10.8049,78.679,0.79,9,41.32,16,0.92,OSM00561,Withdrawal Detected
HC30296,TN22,OSM00771,Card Skimming,99162.72,3,Salem,11.628,78.538,0.58,23,1.92,17,0.38,OSM00771,Withdrawal Attempted
HC30297,TN04,OSM00752,OTP Fraud,35836.37,5,Coimbatore,11.2414,76.96,0.76,11,13.9,12,0.34,OSM00752,Withdrawal Detected
HC30298,TN05,OSM00895,OTP Fraud,212260.56,20,Cuddalore,11.606,79.482,0.98,17,13.99,18,0.57,OSM00895,Withdrawal Detected
HC30299,TN05,OSM01218,UPI Fraud,243156.35,12,Cuddalore,11.7442,79.7591,0.42,14,38.64,2,0.76,OSM01218,No Activity
HC30300,TN04,OSM00727,Job Fraud,108173.33,3,Coimbatore,11.0224,76.9369,0.63,19,45.4,12,0.76,OSM00727,Withdrawal Detected
HC30301,TN24,OSM00141,Romance Scam,189174.21,17,Tenkasi,8.9788,77.4184,0.85,16,34.52,18,0.19,OSM00141,No Activity
HC30302,TN32,OSM00733,UPI Fraud,152804.37,4,Tirupathur,12.6764,78.6224,0.98,8,48.72,18,0.99,OSM00733,No Activity
HC30303,TN13,OSM00744,OTP Fraud,234871.82,12,Madurai,9.9154,78.1255,0.87,24,18.21,7,0.24,OSM00744,Withdrawal Attempted
HC30304,TN33,OSM00701,Identity Theft,234093.66,18,Tiruppur,11.0064,77.5604,0.74,23,5.98,7,0.94,OSM00701,Withdrawal Detected
HC30305,TN05,OSM01215,UPI Fraud,24323.83,19,Cuddalore,11.6922,79.7454,0.98,4,11.3,10,0.84,OSM01215,No Activity
HC30306,TN29,OSM01388,UPI Fraud,17302.54,7,Thoothukudi,8.7965,78.1332,0.64,4,18.27,9,0.84,OSM01388,Withdrawal Attempted
HC30307,TN04,OSM00116,OTP Fraud,131767.58,12,Coimbatore,10.9948,76.9593,0.77,4,16.98,18,0.69,OSM00116,No Activity
HC30308,TN21,OSM00498,SIM Swap,28576.85,1,Ranipet,12.9412,79.3355,0.56,10,22.99,13,0.39,OSM00498,Withdrawal Detected
HC30309,TN04,OSM00440,Phishing,126561.8,6,Coimbatore,11.0139,76.9535,0.7,4,8.99,18,0.69,OSM00440,No Activity
HC30310,TN11,OSM00834,Phishing,234205.78,18,Karur,10.9679,78.0489,0.72,20,7.85,18,0.64,OSM00834,Withdrawal Attempted
HC30311,TN13,OSM00536,Investment Scam,148896.36,9,Madurai,9.9187,78.1112,0.85,20,27.96,9,0.51,OSM00536,No Activity
HC30312,TN03,OSM00493,Identity Theft,237964.59,1,Chennai,12.9267,80.1266,0.79,7,17.9,9,0.34,OSM00493,No Activity
HC30313,TN05,OSM00855,Romance Scam,179690.61,19,Cuddalore,12.196,79.9424,0.69,16,42.9,12,0.43,OSM00855,No Activity
HC30314,TN03,OSM00650,Job Fraud,226924.17,15,Chennai,13.0614,80.2757,0.76,6,1.65,9,0.61,OSM00650,Withdrawal Detected
HC30315,TN05,OSM01198,UPI Fraud,298827.85,19,Cuddalore,11.6475,79.5891,0.62,11,32.27,9,0.37,OSM01198,Withdrawal Detected
HC30316,TN30,OSM00737,Job Fraud,113035.74,21,Tiruchirappalli,10.9834,78.774,0.61,4,30.83,4,0.85,OSM00737,Withdrawal Detected
HC30317,TN05,OSM01103,OTP Fraud,70092.37,23,Cuddalore,11.7153,79.7682,0.47,23,1.11,16,0.58,OSM01103,Withdrawal Detected
HC30318,TN31,OSM01512,Investment Scam,210449.45,15,Tirunelveli,8.8474,77.7738,0.66,19,40.7,16,0.8,OSM01512,Withdrawal Detected
HC30319,TN17,OSM00257,Job Fraud,193705.01,23,Namakkal,11.2182,78.1668,0.95,22,17.76,2,0.91,OSM00257,Withdrawal Attempted
HC30320,TN22,OSM00966,OTP Fraud,69566.65,8,Salem,11.7709,78.0545,0.7,21,36.34,5,0.44,OSM00966,Withdrawal Detected
HC30321,TN03,OSM00217,Identity Theft,23829.49,19,Chennai,13.0149,80.1744,0.86,20,7.92,10,0.94,OSM00217,No Activity
HC30322,TN03,OSM00975,Card Skimming,162810.1,10,Chennai,13.0912,80.2825,0.8,19,39.35,8,0.87,OSM00975,Withdrawal Attempted
HC30323,TN04,OSM00642,Identity Theft,200194.9,19,Coimbatore,11.0254,76.9062,0.59,10,45.12,14,0.53,OSM00642,Withdrawal Attempted
HC30324,TN03,OSM00039,Identity Theft,187910.74,12,Chennai,12.9458,80.1382,0.87,17,40.76,5,0.86,OSM00039,No Activity
HC30325,TN30,OSM00293,OTP Fraud,208280.05,2,Tiruchirappalli,10.7845,78.7757,0.85,5,45.47,11,0.4,OSM00293,No Activity
HC30326,TN09,OSM01160,UPI Fraud,50768.16,0,Kallakurichi,11.477,79.0585,0.67,25,17.76,1,0.82,OSM01160,No Activity
HC30327,TN29,OSM01236,Phishing,248283.67,17,Thoothukudi,8.7736,78.0857,0.57,15,2.66,1,0.58,OSM01236,No Activity
HC30328,TN16,OSM01501,Romance Scam,281921.0,14,Kanniyakumari,8.0914,77.5494,0.61,9,42.54,12,0.61,OSM01501,No Activity
HC30329,TN13,OSM01489,Job Fraud,92570.39,7,Madurai,9.9285,78.0954,0.5,11,39.71,2,0.91,OSM01489,Withdrawal Attempted
HC30330,TN12,OSM01186,SIM Swap,114302.97,10,Krishnagiri,12.7357,77.8289,0.85,11,23.3,10,0.15,OSM01186,Withdrawal Detected
HC30331,TN11,OSM00835,SIM Swap,176659.56,4,Karur,10.9681,78.049,0.79,7,12.15,6,0.83,OSM00835,Withdrawal Attempted
HC30332,TN04,OSM00887,Loan Fraud,122158.53,2,Coimbatore,10.9958,76.9779,0.88,7,31.0,19,0.67,OSM00887,Withdrawal Attempted
HC30333,TN03,OSM00539,Investment Scam,18218.48,23,Chennai,12.9371,80.1577,0.95,19,13.18,20,0.82,OSM00539,Withdrawal Detected
HC30334,TN03,OSM00276,Romance Scam,122717.46,19,Chennai,13.0312,80.2244,0.45,15,4.13,5,0.99,OSM00276,Withdrawal Attempted
HC30335,TN03,OSM00435,UPI Fraud,3550.27,5,Chennai,12.9961,80.2678,0.93,25,42.94,2,0.45,OSM00435,Withdrawal Attempted
HC30336,TN32,OSM01300,Identity Theft,124886.38,5,Tirupathur,12.291,78.4056,0.81,9,25.42,4,0.22,OSM01300,Withdrawal Attempted
HC30337,TN04,OSM00705,Identity Theft,94117.6,0,Coimbatore,11.0222,77.103,0.95,18,26.16,9,0.2,OSM00705,Withdrawal Detected
HC30338,TN02,OSM00470,Job Fraud,248277.78,18,Chengalpattu,12.7421,80.198,0.7,16,29.58,9,0.43,OSM00470,Withdrawal Attempted
HC30339,TN05,OSM00873,Loan Fraud,245036.31,15,Cuddalore,11.6062,79.5085,0.84,18,35.07,3,0.46,OSM00873,Withdrawal Attempted
HC30340,TN05,OSM01012,Loan Fraud,50519.49,12,Cuddalore,11.4413,79.6493,0.72,24,16.52,3,0.37,OSM01012,Withdrawal Attempted
HC30341,TN13,OSM01457,Phishing,47874.7,23,Madurai,9.9155,78.0956,0.93,11,43.42,13,0.42,OSM01457,Withdrawal Detected
HC30342,TN03,OSM01038,Job Fraud,165039.87,3,Chennai,13.1027,80.28,0.63,24,5.59,11,0.94,OSM01038,Withdrawal Detected
HC30343,TN29,OSM01382,Job Fraud,249375.01,4,Thoothukudi,9.0753,77.9349,0.93,21,5.24,10,0.28,OSM01382,No Activity
HC30344,TN31,OSM00974,Loan Fraud,255908.68,23,Tirunelveli,8.7106,77.7705,0.81,19,35.22,16,0.5,OSM00974,Withdrawal Detected
HC30345,TN29,OSM01419,UPI Fraud,122432.97,2,Thoothukudi,8.7403,78.1224,0.8,10,38.54,8,0.37,OSM01419,Withdrawal Attempted
HC30346,TN34,OSM00180,Card Skimming,172866.11,5,Tiruvannamalai,12.109,79.2462,0.74,19,24.3,5,0.61,OSM00180,No Activity
HC30347,TN16,OSM01502,Identity Theft,286304.47,8,Kanniyakumari,8.0926,77.5503,0.51,16,45.38,13,0.78,OSM01502,Withdrawal Attempted
HC30348,TN22,OSM00956,OTP Fraud,245042.28,12,Salem,11.4452,78.1574,0.57,25,1.17,19,0.29,OSM00956,Withdrawal Detected
HC30349,TN12,OSM00332,SIM Swap,93916.61,4,Krishnagiri,12.528,77.7897,0.92,18,49.4,7,0.23,OSM00332,Withdrawal Attempted
HC30350,TN30,OSM00184,Phishing,287346.76,21,Tiruchirappalli,10.8144,78.6677,0.79,23,42.44,5,0.36,OSM00184,Withdrawal Detected
HC30351,TN03,OSM01304,Job Fraud,102526.94,5,Chennai,12.981,80.1609,0.71,3,26.52,15,0.49,OSM01304,Withdrawal Attempted
HC30352,TN03,OSM00999,Loan Fraud,182661.56,13,Chennai,13.079,80.2374,0.6,13,28.59,7,0.15,OSM00999,Withdrawal Attempted
HC30353,TN38,OSM01237,Identity Theft,251180.25,10,Virudhunagar,9.5177,77.6329,0.73,19,36.24,15,0.83,OSM01237,Withdrawal Detected
HC30354,TN03,OSM01069,Phishing,34590.64,3,Chennai,12.9834,80.1674,0.71,10,45.74,6,0.28,OSM01069,Withdrawal Attempted
HC30355,TN04,OSM00668,Investment Scam,275502.11,1,Coimbatore,11.0171,76.9643,0.7,13,12.55,4,0.29,OSM00668,No Activity
HC30356,TN16,OSM00214,Job Fraud,133926.02,10,Kanniyakumari,8.1748,77.4034,0.43,16,48.61,8,0.67,OSM00214,Withdrawal Detected
HC30357,TN03,OSM00150,Identity Theft,238498.6,13,Chennai,13.0219,80.1739,0.59,5,37.42,12,0.76,OSM00150,Withdrawal Detected
HC30358,TN08,OSM00426,Identity Theft,150720.61,22,Erode,11.455,77.4382,0.68,2,10.79,14,0.61,OSM00426,Withdrawal Detected
HC30359,TN29,OSM01384,Loan Fraud,207160.41,18,Thoothukudi,8.8004,78.1474,0.84,16,34.57,18,0.89,OSM01384,No Activity
HC30360,TN30,OSM00784,Investment Scam,227048.71,3,Tiruchirappalli,10.819,78.6969,0.78,19,17.19,12,0.32,OSM00784,Withdrawal Attempted
HC30361,TN26,OSM00750,OTP Fraud,109872.71,6,Theni,10.228,77.3514,0.64,25,35.19,6,0.61,OSM00750,No Activity
HC30362,TN13,OSM00434,Card Skimming,110754.16,2,Madurai,9.9188,78.1218,0.55,2,15.94,17,0.67,OSM00434,No Activity
HC30363,TN33,OSM01006,OTP Fraud,110942.68,5,Tiruppur,11.1537,77.2121,0.74,16,46.58,8,0.3,OSM01006,No Activity
HC30364,TN29,OSM01059,Romance Scam,39351.93,12,Thoothukudi,8.8175,78.1338,0.59,14,8.69,7,0.21,OSM01059,Withdrawal Detected
HC30365,TN13,OSM01194,Romance Scam,47580.08,0,Madurai,9.8099,78.0965,0.44,25,36.13,9,0.17,OSM01194,No Activity
HC30366,TN03,OSM00187,Investment Scam,8663.35,17,Chennai,12.9482,80.1995,0.57,20,28.09,6,0.73,OSM00187,No Activity
HC30367,TN31,OSM01326,Phishing,94090.72,23,Tirunelveli,8.7247,77.7454,0.62,7,29.69,9,0.88,OSM01326,No Activity
HC30368,TN16,OSM01497,OTP Fraud,274865.67,13,Kanniyakumari,8.086,77.5494,0.65,20,34.29,4,0.62,OSM01497,No Activity
HC30369,TN37,OSM00826,OTP Fraud,260669.57,8,Viluppuram,11.9751,79.2234,0.41,22,33.74,5,0.56,OSM00826,Withdrawal Attempted
HC30370,TN04,OSM00676,Investment Scam,223372.62,1,Coimbatore,11.1696,76.9519,0.98,23,48.75,19,0.31,OSM00676,Withdrawal Attempted
HC30371,TN29,OSM01059,Identity Theft,45062.86,3,Thoothukudi,8.8175,78.1338,0.7,14,31.48,2,0.9,OSM01059,No Activity
HC30372,TN30,OSM00297,Card Skimming,47083.14,19,Tiruchirappalli,10.7638,78.7951,0.86,17,15.53,10,0.15,OSM00297,Withdrawal Detected
HC30373,TN04,OSM00360,Phishing,131415.01,0,Coimbatore,11.0259,76.9062,0.91,2,33.96,11,0.41,OSM00360,No Activity
HC30374,TN35,OSM01394,Identity Theft,154406.29,22,The Nilgiris,11.569,76.6369,0.56,2,37.25,13,0.62,OSM01394,No Activity
HC30375,TN30,OSM00561,OTP Fraud,217146.23,2,Tiruchirappalli,10.8049,78.679,0.71,4,11.33,3,0.97,OSM00561,Withdrawal Attempted
HC30376,TN04,OSM01225,Card Skimming,9681.09,16,Coimbatore,11.1379,77.036,0.45,8,31.8,14,0.27,OSM01225,No Activity
HC30377,TN03,OSM00604,Investment Scam,40634.83,14,Chennai,12.8351,80.2285,0.9,15,3.5,13,0.68,OSM00604,Withdrawal Detected
HC30378,TN31,OSM01379,Identity Theft,148918.24,16,Tirunelveli,8.7873,77.7264,0.43,2,28.12,7,0.63,OSM01379,No Activity
HC30379,TN12,OSM01279,SIM Swap,274601.49,22,Krishnagiri,12.3587,78.2886,0.94,11,34.53,6,0.64,OSM01279,No Activity
HC30380,TN15,OSM01182,Romance Scam,46997.9,6,Nagapattinam,10.6799,79.8504,0.93,12,10.03,9,0.31,OSM01182,Withdrawal Attempted
HC30381,TN03,OSM00179,UPI Fraud,212396.75,5,Chennai,12.9206,80.1841,0.98,7,16.33,10,0.57,OSM00179,No Activity
HC30382,TN08,OSM00420,Job Fraud,160173.6,6,Erode,11.4551,77.4389,0.68,4,34.49,10,0.13,OSM00420,No Activity
HC30383,TN05,OSM00152,OTP Fraud,173380.41,11,Cuddalore,11.6052,79.5074,0.47,13,17.01,4,0.52,OSM00152,Withdrawal Attempted
HC30384,TN31,OSM01325,Investment Scam,148265.66,4,Tirunelveli,8.7258,77.7428,0.88,13,5.62,14,0.43,OSM01325,Withdrawal Attempted
HC30385,TN03,OSM00133,Identity Theft,46954.19,5,Chennai,13.0575,80.1278,0.98,19,5.16,16,0.3,OSM00133,Withdrawal Attempted
HC30386,TN05,OSM01019,SIM Swap,217422.34,6,Cuddalore,11.7316,79.7642,0.75,6,8.92,6,0.37,OSM01019,Withdrawal Detected
HC30387,TN35,OSM00973,Phishing,226454.8,3,The Nilgiris,11.4141,76.6987,0.88,2,2.93,16,0.19,OSM00973,Withdrawal Attempted
HC30388,TN25,OSM01206,Phishing,138816.06,15,Thanjavur,10.9581,79.3735,0.76,25,46.0,8,0.74,OSM01206,No Activity
HC30389,TN03,OSM00908,UPI Fraud,41494.72,16,Chennai,13.0905,80.2878,0.83,20,24.36,16,0.64,OSM00908,No Activity
HC30390,TN37,OSM00826,Card Skimming,110118.26,1,Viluppuram,11.9751,79.2234,0.82,15,47.17,16,0.39,OSM00826,Withdrawal Detected
HC30391,TN03,OSM01308,Romance Scam,112416.51,4,Chennai,13.1839,80.3086,0.69,12,0.25,13,0.29,OSM01308,Withdrawal Attempted
HC30392,TN03,OSM00402,OTP Fraud,90257.65,17,Chennai,13.0339,80.2497,0.55,16,5.93,13,0.87,OSM00402,Withdrawal Attempted
HC30393,TN31,OSM01331,UPI Fraud,264433.57,7,Tirunelveli,8.7269,77.7354,0.74,13,12.63,17,0.28,OSM01331,Withdrawal Detected
HC30394,TN12,OSM01299,Loan Fraud,171976.98,4,Krishnagiri,12.3468,78.2917,0.52,15,22.42,1,0.96,OSM01299,Withdrawal Detected
HC30395,TN30,OSM00206,Phishing,55950.57,4,Tiruchirappalli,10.8128,78.6378,0.75,20,12.66,10,0.44,OSM00206,Withdrawal Detected
HC30396,TN38,OSM00919,Job Fraud,15233.22,17,Virudhunagar,9.584,77.9521,0.93,23,15.28,1,0.97,OSM00919,No Activity
HC30397,TN37,OSM00826,SIM Swap,153618.61,2,Viluppuram,11.9751,79.2234,0.69,19,3.24,1,0.82,OSM00826,No Activity
HC30398,TN02,OSM00192,Loan Fraud,290927.45,2,Chengalpattu,12.6893,79.9807,0.7,20,47.39,14,0.59,OSM00192,Withdrawal Attempted
HC30399,TN03,OSM01401,Romance Scam,115203.13,2,Chennai,13.0027,80.2473,0.98,9,6.36,12,0.91,OSM01401,Withdrawal Attempted
HC30400,TN22,OSM00342,Romance Scam,45368.18,16,Salem,11.6755,78.1597,0.75,6,12.07,16,0.16,OSM00342,Withdrawal Detected
HC30401,TN03,OSM00806,UPI Fraud,67310.52,20,Chennai,12.9708,80.1904,0.9,11,29.85,11,0.6,OSM00806,No Activity
HC30402,TN03,OSM00251,Identity Theft,11075.08,7,Chennai,13.0242,80.2185,0.92,3,46.83,20,0.61,OSM00251,Withdrawal Detected
HC30403,TN31,OSM01326,Card Skimming,26050.4,8,Tirunelveli,8.7247,77.7454,0.98,19,48.07,10,0.77,OSM01326,Withdrawal Attempted
HC30404,TN03,OSM00866,UPI Fraud,129092.81,5,Chennai,12.9696,80.19,0.56,2,16.9,17,0.52,OSM00866,Withdrawal Detected
HC30405,TN18,OSM01257,Loan Fraud,142223.94,5,Perambalur,11.1389,78.5919,0.52,2,19.1,12,0.33,OSM01257,No Activity
HC30406,TN29,OSM01362,Job Fraud,67312.85,23,Thoothukudi,8.8017,78.1562,0.73,2,46.69,20,0.91,OSM01362,No Activity
HC30407,TN33,OSM00701,OTP Fraud,233971.56,11,Tiruppur,11.0064,77.5604,0.93,7,3.84,6,0.77,OSM00701,Withdrawal Attempted
HC30408,TN03,OSM01041,Investment Scam,38414.76,4,Chennai,13.1002,80.2848,0.59,2,2.24,16,0.94,OSM01041,Withdrawal Detected
HC30409,TN14,OSM01221,Card Skimming,49798.35,8,Mayiladuthurai,11.0544,79.412,0.45,9,19.23,17,0.86,OSM01221,Withdrawal Attempted
HC30410,TN08,OSM00438,OTP Fraud,92092.76,16,Erode,11.2144,77.5499,0.42,11,20.28,1,0.53,OSM00438,No Activity
HC30411,TN05,OSM01021,Phishing,178796.23,22,Cuddalore,11.7643,79.7649,0.72,5,22.42,14,0.74,OSM01021,Withdrawal Detected
HC30412,TN03,OSM00572,SIM Swap,184136.26,3,Chennai,12.9237,80.1475,0.88,8,45.47,10,0.81,OSM00572,No Activity
HC30413,TN07,OSM00874,Card Skimming,236576.62,10,Dindigul,10.3575,78.0027,0.7,16,29.01,10,0.55,OSM00874,No Activity
HC30414,TN03,OSM00650,Loan Fraud,104490.23,9,Chennai,13.0614,80.2757,0.93,16,35.27,5,0.75,OSM00650,Withdrawal Detected
HC30415,TN03,OSM00185,Loan Fraud,24582.15,2,Chennai,12.9829,80.1901,0.97,10,22.46,18,0.5,OSM00185,Withdrawal Attempted
HC30416,TN03,OSM01181,Investment Scam,158556.11,14,Chennai,12.8784,80.2159,0.48,8,23.94,3,0.19,OSM01181,Withdrawal Detected
HC30417,TN31,OSM01405,Phishing,29315.28,3,Tirunelveli,8.6962,77.7113,0.7,10,2.75,7,0.39,OSM01405,No Activity
HC30418,TN35,OSM00066,Identity Theft,143467.47,23,The Nilgiris,11.3505,76.8002,0.65,19,21.95,14,0.56,OSM00066,No Activity
HC30419,TN03,OSM00715,SIM Swap,189343.73,10,Chennai,13.0671,80.2731,0.6,17,1.14,11,0.94,OSM00715,Withdrawal Detected
HC30420,TN03,OSM00402,Romance Scam,60394.35,18,Chennai,13.0339,80.2497,0.51,16,20.94,15,0.59,OSM00402,Withdrawal Detected
HC30421,TN33,OSM00888,Identity Theft,226095.64,19,Tiruppur,11.4963,77.3064,0.88,2,46.16,13,0.72,OSM00888,No Activity
HC30422,TN16,OSM01336,SIM Swap,91190.79,21,Kanniyakumari,8.3866,77.6093,0.91,5,20.47,15,0.3,OSM01336,Withdrawal Detected
HC30423,TN31,OSM01133,SIM Swap,205612.27,5,Tirunelveli,8.7328,77.7115,0.78,21,20.34,16,0.16,OSM01133,Withdrawal Attempted
HC30424,TN04,OSM00724,OTP Fraud,134227.55,7,Coimbatore,11.038,76.8789,0.48,15,42.61,4,0.65,OSM00724,Withdrawal Attempted
HC30425,TN03,OSM00162,Phishing,207358.59,7,Chennai,12.9825,80.1932,0.66,10,25.81,7,0.99,OSM00162,Withdrawal Attempted
HC30426,TN03,OSM00311,Card Skimming,17368.92,23,Chennai,12.9717,80.1422,0.82,6,37.37,8,0.72,OSM00311,Withdrawal Detected
HC30427,TN37,OSM00822,Investment Scam,72358.31,6,Viluppuram,11.9379,79.5022,0.97,21,0.84,6,0.64,OSM00822,Withdrawal Attempted
HC30428,TN04,OSM00753,Phishing,91961.72,5,Coimbatore,11.0589,76.9449,0.98,9,30.07,13,0.84,OSM00753,Withdrawal Detected
HC30429,TN04,OSM00850,Romance Scam,106135.27,11,Coimbatore,11.0162,77.0234,0.59,14,11.46,1,0.83,OSM00850,No Activity
HC30430,TN16,OSM00453,SIM Swap,219479.01,16,Kanniyakumari,8.0881,77.5494,0.49,10,16.75,6,0.35,OSM00453,Withdrawal Detected
HC30431,TN08,OSM00053,Investment Scam,297438.78,6,Erode,11.3288,77.7258,0.81,17,10.77,16,0.61,OSM00053,Withdrawal Detected
HC30432,TN29,OSM00946,UPI Fraud,296483.96,19,Thoothukudi,8.793,78.1208,0.6,12,8.39,15,0.14,OSM00946,No Activity
HC30433,TN14,OSM01044,OTP Fraud,189646.02,7,Mayiladuthurai,10.9638,79.3865,0.97,2,22.78,16,0.28,OSM01044,No Activity
HC30434,TN37,OSM00550,Job Fraud,190758.6,15,Viluppuram,11.9455,79.4899,0.89,13,23.48,2,0.83,OSM00550,Withdrawal Detected
HC30435,TN29,OSM01064,Identity Theft,289706.72,21,Thoothukudi,8.8059,78.1555,0.9,19,8.9,14,0.4,OSM01064,Withdrawal Attempted
HC30436,TN03,OSM00007,Investment Scam,277787.37,19,Chennai,13.0822,80.2764,0.85,13,3.03,8,0.65,OSM00007,Withdrawal Detected
HC30437,TN37,OSM00219,Loan Fraud,135307.52,14,Viluppuram,12.2513,79.4166,0.64,15,25.86,10,0.41,OSM00219,Withdrawal Attempted
HC30438,TN29,OSM01373,OTP Fraud,149189.84,4,Thoothukudi,8.8043,78.1515,0.82,4,12.93,10,0.82,OSM01373,No Activity
HC30439,TN03,OSM00419,Identity Theft,142755.96,9,Chennai,13.0593,80.2435,0.69,23,31.75,13,0.86,OSM00419,Withdrawal Detected
HC30440,TN04,OSM00728,Loan Fraud,139825.09,3,Coimbatore,11.0135,76.9398,0.97,6,29.09,20,0.29,OSM00728,No Activity
HC30441,TN07,OSM01266,Romance Scam,178866.63,20,Dindigul,10.3586,77.9766,0.46,20,17.29,6,0.64,OSM01266,Withdrawal Attempted
HC30442,TN05,OSM00986,Phishing,178542.89,0,Cuddalore,11.9852,79.846,0.83,5,22.67,17,0.77,OSM00986,Withdrawal Detected
HC30443,TN03,OSM00683,Phishing,135631.34,0,Chennai,12.9774,80.2513,0.41,21,37.74,6,0.48,OSM00683,Withdrawal Attempted
HC30444,TN04,OSM00710,UPI Fraud,154020.83,9,Coimbatore,11.0163,76.9696,0.58,2,5.71,14,0.55,OSM00710,Withdrawal Detected
HC30445,TN03,OSM00269,Phishing,279639.93,13,Chennai,13.0383,80.2274,0.6,18,23.42,13,0.71,OSM00269,No Activity
HC30446,TN04,OSM00827,Investment Scam,275969.4,17,Coimbatore,11.0142,77.0188,0.45,13,30.79,13,0.46,OSM00827,No Activity
HC30447,TN04,OSM00584,Romance Scam,48812.7,0,Coimbatore,10.8692,76.8958,0.92,25,18.6,6,0.24,OSM00584,Withdrawal Attempted
HC30448,TN30,OSM00954,UPI Fraud,136483.05,22,Tiruchirappalli,10.8867,78.7174,0.8,20,34.55,17,0.31,OSM00954,Withdrawal Detected
HC30449,TN37,OSM00656,Card Skimming,160735.58,0,Viluppuram,11.9202,79.5813,0.64,23,40.45,11,0.84,OSM00656,No Activity
HC30450,TN04,OSM00677,Identity Theft,45384.39,20,Coimbatore,11.0787,76.9418,0.45,10,10.39,17,0.77,OSM00677,Withdrawal Attempted
HC30451,TN30,OSM01162,SIM Swap,92635.8,15,Tiruchirappalli,10.7623,78.613,0.56,24,7.21,19,0.54,OSM01162,No Activity
HC30452,TN22,OSM00345,Investment Scam,261883.36,19,Salem,11.6569,78.1644,0.73,23,20.7,6,0.95,OSM00345,Withdrawal Attempted
HC30453,TN19,OSM01138,Job Fraud,262486.18,18,Pudukkottai,10.0735,78.7774,0.45,12,44.69,18,0.98,OSM01138,Withdrawal Detected
HC30454,TN10,OSM00593,Card Skimming,280537.62,10,Kancheepuram,12.8351,79.6933,0.88,9,24.22,10,0.24,OSM00593,Withdrawal Attempted
HC30455,TN03,OSM00722,Phishing,62766.28,1,Chennai,13.0511,80.2119,0.46,2,42.47,4,0.15,OSM00722,Withdrawal Attempted
HC30456,TN04,OSM00233,Job Fraud,67232.13,7,Coimbatore,11.2693,77.0099,0.44,8,17.48,14,0.51,OSM00233,Withdrawal Attempted
HC30457,TN03,OSM00129,Phishing,215706.24,7,Chennai,12.9489,80.1853,0.53,23,6.72,2,0.33,OSM00129,No Activity
HC30458,TN31,OSM00905,UPI Fraud,70516.95,12,Tirunelveli,8.7142,77.764,0.92,14,48.47,8,0.24,OSM00905,Withdrawal Attempted
HC30459,TN03,OSM00291,UPI Fraud,112534.88,11,Chennai,13.0361,80.2179,0.62,6,47.27,19,0.9,OSM00291,Withdrawal Attempted
HC30460,TN03,OSM00683,Phishing,102772.31,7,Chennai,12.9774,80.2513,0.91,21,24.35,17,0.15,OSM00683,No Activity
HC30461,TN03,OSM00188,Investment Scam,172118.68,3,Chennai,13.0753,80.2703,0.63,15,20.78,5,0.58,OSM00188,No Activity
HC30462,TN05,OSM00761,UPI Fraud,49917.42,9,Cuddalore,11.8646,79.7578,0.42,6,37.6,17,0.65,OSM00761,No Activity
HC30463,TN35,OSM00288,Loan Fraud,272716.69,1,The Nilgiris,11.4236,76.8665,0.87,10,7.63,4,0.38,OSM00288,Withdrawal Attempted
HC30464,TN05,OSM00544,Job Fraud,63942.39,8,Cuddalore,11.7525,79.7615,0.74,12,11.58,8,0.51,OSM00544,No Activity
HC30465,TN04,OSM00679,OTP Fraud,113026.52,20,Coimbatore,10.9786,76.7357,0.95,15,0.74,17,0.36,OSM00679,No Activity
HC30466,TN12,OSM01350,UPI Fraud,146863.49,2,Krishnagiri,12.5427,78.3568,0.46,14,10.49,7,0.49,OSM01350,No Activity
HC30467,TN08,OSM00776,Phishing,166736.22,20,Erode,11.4735,77.8652,0.44,4,16.88,10,0.53,OSM00776,No Activity
HC30468,TN05,OSM00543,Phishing,55801.61,10,Cuddalore,11.7533,79.7615,0.99,18,18.18,7,0.12,OSM00543,Withdrawal Detected
HC30469,TN26,OSM01168,Identity Theft,64524.65,6,Theni,10.4524,77.5151,0.92,16,44.88,1,0.89,OSM01168,Withdrawal Attempted
HC30470,TN29,OSM01050,Romance Scam,90783.83,11,Thoothukudi,8.7346,78.0001,0.85,15,1.65,3,0.17,OSM01050,No Activity
HC30471,TN07,OSM01262,Loan Fraud,183718.68,6,Dindigul,10.3548,77.9614,0.97,7,9.71,18,0.51,OSM01262,Withdrawal Detected
HC30472,TN03,OSM00718,Romance Scam,220998.16,11,Chennai,13.0674,80.2707,0.61,17,5.72,11,0.58,OSM00718,No Activity
HC30473,TN29,OSM00901,UPI Fraud,24321.5,15,Thoothukudi,8.5194,78.1167,0.71,19,5.32,2,0.62,OSM00901,No Activity
HC30474,TN12,OSM01231,UPI Fraud,229763.88,9,Krishnagiri,12.6709,77.9744,0.52,17,3.11,13,0.93,OSM01231,No Activity
HC30475,TN38,OSM00919,Identity Theft,134829.35,17,Virudhunagar,9.584,77.9521,0.81,22,4.96,10,0.54,OSM00919,No Activity
HC30476,TN13,OSM00486,SIM Swap,119541.27,13,Madurai,9.924,78.1491,0.45,23,25.04,14,0.2,OSM00486,No Activity
HC30477,TN24,OSM01486,Card Skimming,130267.82,15,Tenkasi,9.0839,77.3479,0.81,13,49.34,16,0.2,OSM01486,No Activity
HC30478,TN30,OSM00941,Phishing,169488.32,4,Tiruchirappalli,10.7929,78.7632,0.43,16,26.72,17,0.96,OSM00941,Withdrawal Attempted
HC30479,TN38,OSM00690,Identity Theft,147984.32,9,Virudhunagar,9.5832,77.9626,0.59,14,4.35,19,0.14,OSM00690,Withdrawal Detected
HC30480,TN14,OSM01014,Romance Scam,75297.44,22,Mayiladuthurai,11.2969,79.7161,0.65,11,26.08,17,0.39,OSM01014,No Activity
HC30481,TN31,OSM01045,Investment Scam,28149.1,12,Tirunelveli,8.6299,77.9112,0.53,7,3.98,16,0.66,OSM01045,No Activity
HC30482,TN03,OSM00416,Phishing,30830.78,15,Chennai,13.0448,80.2639,0.86,12,49.07,12,0.82,OSM00416,Withdrawal Detected
HC30483,TN03,OSM00780,Romance Scam,64092.0,8,Chennai,13.0955,80.1698,0.68,20,33.74,9,0.33,OSM00780,No Activity
HC30484,TN03,OSM00398,SIM Swap,74615.39,14,Chennai,13.0551,80.2578,0.42,14,5.18,7,0.94,OSM00398,Withdrawal Attempted
HC30485,TN36,OSM00810,Phishing,20424.69,7,Vellore,12.95,79.1414,0.59,8,31.36,7,0.17,OSM00810,Withdrawal Detected
HC30486,TN05,OSM01012,OTP Fraud,257419.28,14,Cuddalore,11.4413,79.6493,0.4,3,12.55,8,0.96,OSM01012,No Activity
HC30487,TN30,OSM01163,Loan Fraud,165334.0,7,Tiruchirappalli,10.7596,78.6103,0.68,14,3.4,3,0.59,OSM01163,Withdrawal Detected
HC30488,TN38,OSM01241,Job Fraud,44977.97,13,Virudhunagar,9.5906,77.9516,0.93,23,41.96,18,0.18,OSM01241,No Activity
HC30489,TN11,OSM00694,Romance Scam,283841.3,17,Karur,11.0534,78.0493,0.62,18,47.04,15,0.78,OSM00694,Withdrawal Attempted
HC30490,TN03,OSM00999,Loan Fraud,172175.26,10,Chennai,13.079,80.2374,0.47,10,37.52,18,0.41,OSM00999,No Activity
HC30491,TN14,OSM01096,OTP Fraud,138622.91,20,Mayiladuthurai,11.4275,79.5402,0.53,8,22.96,14,0.71,OSM01096,No Activity
HC30492,TN30,OSM00449,OTP Fraud,207105.03,17,Tiruchirappalli,10.7774,78.793,0.73,14,8.68,19,0.76,OSM00449,Withdrawal Attempted
HC30493,TN03,OSM00789,Phishing,223245.57,0,Chennai,13.0559,80.2482,0.63,12,0.58,18,0.9,OSM00789,Withdrawal Attempted
HC30494,TN13,OSM01453,Card Skimming,52197.2,12,Madurai,9.9221,78.0935,0.76,16,44.81,16,0.36,OSM01453,Withdrawal Attempted
HC30495,TN04,OSM00658,Identity Theft,297417.79,18,Coimbatore,11.0158,77.0235,0.73,2,12.51,7,0.41,OSM00658,Withdrawal Detected
HC30496,TN33,OSM01540,Loan Fraud,166206.75,14,Tiruppur,11.1925,77.2833,0.85,21,36.57,6,0.31,OSM01540,Withdrawal Attempted
HC30497,TN05,OSM01213,Romance Scam,136881.43,23,Cuddalore,11.7232,79.7684,0.46,11,18.53,8,0.99,OSM01213,Withdrawal Attempted
HC30498,TN14,OSM01008,Phishing,148688.24,14,Mayiladuthurai,11.1932,79.7604,0.49,15,45.19,20,0.19,OSM01008,Withdrawal Attempted
HC30499,TN20,OSM00781,OTP Fraud,55574.43,1,Ramanathapuram,9.2861,79.3009,0.6,15,42.16,4,0.42,OSM00781,No Activity
HC30500,TN16,OSM01029,UPI Fraud,193143.94,7,Kanniyakumari,8.107,77.4668,0.69,6,46.25,2,0.74,OSM01029,No Activity
HC30501,TN22,OSM01347,Romance Scam,63969.0,2,Salem,11.6717,78.188,0.46,6,19.21,9,0.28,OSM01347,Withdrawal Detected
HC30502,TN12,OSM00991,Romance Scam,197886.41,21,Krishnagiri,12.6407,78.0644,0.71,6,35.88,12,0.91,OSM00991,Withdrawal Detected
HC30503,TN33,OSM00369,OTP Fraud,230935.33,18,Tiruppur,11.2421,77.5044,0.44,25,43.75,18,0.72,OSM00369,Withdrawal Detected
HC30504,TN03,OSM00010,OTP Fraud,245315.39,4,Chennai,12.9864,80.2346,0.42,10,41.12,10,0.49,OSM00010,No Activity
HC30505,TN31,OSM01329,Phishing,152187.88,23,Tirunelveli,8.7263,77.7314,0.71,10,6.5,12,0.46,OSM01329,Withdrawal Detected
HC30506,TN03,OSM00912,Romance Scam,293059.88,14,Chennai,12.9752,80.1834,0.84,9,26.99,1,0.86,OSM00912,Withdrawal Attempted
HC30507,TN22,OSM00345,Identity Theft,299892.79,0,Salem,11.6569,78.1644,0.76,15,17.46,18,0.44,OSM00345,Withdrawal Detected
HC30508,TN24,OSM01113,Romance Scam,7738.71,4,Tenkasi,8.8685,77.492,0.86,24,14.55,6,0.99,OSM01113,Withdrawal Detected
HC30509,TN30,OSM00449,Identity Theft,160636.2,14,Tiruchirappalli,10.7774,78.793,0.99,15,48.22,8,0.63,OSM00449,No Activity
HC30510,TN16,OSM01057,UPI Fraud,119240.43,4,Kanniyakumari,8.3903,77.6097,0.44,6,49.45,11,0.17,OSM01057,Withdrawal Attempted
HC30511,TN03,OSM00011,Romance Scam,295271.09,3,Chennai,12.9872,80.2375,0.61,23,10.96,13,0.9,OSM00011,No Activity
HC30512,TN06,OSM01309,SIM Swap,217885.77,17,Dharmapuri,12.2624,78.3763,0.44,13,1.31,20,0.94,OSM01309,No Activity
HC30513,TN26,OSM00063,Identity Theft,190485.66,22,Theni,10.2354,77.4921,0.55,4,16.38,6,0.93,OSM00063,Withdrawal Detected
HC30514,TN07,OSM01269,Job Fraud,268943.65,6,Dindigul,10.3608,77.9757,0.96,5,33.62,6,0.21,OSM01269,Withdrawal Detected
HC30515,TN04,OSM00707,Phishing,157509.28,16,Coimbatore,11.0083,76.9668,0.5,25,44.86,16,0.64,OSM00707,No Activity
HC30516,TN26,OSM00750,Identity Theft,79860.34,13,Theni,10.228,77.3514,0.67,10,9.07,16,0.94,OSM00750,Withdrawal Detected
HC30517,TN09,OSM01296,Card Skimming,192752.1,16,Kallakurichi,11.5159,79.3316,0.9,12,42.62,15,0.4,OSM01296,Withdrawal Detected
HC30518,TN22,OSM00344,UPI Fraud,200843.19,22,Salem,11.6255,78.1471,0.97,19,4.02,20,0.3,OSM00344,Withdrawal Attempted
HC30519,TN08,OSM00426,Loan Fraud,16480.7,21,Erode,11.455,77.4382,0.9,25,11.73,12,0.52,OSM00426,No Activity
HC30520,TN03,OSM00845,Investment Scam,64039.21,13,Chennai,12.9744,80.1923,0.93,13,8.06,2,0.74,OSM00845,No Activity
HC30521,TN03,OSM00504,Romance Scam,13137.54,1,Chennai,13.0725,80.2723,0.56,12,25.36,10,0.51,OSM00504,No Activity
HC30522,TN05,OSM00327,Identity Theft,163488.86,18,Cuddalore,11.6221,79.525,0.52,12,29.25,20,0.5,OSM00327,Withdrawal Attempted
HC30523,TN25,OSM01209,Investment Scam,229898.87,2,Thanjavur,10.9631,79.3783,0.48,7,44.21,13,0.84,OSM01209,No Activity
HC30524,TN31,OSM01118,OTP Fraud,238847.12,1,Tirunelveli,8.6807,77.5419,0.89,13,14.63,2,0.12,OSM01118,Withdrawal Detected
HC30525,TN03,OSM00697,UPI Fraud,149637.59,1,Chennai,13.0306,80.277,0.45,12,19.94,13,0.75,OSM00697,Withdrawal Attempted
HC30526,TN22,OSM01347,Phishing,63315.62,21,Salem,11.6717,78.188,0.72,18,33.45,2,0.28,OSM01347,No Activity
HC30527,TN30,OSM00302,Phishing,262824.02,9,Tiruchirappalli,10.8244,78.6934,0.98,6,24.34,18,0.17,OSM00302,No Activity
HC30528,TN03,OSM00580,Job Fraud,162876.0,8,Chennai,12.8883,80.1459,0.79,12,5.5,13,0.59,OSM00580,No Activity
HC30529,TN30,OSM00208,UPI Fraud,258622.56,9,Tiruchirappalli,10.8146,78.6673,0.96,13,19.17,9,0.67,OSM00208,Withdrawal Detected
HC30530,TN30,OSM00396,OTP Fraud,94266.47,11,Tiruchirappalli,10.8484,78.6898,0.93,12,42.72,3,0.74,OSM00396,No Activity
HC30531,TN13,OSM00168,SIM Swap,240268.11,9,Madurai,9.9187,78.1113,0.62,11,9.3,15,0.23,OSM00168,Withdrawal Detected
HC30532,TN03,OSM01123,SIM Swap,44453.33,9,Chennai,13.0594,80.2445,0.83,20,44.13,7,0.93,OSM01123,Withdrawal Attempted
HC30533,TN09,OSM01160,Romance Scam,195882.64,11,Kallakurichi,11.477,79.0585,0.47,4,22.84,3,0.21,OSM01160,Withdrawal Attempted
HC30534,TN19,OSM00918,OTP Fraud,257952.36,10,Pudukkottai,10.077,78.7757,0.95,17,30.23,16,0.26,OSM00918,No Activity
HC30535,TN15,OSM01505,Phishing,167141.85,15,Nagapattinam,10.7744,79.8416,0.9,17,32.63,12,0.65,OSM01505,No Activity
HC30536,TN03,OSM00019,Identity Theft,84369.49,22,Chennai,13.0383,80.2473,0.75,14,14.48,13,0.65,OSM00019,Withdrawal Detected
HC30537,TN03,OSM00235,Card Skimming,93281.96,0,Chennai,13.0252,80.2222,0.73,14,21.24,5,0.32,OSM00235,Withdrawal Attempted
HC30538,TN17,OSM00260,Romance Scam,221217.15,14,Namakkal,11.2189,78.161,0.75,12,5.97,9,0.27,OSM00260,No Activity
HC30539,TN31,OSM01512,Phishing,295575.93,15,Tirunelveli,8.8474,77.7738,0.84,16,45.1,18,0.94,OSM01512,No Activity
HC30540,TN04,OSM01523,Job Fraud,268109.41,0,Coimbatore,11.0699,76.9424,0.4,8,30.44,14,0.21,OSM01523,No Activity
HC30541,TN33,OSM01577,Job Fraud,33293.12,13,Tiruppur,11.1903,77.2688,0.82,20,17.97,9,0.17,OSM01577,No Activity
HC30542,TN03,OSM00383,SIM Swap,197947.38,2,Chennai,13.0089,80.1961,0.91,6,29.82,2,0.34,OSM00383,No Activity
HC30543,TN03,OSM00202,Loan Fraud,214841.33,16,Chennai,12.9422,80.1422,0.41,16,15.63,17,0.84,OSM00202,No Activity
HC30544,TN19,OSM00446,Job Fraud,28610.65,22,Pudukkottai,10.4821,78.7849,0.7,5,11.04,15,0.68,OSM00446,No Activity
HC30545,TN31,OSM01379,Identity Theft,296751.49,15,Tirunelveli,8.7873,77.7264,0.53,23,0.23,14,0.74,OSM01379,Withdrawal Attempted
HC30546,TN03,OSM00629,Card Skimming,105522.68,8,Chennai,13.0114,80.1539,0.8,12,24.99,14,0.11,OSM00629,Withdrawal Attempted
HC30547,TN04,OSM00113,Phishing,112932.39,6,Coimbatore,10.9941,76.9651,0.62,21,12.6,7,0.8,OSM00113,No Activity
HC30548,TN03,OSM01575,Loan Fraud,37412.6,18,Chennai,12.9299,80.1274,0.58,12,47.41,7,0.78,OSM01575,No Activity
HC30549,TN04,OSM00117,Card Skimming,85912.26,11,Coimbatore,10.995,76.9589,0.44,22,45.95,18,0.46,OSM00117,Withdrawal Attempted
HC30550,TN03,OSM01581,Card Skimming,70908.16,2,Chennai,12.9356,80.1402,0.67,20,28.25,12,0.78,OSM01581,Withdrawal Attempted
HC30551,TN04,OSM00898,Job Fraud,45724.86,5,Coimbatore,11.2327,76.9005,0.5,14,20.3,11,0.96,OSM00898,Withdrawal Attempted
HC30552,TN14,OSM00196,Job Fraud,124455.13,2,Mayiladuthurai,10.9553,79.3913,0.9,21,34.89,2,0.73,OSM00196,Withdrawal Detected
HC30553,TN16,OSM00801,UPI Fraud,58535.7,8,Kanniyakumari,8.1902,77.6952,0.71,4,39.5,5,0.3,OSM00801,No Activity
HC30554,TN03,OSM01304,Romance Scam,180460.33,2,Chennai,12.981,80.1609,0.71,7,31.53,16,0.42,OSM01304,Withdrawal Attempted
HC30555,TN05,OSM01215,UPI Fraud,196443.53,12,Cuddalore,11.6922,79.7454,0.4,8,36.27,1,0.61,OSM01215,Withdrawal Detected
HC30556,TN04,OSM00692,OTP Fraud,25676.99,18,Coimbatore,11.2473,76.9565,0.97,14,13.3,2,0.85,OSM00692,No Activity
HC30557,TN03,OSM00291,SIM Swap,159708.75,11,Chennai,13.0361,80.2179,0.92,7,27.08,6,0.26,OSM00291,Withdrawal Attempted
HC30558,TN02,OSM00523,Loan Fraud,213440.11,3,Chengalpattu,12.8039,80.2238,0.55,5,27.7,19,0.97,OSM00523,Withdrawal Attempted
HC30559,TN24,OSM00825,Job Fraud,173222.87,21,Tenkasi,8.9369,77.4486,0.41,11,5.54,10,0.68,OSM00825,Withdrawal Detected
HC30560,TN03,OSM00788,UPI Fraud,114961.15,9,Chennai,13.056,80.2426,0.51,3,29.87,5,0.49,OSM00788,Withdrawal Attempted
HC30561,TN02,OSM00428,Investment Scam,9411.34,6,Chengalpattu,12.7901,80.2219,0.57,2,43.61,8,0.78,OSM00428,No Activity
HC30562,TN03,OSM00509,UPI Fraud,286478.26,9,Chennai,12.9227,80.1441,0.83,21,27.12,20,0.77,OSM00509,Withdrawal Attempted
HC30563,TN03,OSM00275,Investment Scam,248997.39,19,Chennai,12.9341,80.2327,0.92,10,38.28,11,0.84,OSM00275,Withdrawal Attempted
HC30564,TN04,OSM00415,Phishing,186982.34,11,Coimbatore,11.0082,76.9705,0.61,23,42.42,18,0.17,OSM00415,No Activity
HC30565,TN03,OSM00730,SIM Swap,255801.19,9,Chennai,12.9669,80.1491,0.55,25,14.63,12,0.8,OSM00730,No Activity
HC30566,TN04,OSM00052,UPI Fraud,140518.98,15,Coimbatore,10.9954,76.9754,0.94,10,45.59,12,0.99,OSM00052,Withdrawal Detected
HC30567,TN03,OSM00839,Romance Scam,132367.01,20,Chennai,13.0278,80.2099,0.97,11,5.12,4,0.78,OSM00839,Withdrawal Attempted
HC30568,TN03,OSM00570,UPI Fraud,206292.33,9,Chennai,13.0201,80.2066,0.42,7,43.78,12,0.5,OSM00570,Withdrawal Detected
HC30569,TN06,OSM00734,Romance Scam,24538.5,7,Dharmapuri,12.3028,78.0738,0.86,2,0.92,7,0.69,OSM00734,Withdrawal Attempted
HC30570,TN03,OSM00681,OTP Fraud,240473.18,18,Chennai,13.0875,80.1969,0.76,12,16.67,5,0.51,OSM00681,Withdrawal Detected
HC30571,TN30,OSM00300,Job Fraud,232111.01,7,Tiruchirappalli,10.815,78.6996,0.84,16,35.87,3,0.27,OSM00300,No Activity
HC30572,TN37,OSM00655,Phishing,276401.79,23,Viluppuram,11.9355,79.5239,0.74,21,34.05,8,0.49,OSM00655,Withdrawal Attempted
HC30573,TN20,OSM01035,Loan Fraud,297612.24,13,Ramanathapuram,9.2871,79.3184,0.86,12,28.91,16,0.85,OSM01035,Withdrawal Attempted
HC30574,TN04,OSM00827,Phishing,105415.03,1,Coimbatore,11.0142,77.0188,0.76,4,1.95,5,0.79,OSM00827,Withdrawal Attempted
HC30575,TN17,OSM01137,Card Skimming,238994.58,19,Namakkal,11.1081,78.2388,0.54,17,13.88,18,0.29,OSM01137,No Activity
HC30576,TN36,OSM01595,Card Skimming,292723.43,17,Vellore,12.9715,79.1627,0.87,3,12.09,9,0.53,OSM01595,Withdrawal Detected
HC30577,TN03,OSM00925,SIM Swap,268070.85,12,Chennai,13.0593,80.2427,0.59,15,41.6,2,0.98,OSM00925,No Activity
HC30578,TN31,OSM01132,OTP Fraud,45301.43,10,Tirunelveli,8.726,77.6788,0.92,15,24.67,2,0.63,OSM01132,Withdrawal Detected
HC30579,TN32,OSM00733,Card Skimming,134378.07,7,Tirupathur,12.6764,78.6224,0.58,12,43.98,20,0.94,OSM00733,Withdrawal Detected
HC30580,TN03,OSM00816,Phishing,220545.0,19,Chennai,13.0204,80.1301,0.69,8,44.91,16,0.9,OSM00816,No Activity
HC30581,TN03,OSM00456,SIM Swap,95757.96,16,Chennai,13.0832,80.2623,0.41,19,23.5,19,0.85,OSM00456,Withdrawal Detected
HC30582,TN29,OSM00900,Loan Fraud,181083.81,0,Thoothukudi,8.509,78.1179,0.63,7,42.93,15,0.64,OSM00900,Withdrawal Attempted
HC30583,TN16,OSM00216,OTP Fraud,77019.59,20,Kanniyakumari,8.19,77.4,0.84,7,7.46,1,0.28,OSM00216,No Activity
HC30584,TN30,OSM00286,Phishing,18705.07,21,Tiruchirappalli,10.756,78.8299,0.62,11,25.12,3,1.0,OSM00286,Withdrawal Detected
HC30585,TN37,OSM00968,Job Fraud,268024.03,8,Viluppuram,11.8349,79.4285,0.96,23,8.37,13,0.7,OSM00968,Withdrawal Detected
HC30586,TN18,OSM01252,Job Fraud,112683.68,1,Perambalur,11.1514,78.5955,0.95,3,5.43,14,0.37,OSM01252,No Activity
HC30587,TN16,OSM00197,Card Skimming,190047.88,19,Kanniyakumari,8.1734,77.4273,0.67,18,44.15,5,0.63,OSM00197,No Activity
HC30588,TN03,OSM00251,Loan Fraud,7796.03,2,Chennai,13.0242,80.2185,0.86,24,34.35,3,0.34,OSM00251,Withdrawal Detected
HC30589,TN37,OSM00530,Phishing,256202.15,7,Viluppuram,11.5258,79.3879,0.94,2,46.83,17,0.62,OSM00530,Withdrawal Attempted
HC30590,TN22,OSM00463,Phishing,50158.05,11,Salem,11.7193,78.0759,0.41,16,47.27,11,0.36,OSM00463,Withdrawal Attempted
HC30591,TN13,OSM01478,SIM Swap,34254.16,4,Madurai,9.928,78.1485,0.59,22,16.73,4,0.21,OSM01478,No Activity
HC30592,TN29,OSM00952,OTP Fraud,125514.77,3,Thoothukudi,8.7841,78.0996,0.66,7,34.82,5,0.11,OSM00952,Withdrawal Attempted
HC30593,TN04,OSM01313,Investment Scam,248056.14,23,Coimbatore,11.0274,77.0236,0.77,11,29.07,16,0.29,OSM01313,Withdrawal Attempted
HC30594,TN11,OSM00400,Job Fraud,44773.27,1,Karur,11.0234,78.2841,0.49,5,10.04,18,0.88,OSM00400,Withdrawal Attempted
HC30595,TN12,OSM01343,OTP Fraud,279211.37,10,Krishnagiri,12.7339,77.8318,0.51,19,46.42,4,0.76,OSM01343,Withdrawal Attempted
HC30596,TN31,OSM01559,UPI Fraud,256241.13,9,Tirunelveli,8.7013,77.7237,0.62,24,9.86,16,0.73,OSM01559,Withdrawal Attempted
HC30597,TN16,OSM01586,UPI Fraud,70005.43,8,Kanniyakumari,8.3139,77.2038,0.68,9,9.78,10,0.51,OSM01586,Withdrawal Attempted
HC30598,TN34,OSM01442,Romance Scam,198666.54,22,Tiruvannamalai,12.0642,79.1358,0.75,8,11.16,14,0.64,OSM01442,Withdrawal Attempted
HC30599,TN04,OSM00052,SIM Swap,168534.28,5,Coimbatore,10.9954,76.9754,0.79,12,7.81,2,0.11,OSM00052,No Activity
HC30600,TN04,OSM00090,Identity Theft,120521.99,12,Coimbatore,11.0438,76.9477,0.81,9,44.7,20,0.98,OSM00090,No Activity
HC30601,TN37,OSM00566,Identity Theft,229463.16,16,Viluppuram,11.939,79.4929,0.51,20,45.02,12,0.21,OSM00566,No Activity
HC30602,TN37,OSM00219,Phishing,6535.57,17,Viluppuram,12.2513,79.4166,0.92,20,36.04,4,0.14,OSM00219,Withdrawal Attempted
HC30603,TN26,OSM01174,SIM Swap,16007.6,15,Theni,10.4466,77.5172,0.7,9,34.87,4,0.47,OSM01174,No Activity
HC30604,TN16,OSM01048,Identity Theft,99704.21,14,Kanniyakumari,8.335,77.7003,0.68,11,26.86,7,0.12,OSM01048,No Activity
HC30605,TN29,OSM00948,Investment Scam,206980.16,11,Thoothukudi,8.7996,78.1338,0.71,24,15.58,17,0.8,OSM00948,No Activity
HC30606,TN03,OSM00384,SIM Swap,37666.34,17,Chennai,13.0072,80.1961,0.68,10,49.4,6,0.44,OSM00384,Withdrawal Detected
HC30607,TN19,OSM01534,Investment Scam,162164.95,1,Pudukkottai,10.1191,78.7915,0.82,16,26.09,5,0.71,OSM01534,Withdrawal Detected
HC30608,TN04,OSM00667,Identity Theft,171034.66,9,Coimbatore,11.0165,76.9633,0.8,21,8.17,14,0.87,OSM00667,Withdrawal Attempted
HC30609,TN08,OSM00161,Phishing,212168.02,4,Erode,11.3338,77.7043,0.88,11,18.09,3,0.41,OSM00161,Withdrawal Attempted
HC30610,TN04,OSM01313,UPI Fraud,58675.78,7,Coimbatore,11.0274,77.0236,0.92,20,34.73,2,0.34,OSM01313,No Activity
HC30611,TN03,OSM00525,Investment Scam,130896.48,15,Chennai,13.1307,80.277,0.73,21,38.44,12,0.36,OSM00525,Withdrawal Attempted
HC30612,TN03,OSM00024,SIM Swap,280431.83,0,Chennai,13.0237,80.2233,0.9,16,48.23,6,0.49,OSM00024,Withdrawal Attempted
HC30613,TN19,OSM00445,Romance Scam,136064.94,10,Pudukkottai,10.3757,78.8148,0.98,20,26.9,8,0.26,OSM00445,No Activity
HC30614,TN03,OSM00127,Job Fraud,299800.54,18,Chennai,12.9206,80.169,0.57,21,2.13,10,0.87,OSM00127,Withdrawal Attempted
HC30615,TN14,OSM01097,Card Skimming,295496.48,14,Mayiladuthurai,11.4533,79.5468,0.52,11,33.41,11,0.8,OSM01097,Withdrawal Detected
HC30616,TN04,OSM00359,UPI Fraud,198203.48,4,Coimbatore,11.0149,76.9492,0.45,20,46.14,9,0.64,OSM00359,Withdrawal Attempted
HC30617,TN13,OSM01463,Identity Theft,231880.61,10,Madurai,9.9321,78.0939,0.77,16,13.27,19,0.25,OSM01463,Withdrawal Detected
HC30618,TN04,OSM00086,UPI Fraud,263631.92,17,Coimbatore,11.0135,76.9673,0.56,5,19.16,14,0.34,OSM00086,Withdrawal Attempted
HC30619,TN03,OSM00534,Job Fraud,265939.97,15,Chennai,13.0812,80.2639,0.5,20,3.35,11,0.43,OSM00534,No Activity
HC30620,TN03,OSM00978,OTP Fraud,217673.08,19,Chennai,13.0912,80.276,0.93,11,33.34,16,0.3,OSM00978,Withdrawal Attempted
HC30621,TN03,OSM00723,Job Fraud,137866.08,17,Chennai,13.0042,80.2017,0.56,17,47.95,11,0.12,OSM00723,No Activity
HC30622,TN03,OSM00276,Loan Fraud,114568.58,5,Chennai,13.0312,80.2244,0.46,12,31.49,2,0.15,OSM00276,No Activity
HC30623,TN02,OSM00428,Phishing,21152.38,23,Chengalpattu,12.7901,80.2219,0.54,17,8.64,8,0.91,OSM00428,No Activity
HC30624,TN03,OSM00967,Investment Scam,104374.19,20,Chennai,12.9597,80.2421,0.82,5,11.39,18,0.25,OSM00967,Withdrawal Attempted
HC30625,TN03,OSM01579,Card Skimming,198786.77,13,Chennai,12.9176,80.1078,0.91,20,31.97,10,0.92,OSM01579,Withdrawal Attempted
HC30626,TN03,OSM00017,Card Skimming,252606.61,19,Chennai,13.033,80.1615,0.65,8,29.7,15,0.47,OSM00017,Withdrawal Detected
HC30627,TN37,OSM01002,Identity Theft,41923.4,18,Viluppuram,11.941,79.4964,0.97,9,19.66,13,0.52,OSM01002,Withdrawal Detected
HC30628,TN13,OSM00486,Loan Fraud,14271.35,11,Madurai,9.924,78.1491,0.43,6,20.86,3,0.9,OSM00486,No Activity
HC30629,TN31,OSM00907,OTP Fraud,244643.67,17,Tirunelveli,8.7169,77.7326,0.97,14,34.9,14,0.98,OSM00907,No Activity
HC30630,TN11,OSM00837,Phishing,104812.47,19,Karur,11.0745,78.0076,0.91,2,20.73,10,0.25,OSM00837,Withdrawal Detected
HC30631,TN03,OSM00242,Identity Theft,17387.39,3,Chennai,13.0196,80.2195,0.78,5,49.88,14,0.82,OSM00242,Withdrawal Detected
HC30632,TN18,OSM01257,Job Fraud,194772.07,9,Perambalur,11.1389,78.5919,0.89,18,20.3,8,0.78,OSM01257,No Activity
HC30633,TN19,OSM00446,OTP Fraud,46942.48,9,Pudukkottai,10.4821,78.7849,0.74,16,35.27,15,0.89,OSM00446,No Activity
HC30634,TN04,OSM00027,Identity Theft,233279.23,7,Coimbatore,10.998,76.9872,0.55,17,2.16,17,0.11,OSM00027,Withdrawal Attempted
HC30635,TN03,OSM00375,Romance Scam,162944.13,1,Chennai,12.9068,80.2291,0.51,9,42.63,20,0.32,OSM00375,Withdrawal Detected
HC30636,TN03,OSM00505,SIM Swap,15031.32,23,Chennai,13.0671,80.273,0.63,25,7.12,4,0.15,OSM00505,Withdrawal Detected
HC30637,TN08,OSM00423,Phishing,13208.96,7,Erode,11.4543,77.4352,0.8,19,45.02,17,0.96,OSM00423,Withdrawal Attempted
HC30638,TN29,OSM01236,Phishing,183313.37,13,Thoothukudi,8.7736,78.0857,0.57,5,11.48,7,0.77,OSM01236,Withdrawal Attempted
HC30639,TN04,OSM00097,OTP Fraud,50281.17,16,Coimbatore,11.0177,76.958,0.49,17,48.01,20,0.18,OSM00097,Withdrawal Detected
HC30640,TN06,OSM01320,OTP Fraud,127047.82,23,Dharmapuri,12.0216,78.4638,0.54,4,48.63,13,0.54,OSM01320,No Activity
HC30641,TN04,OSM00668,SIM Swap,122414.18,9,Coimbatore,11.0171,76.9643,0.71,16,25.12,9,0.56,OSM00668,Withdrawal Attempted
HC30642,TN11,OSM00253,OTP Fraud,168644.69,9,Karur,11.0598,78.1393,0.74,4,23.59,13,0.9,OSM00253,Withdrawal Attempted
HC30643,TN31,OSM00884,SIM Swap,96482.62,11,Tirunelveli,8.7298,77.71,0.55,2,38.31,4,0.53,OSM00884,No Activity
HC30644,TN08,OSM00420,Identity Theft,179433.67,4,Erode,11.4551,77.4389,0.45,15,43.28,3,0.62,OSM00420,No Activity
HC30645,TN16,OSM01048,SIM Swap,172472.11,6,Kanniyakumari,8.335,77.7003,0.96,7,43.06,8,0.21,OSM01048,Withdrawal Detected
HC30646,TN06,OSM00074,Job Fraud,32223.02,16,Dharmapuri,12.0167,78.0891,0.56,25,10.11,6,0.32,OSM00074,No Activity
HC30647,TN03,OSM00228,OTP Fraud,17300.88,9,Chennai,12.926,80.1063,0.93,16,38.33,12,0.36,OSM00228,Withdrawal Attempted
HC30648,TN03,OSM00291,Investment Scam,292972.88,19,Chennai,13.0361,80.2179,0.67,23,14.08,1,0.21,OSM00291,Withdrawal Attempted
HC30649,TN36,OSM00211,Card Skimming,191053.83,9,Vellore,12.9352,79.1516,0.81,13,19.97,17,0.25,OSM00211,Withdrawal Detected
HC30650,TN08,OSM00743,Loan Fraud,7729.02,7,Erode,11.3238,77.7273,0.6,8,2.25,4,0.36,OSM00743,No Activity
HC30651,TN03,OSM00715,Phishing,122331.16,19,Chennai,13.0671,80.2731,0.72,17,20.84,9,0.49,OSM00715,Withdrawal Attempted
HC30652,TN03,OSM00931,Romance Scam,185888.27,12,Chennai,13.1238,80.2015,0.91,6,18.73,3,0.36,OSM00931,No Activity
HC30653,TN19,OSM00445,UPI Fraud,188147.73,16,Pudukkottai,10.3757,78.8148,0.95,11,46.86,18,0.56,OSM00445,Withdrawal Attempted
HC30654,TN03,OSM00307,Phishing,23781.01,0,Chennai,13.0412,80.2296,0.69,3,6.76,17,0.31,OSM00307,Withdrawal Detected
HC30655,TN29,OSM01492,Romance Scam,96718.4,6,Thoothukudi,8.6204,78.0703,0.53,14,13.39,9,0.66,OSM01492,Withdrawal Attempted
HC30656,TN03,OSM00037,Romance Scam,42154.36,6,Chennai,12.9514,80.1426,0.46,25,26.81,18,0.49,OSM00037,Withdrawal Attempted
HC30657,TN09,OSM01284,Phishing,199589.55,5,Kallakurichi,11.5328,79.1249,0.62,2,13.18,6,0.23,OSM01284,Withdrawal Attempted
HC30658,TN03,OSM00634,Phishing,92263.8,9,Chennai,13.0826,80.1988,0.4,7,8.3,4,0.71,OSM00634,No Activity
HC30659,TN03,OSM00222,Phishing,37832.04,4,Chennai,13.0652,80.208,0.81,13,7.52,1,0.11,OSM00222,Withdrawal Detected
HC30660,TN38,OSM01508,Romance Scam,131025.06,13,Virudhunagar,9.7428,77.9813,0.82,12,13.19,13,0.76,OSM01508,Withdrawal Detected
HC30661,TN03,OSM00628,Loan Fraud,258828.74,16,Chennai,13.0112,80.1543,0.96,25,30.02,16,0.21,OSM00628,Withdrawal Attempted
HC30662,TN29,OSM00902,Job Fraud,141194.51,15,Thoothukudi,8.7429,78.0482,0.44,3,31.37,15,0.56,OSM00902,No Activity
HC30663,TN04,OSM00700,SIM Swap,134173.0,17,Coimbatore,11.069,76.9426,0.51,14,38.81,13,0.57,OSM00700,Withdrawal Attempted
HC30664,TN37,OSM00826,OTP Fraud,56692.15,15,Viluppuram,11.9751,79.2234,0.78,20,10.42,16,0.52,OSM00826,Withdrawal Attempted
HC30665,TN03,OSM00606,OTP Fraud,221357.58,18,Chennai,13.087,80.2046,0.74,23,45.25,6,0.3,OSM00606,Withdrawal Attempted
HC30666,TN03,OSM01520,Investment Scam,151458.1,14,Chennai,13.0561,80.1934,0.72,14,23.41,13,0.75,OSM01520,Withdrawal Detected
HC30667,TN38,OSM00497,Loan Fraud,11328.08,20,Virudhunagar,9.4443,77.7953,0.89,6,15.29,1,0.62,OSM00497,Withdrawal Detected
HC30668,TN25,OSM00281,Phishing,25264.71,13,Thanjavur,10.7899,79.1382,0.91,23,1.96,11,0.73,OSM00281,Withdrawal Attempted
HC30669,TN03,OSM01039,Identity Theft,71871.0,21,Chennai,13.0141,80.2367,0.93,19,41.94,2,0.24,OSM01039,Withdrawal Attempted
HC30670,TN25,OSM01354,UPI Fraud,172303.77,21,Thanjavur,10.7971,79.1377,0.58,19,24.45,2,0.38,OSM01354,Withdrawal Attempted
HC30671,TN13,OSM01470,Investment Scam,240543.5,18,Madurai,9.9188,78.1486,0.41,19,37.36,18,0.26,OSM01470,Withdrawal Detected
HC30672,TN04,OSM00887,Job Fraud,15662.45,19,Coimbatore,10.9958,76.9779,0.65,14,42.41,18,0.88,OSM00887,Withdrawal Detected
HC30673,TN35,OSM00817,Identity Theft,20160.52,22,The Nilgiris,11.3782,76.7439,0.91,25,42.57,9,0.87,OSM00817,Withdrawal Detected
HC30674,TN05,OSM00910,Loan Fraud,247526.05,11,Cuddalore,11.9683,79.8383,0.53,8,34.5,12,0.55,OSM00910,Withdrawal Detected
HC30675,TN03,OSM00579,SIM Swap,66613.48,14,Chennai,12.8874,80.1476,0.56,13,32.16,5,0.58,OSM00579,Withdrawal Detected
HC30676,TN03,OSM00290,Job Fraud,80378.25,16,Chennai,13.0412,80.2247,0.66,18,45.14,13,0.27,OSM00290,Withdrawal Detected
HC30677,TN33,OSM01567,Romance Scam,79647.76,4,Tiruppur,11.1877,77.2774,0.9,10,24.52,10,0.82,OSM01567,No Activity
HC30678,TN03,OSM00495,Identity Theft,169534.07,14,Chennai,12.934,80.1296,0.97,15,9.75,1,0.2,OSM00495,Withdrawal Detected
HC30679,TN10,OSM00589,SIM Swap,229713.45,9,Kancheepuram,12.8389,79.7104,0.51,21,17.58,20,0.24,OSM00589,No Activity
HC30680,TN34,OSM01322,Romance Scam,259603.46,13,Tiruvannamalai,12.2085,79.0502,0.75,15,27.36,8,0.81,OSM01322,Withdrawal Attempted
HC30681,TN03,OSM01510,Phishing,61068.61,3,Chennai,13.079,80.252,0.44,21,4.81,11,0.6,OSM01510,Withdrawal Detected
HC30682,TN31,OSM00883,Job Fraud,105383.58,17,Tirunelveli,8.7127,77.7668,0.45,11,22.88,2,0.54,OSM00883,Withdrawal Detected
HC30683,TN04,OSM00097,Identity Theft,111759.52,11,Coimbatore,11.0177,76.958,0.9,3,44.23,15,0.35,OSM00097,Withdrawal Attempted
HC30684,TN14,OSM01098,Job Fraud,139086.8,2,Mayiladuthurai,11.4347,79.5426,0.73,21,49.08,8,0.79,OSM01098,No Activity
HC30685,TN03,OSM00518,Phishing,256865.13,12,Chennai,12.923,80.1276,0.49,16,34.76,6,0.24,OSM00518,Withdrawal Attempted
HC30686,TN04,OSM01507,Romance Scam,184985.82,3,Coimbatore,10.6618,77.0079,0.78,14,41.51,14,0.18,OSM01507,No Activity
HC30687,TN29,OSM01366,Romance Scam,279504.14,7,Thoothukudi,8.7975,78.1323,0.97,4,4.69,9,0.2,OSM01366,No Activity
HC30688,TN03,OSM01310,Loan Fraud,263296.43,6,Chennai,12.8671,80.2432,0.86,6,20.47,17,0.47,OSM01310,Withdrawal Detected
HC30689,TN09,OSM00854,Card Skimming,163526.63,15,Kallakurichi,11.5773,78.9172,0.4,2,6.15,2,0.6,OSM00854,Withdrawal Attempted
HC30690,TN16,OSM01586,SIM Swap,242282.99,13,Kanniyakumari,8.3139,77.2038,0.42,2,18.34,10,0.67,OSM01586,No Activity
HC30691,TN03,OSM00402,Identity Theft,60828.14,1,Chennai,13.0339,80.2497,0.77,8,25.14,3,0.9,OSM00402,No Activity
HC30692,TN04,OSM01507,Job Fraud,52631.06,10,Coimbatore,10.6618,77.0079,0.46,5,45.88,8,0.25,OSM01507,No Activity
HC30693,TN13,OSM01477,Investment Scam,98389.76,20,Madurai,9.9279,78.1487,0.96,6,39.46,20,0.86,OSM01477,No Activity
HC30694,TN09,OSM01294,Card Skimming,18072.66,14,Kallakurichi,11.5189,79.3414,0.46,12,36.33,17,0.79,OSM01294,Withdrawal Detected
HC30695,TN02,OSM00428,SIM Swap,142100.99,6,Chengalpattu,12.7901,80.2219,0.94,20,1.44,12,0.15,OSM00428,No Activity
HC30696,TN03,OSM00005,Card Skimming,245183.42,3,Chennai,12.859,80.2409,0.9,2,5.99,12,0.65,OSM00005,Withdrawal Attempted
HC30697,TN07,OSM01258,Phishing,174990.1,10,Dindigul,10.3633,77.9754,0.73,3,35.76,7,0.52,OSM01258,Withdrawal Detected
HC30698,TN31,OSM01329,Loan Fraud,4401.22,4,Tirunelveli,8.7263,77.7314,0.88,13,33.01,10,0.97,OSM01329,Withdrawal Detected
HC30699,TN26,OSM00799,Loan Fraud,275735.08,18,Theni,10.2367,77.4948,0.95,25,12.11,8,0.92,OSM00799,Withdrawal Attempted
HC30700,TN20,OSM01528,Investment Scam,101697.58,2,Ramanathapuram,9.3673,78.8332,0.61,3,40.56,6,0.5,OSM01528,Withdrawal Attempted
HC30701,TN03,OSM00229,SIM Swap,118396.06,19,Chennai,12.926,80.1062,0.78,17,3.4,17,0.34,OSM00229,Withdrawal Attempted
HC30702,TN03,OSM00149,SIM Swap,284144.08,2,Chennai,13.0367,80.2164,0.53,15,10.86,13,0.79,OSM00149,No Activity
HC30703,TN29,OSM01031,SIM Swap,293989.89,19,Thoothukudi,8.7425,78.0455,0.52,20,34.42,8,0.79,OSM01031,Withdrawal Attempted
HC30704,TN05,OSM00544,Job Fraud,21677.01,11,Cuddalore,11.7525,79.7615,0.98,14,10.85,2,0.25,OSM00544,Withdrawal Attempted
HC30705,TN35,OSM00083,OTP Fraud,98807.35,16,The Nilgiris,11.2981,76.9394,0.94,13,8.06,19,0.51,OSM00083,Withdrawal Detected
HC30706,TN16,OSM01057,Loan Fraud,143857.06,9,Kanniyakumari,8.3903,77.6097,0.62,25,43.11,15,0.4,OSM01057,Withdrawal Attempted
HC30707,TN04,OSM00057,SIM Swap,247028.74,13,Coimbatore,11.0407,76.982,0.96,21,9.61,4,0.25,OSM00057,Withdrawal Detected
HC30708,TN03,OSM00158,Card Skimming,127991.5,1,Chennai,12.9444,80.2383,0.47,7,26.49,2,0.82,OSM00158,Withdrawal Attempted
HC30709,TN03,OSM01403,Card Skimming,49974.48,4,Chennai,13.093,80.1952,0.45,6,23.51,9,0.24,OSM01403,Withdrawal Detected
HC30710,TN04,OSM00359,Loan Fraud,45864.77,14,Coimbatore,11.0149,76.9492,0.82,20,1.08,9,0.8,OSM00359,Withdrawal Detected
HC30711,TN31,OSM01323,Phishing,54709.1,22,Tirunelveli,8.7312,77.7084,0.57,5,23.49,13,0.76,OSM01323,No Activity
HC30712,TN12,OSM01411,Job Fraud,143820.53,13,Krishnagiri,12.735,77.8311,0.41,24,16.64,19,0.47,OSM01411,Withdrawal Detected
HC30713,TN13,OSM01484,Investment Scam,88464.5,4,Madurai,9.9267,78.0951,0.5,19,16.94,4,0.38,OSM01484,Withdrawal Detected
HC30714,TN22,OSM00344,Romance Scam,223206.01,14,Salem,11.6255,78.1471,0.88,13,19.1,15,0.19,OSM00344,Withdrawal Detected
HC30715,TN21,OSM01272,Romance Scam,235969.83,17,Ranipet,12.9227,79.3314,0.92,23,29.68,3,0.98,OSM01272,Withdrawal Detected
HC30716,TN09,OSM01294,Investment Scam,192266.39,12,Kallakurichi,11.5189,79.3414,0.68,24,19.92,6,0.27,OSM01294,Withdrawal Attempted
HC30717,TN07,OSM01263,Phishing,62048.05,11,Dindigul,10.3548,77.9616,0.64,19,23.69,16,0.16,OSM01263,Withdrawal Attempted
HC30718,TN17,OSM00263,Card Skimming,180897.71,15,Namakkal,11.2235,78.1674,0.53,17,3.35,16,0.34,OSM00263,Withdrawal Attempted
HC30719,TN04,OSM01225,Job Fraud,181655.86,8,Coimbatore,11.1379,77.036,0.58,23,10.16,3,0.98,OSM01225,Withdrawal Detected
HC30720,TN03,OSM00645,Phishing,59804.22,2,Chennai,13.0798,80.1804,0.42,12,35.97,4,0.44,OSM00645,Withdrawal Detected
HC30721,TN03,OSM00637,Phishing,189764.46,11,Chennai,12.9286,80.1118,0.59,6,10.07,10,0.25,OSM00637,Withdrawal Detected
HC30722,TN18,OSM01178,Job Fraud,83535.84,17,Perambalur,11.0906,78.825,0.75,5,21.13,3,0.86,OSM01178,Withdrawal Attempted
HC30723,TN25,OSM00045,Investment Scam,3658.47,8,Thanjavur,10.7693,79.1132,0.45,13,0.3,6,0.3,OSM00045,No Activity
HC30724,TN12,OSM01340,Romance Scam,102820.93,9,Krishnagiri,12.5434,78.3545,0.5,16,16.43,17,0.23,OSM01340,No Activity
HC30725,TN03,OSM00505,UPI Fraud,251219.49,22,Chennai,13.0671,80.273,0.57,24,7.57,2,0.55,OSM00505,No Activity
HC30726,TN03,OSM00164,UPI Fraud,75479.88,8,Chennai,12.9763,80.1884,0.49,3,19.23,8,0.8,OSM00164,Withdrawal Detected
HC30727,TN08,OSM00473,Romance Scam,25148.05,19,Erode,11.4497,77.7717,0.59,14,41.48,8,0.79,OSM00473,Withdrawal Attempted
HC30728,TN10,OSM00592,Investment Scam,148038.49,1,Kancheepuram,12.8438,79.6997,0.91,24,15.72,17,1.0,OSM00592,No Activity
HC30729,TN03,OSM01513,SIM Swap,224944.92,2,Chennai,13.0742,80.2278,0.65,12,1.04,10,0.96,OSM01513,Withdrawal Attempted
HC30730,TN11,OSM00837,Phishing,115075.69,12,Karur,11.0745,78.0076,0.56,16,10.65,9,0.77,OSM00837,Withdrawal Detected
HC30731,TN38,OSM01376,Loan Fraud,181840.36,22,Virudhunagar,9.1658,77.8755,0.88,19,25.94,20,0.25,OSM01376,Withdrawal Attempted
HC30732,TN35,OSM00029,UPI Fraud,209890.55,0,The Nilgiris,11.3669,76.7666,0.58,8,20.55,15,0.17,OSM00029,Withdrawal Attempted
HC30733,TN38,OSM00693,Card Skimming,153565.03,18,Virudhunagar,9.5891,77.9537,0.63,7,41.98,14,0.51,OSM00693,Withdrawal Detected
HC30734,TN10,OSM00740,UPI Fraud,83572.8,2,Kancheepuram,12.6649,79.5404,0.65,6,19.87,5,0.92,OSM00740,Withdrawal Detected
HC30735,TN13,OSM01463,Investment Scam,268248.42,6,Madurai,9.9321,78.0939,0.87,18,11.26,3,0.71,OSM01463,Withdrawal Attempted
HC30736,TN03,OSM00017,UPI Fraud,141770.49,20,Chennai,13.033,80.1615,0.68,24,36.52,13,0.29,OSM00017,Withdrawal Detected
HC30737,TN03,OSM00054,Loan Fraud,56423.64,5,Chennai,13.0676,80.209,0.9,13,49.15,15,0.31,OSM00054,Withdrawal Attempted
HC30738,TN16,OSM00804,Identity Theft,209254.01,13,Kanniyakumari,8.1642,77.6346,0.76,14,6.9,3,0.74,OSM00804,Withdrawal Detected
HC30739,TN16,OSM01068,UPI Fraud,45413.32,0,Kanniyakumari,8.1479,77.5705,0.59,23,3.93,6,0.71,OSM01068,Withdrawal Detected
HC30740,TN30,OSM00304,Card Skimming,227545.23,19,Tiruchirappalli,10.8272,78.6849,0.62,8,6.37,4,0.62,OSM00304,Withdrawal Attempted
HC30741,TN16,OSM00802,Job Fraud,208488.71,4,Kanniyakumari,8.1897,77.7001,0.84,18,35.51,16,0.62,OSM00802,Withdrawal Detected
HC30742,TN30,OSM00299,SIM Swap,38388.88,18,Tiruchirappalli,10.8053,78.732,0.75,13,4.91,15,0.53,OSM00299,No Activity
HC30743,TN03,OSM00794,Investment Scam,143035.92,0,Chennai,13.0531,80.2466,0.47,4,19.93,18,0.3,OSM00794,Withdrawal Detected
HC30744,TN21,OSM01275,Identity Theft,197640.05,3,Ranipet,12.9325,79.3313,0.99,7,42.42,11,0.8,OSM01275,No Activity
HC30745,TN04,OSM00732,OTP Fraud,230207.27,1,Coimbatore,11.0135,76.9318,0.91,23,3.49,19,0.52,OSM00732,Withdrawal Attempted
HC30746,TN11,OSM00694,UPI Fraud,148125.67,10,Karur,11.0534,78.0493,0.72,2,25.41,20,0.72,OSM00694,Withdrawal Attempted
HC30747,TN22,OSM00483,Investment Scam,248001.43,17,Salem,11.6714,78.1136,0.71,23,7.04,9,0.68,OSM00483,No Activity
HC30748,TN03,OSM00222,Job Fraud,144736.59,4,Chennai,13.0652,80.208,0.75,18,34.45,8,0.75,OSM00222,No Activity
HC30749,TN37,OSM00552,UPI Fraud,274811.44,7,Viluppuram,11.9397,79.493,0.61,16,9.16,11,0.5,OSM00552,Withdrawal Attempted
HC30750,TN03,OSM00296,SIM Swap,118610.36,11,Chennai,13.0469,80.2358,0.87,24,40.33,17,0.89,OSM00296,Withdrawal Detected
HC30751,TN04,OSM00727,Investment Scam,265044.66,1,Coimbatore,11.0224,76.9369,0.78,10,36.92,4,0.83,OSM00727,Withdrawal Attempted
HC30752,TN29,OSM01189,Card Skimming,96397.3,14,Thoothukudi,8.8057,78.1333,0.65,2,48.37,3,0.69,OSM01189,No Activity
HC30753,TN26,OSM00750,OTP Fraud,274236.96,2,Theni,10.228,77.3514,0.74,11,19.3,11,0.64,OSM00750,Withdrawal Detected
HC30754,TN30,OSM00292,Phishing,237016.89,12,Tiruchirappalli,10.7844,78.7757,0.9,10,31.29,16,0.82,OSM00292,No Activity
HC30755,TN16,OSM00203,OTP Fraud,112410.38,18,Kanniyakumari,8.1749,77.4306,0.78,6,42.74,20,0.48,OSM00203,No Activity
HC30756,TN08,OSM00161,Card Skimming,124914.53,12,Erode,11.3338,77.7043,0.69,4,37.52,17,0.93,OSM00161,Withdrawal Detected
HC30757,TN03,OSM00685,Card Skimming,252024.96,2,Chennai,12.9801,80.2509,0.89,13,36.74,5,0.47,OSM00685,Withdrawal Attempted
HC30758,TN03,OSM00640,Loan Fraud,183456.44,1,Chennai,13.0297,80.2091,0.53,19,30.68,2,0.5,OSM00640,Withdrawal Attempted
HC30759,TN03,OSM00533,Job Fraud,135113.41,11,Chennai,13.0906,80.1782,0.81,15,48.87,3,0.37,OSM00533,Withdrawal Attempted
HC30760,TN37,OSM01293,Card Skimming,163048.63,2,Viluppuram,11.5225,79.3558,0.79,15,38.62,19,0.69,OSM01293,Withdrawal Detected
HC30761,TN03,OSM00510,SIM Swap,4893.68,11,Chennai,12.9227,80.1496,0.5,17,28.18,12,0.67,OSM00510,Withdrawal Detected
HC30762,TN13,OSM01473,OTP Fraud,43543.48,14,Madurai,9.9203,78.1488,0.78,17,40.04,10,0.78,OSM01473,No Activity
HC30763,TN17,OSM00260,Phishing,204213.72,11,Namakkal,11.2189,78.161,0.69,3,41.27,13,0.88,OSM00260,No Activity
HC30764,TN25,OSM00045,Phishing,137173.27,21,Thanjavur,10.7693,79.1132,0.73,8,25.94,15,0.57,OSM00045,Withdrawal Detected
HC30765,TN12,OSM01232,Identity Theft,188835.58,12,Krishnagiri,12.6664,77.9975,0.67,20,6.76,9,0.78,OSM01232,Withdrawal Detected
HC30766,TN04,OSM01246,Job Fraud,124345.41,9,Coimbatore,11.0096,76.9457,0.82,21,45.81,8,0.61,OSM01246,Withdrawal Detected
HC30767,TN22,OSM00355,OTP Fraud,58087.93,10,Salem,11.5389,78.0815,0.64,3,31.1,12,0.7,OSM00355,Withdrawal Attempted
HC30768,TN04,OSM01224,Card Skimming,178855.45,12,Coimbatore,11.1351,77.0346,0.87,18,37.27,13,0.77,OSM01224,Withdrawal Attempted
HC30769,TN30,OSM00472,SIM Swap,255719.46,18,Tiruchirappalli,10.79,78.675,0.46,20,25.8,7,0.3,OSM00472,Withdrawal Detected
HC30770,TN03,OSM00622,Identity Theft,214589.14,20,Chennai,13.0999,80.2147,0.49,15,37.72,17,0.81,OSM00622,Withdrawal Detected
HC30771,TN24,OSM00141,OTP Fraud,153370.52,5,Tenkasi,8.9788,77.4184,0.79,23,29.23,17,0.32,OSM00141,Withdrawal Detected
HC30772,TN04,OSM00026,Loan Fraud,79968.49,1,Coimbatore,10.9969,77.0007,0.7,8,42.64,10,0.54,OSM00026,Withdrawal Attempted
HC30773,TN25,OSM01089,Job Fraud,162380.67,20,Thanjavur,10.9283,79.3583,0.65,9,48.23,20,0.93,OSM01089,Withdrawal Detected
HC30774,TN26,OSM01174,OTP Fraud,118204.01,15,Theni,10.4466,77.5172,0.47,8,41.4,9,0.88,OSM01174,No Activity
HC30775,TN03,OSM00210,Loan Fraud,234351.03,16,Chennai,12.9828,80.1916,0.82,11,13.78,7,0.34,OSM00210,Withdrawal Detected
HC30776,TN30,OSM00303,SIM Swap,160748.51,6,Tiruchirappalli,10.8259,78.6835,0.64,17,3.16,1,0.28,OSM00303,No Activity
HC30777,TN04,OSM00043,Loan Fraud,285020.07,5,Coimbatore,11.0243,77.0064,0.62,12,1.96,16,0.25,OSM00043,Withdrawal Detected
HC30778,TN11,OSM00836,Identity Theft,83495.89,14,Karur,10.9643,78.0468,0.79,4,49.72,9,0.89,OSM00836,No Activity
HC30779,TN22,OSM00343,Investment Scam,150734.13,21,Salem,11.6322,78.1276,0.43,12,21.04,6,0.13,OSM00343,Withdrawal Detected
HC30780,TN03,OSM00930,Loan Fraud,268320.26,11,Chennai,13.1236,80.2015,0.48,3,34.39,4,0.79,OSM00930,Withdrawal Attempted
HC30781,TN05,OSM01211,UPI Fraud,167540.13,11,Cuddalore,11.7624,79.7643,0.7,22,30.16,7,0.82,OSM01211,Withdrawal Detected
HC30782,TN29,OSM01392,UPI Fraud,294686.8,5,Thoothukudi,8.7992,78.1497,0.98,25,35.97,3,0.5,OSM01392,Withdrawal Attempted
HC30783,TN02,OSM00523,OTP Fraud,42403.29,4,Chengalpattu,12.8039,80.2238,0.79,9,18.51,20,0.25,OSM00523,No Activity
HC30784,TN24,OSM00136,Job Fraud,12563.57,11,Tenkasi,8.9125,77.3891,0.94,8,2.94,1,0.43,OSM00136,No Activity
HC30785,TN38,OSM00818,SIM Swap,202522.23,5,Virudhunagar,9.6088,77.9563,0.51,24,37.99,2,0.63,OSM00818,Withdrawal Detected
HC30786,TN12,OSM01184,UPI Fraud,23170.63,22,Krishnagiri,12.7364,77.8268,0.86,20,45.08,14,0.72,OSM01184,Withdrawal Attempted
HC30787,TN14,OSM01097,Identity Theft,16618.09,4,Mayiladuthurai,11.4533,79.5468,0.93,7,28.49,17,0.5,OSM01097,Withdrawal Attempted
HC30788,TN13,OSM00432,Loan Fraud,49294.56,4,Madurai,9.9487,78.1624,0.87,8,24.03,2,0.32,OSM00432,No Activity
HC30789,TN06,OSM00734,Phishing,143813.4,0,Dharmapuri,12.3028,78.0738,0.82,23,20.61,15,0.42,OSM00734,Withdrawal Attempted
HC30790,TN05,OSM01023,Card Skimming,2374.64,16,Cuddalore,11.9579,79.7962,0.79,7,4.82,14,0.27,OSM01023,No Activity
HC30791,TN03,OSM00512,Card Skimming,74566.31,19,Chennai,12.9225,80.1397,0.44,25,43.06,14,0.23,OSM00512,No Activity
HC30792,TN05,OSM01219,UPI Fraud,145911.28,5,Cuddalore,11.772,79.7604,0.62,8,42.62,4,0.97,OSM01219,No Activity
HC30793,TN04,OSM00867,Identity Theft,39100.54,10,Coimbatore,10.5491,77.084,0.98,11,41.54,10,0.69,OSM00867,Withdrawal Attempted
HC30794,TN38,OSM01508,Loan Fraud,199685.18,21,Virudhunagar,9.7428,77.9813,0.48,22,31.33,7,0.5,OSM01508,No Activity
HC30795,TN29,OSM00880,Loan Fraud,296365.58,12,Thoothukudi,8.8042,78.1209,0.73,5,28.04,16,0.21,OSM00880,Withdrawal Attempted
HC30796,TN03,OSM00222,Job Fraud,248523.44,11,Chennai,13.0652,80.208,0.87,15,17.48,10,0.83,OSM00222,Withdrawal Attempted
HC30797,TN03,OSM00538,UPI Fraud,175665.1,6,Chennai,12.9878,80.2557,0.41,5,38.79,6,0.73,OSM00538,No Activity
HC30798,TN37,OSM01003,UPI Fraud,151436.78,18,Viluppuram,11.9246,79.5493,0.83,8,1.92,2,0.5,OSM01003,Withdrawal Attempted
HC30799,TN30,OSM00304,Loan Fraud,93178.09,21,Tiruchirappalli,10.8272,78.6849,0.67,14,4.99,15,0.12,OSM00304,Withdrawal Attempted
HC30800,TN37,OSM00655,Identity Theft,282016.93,11,Viluppuram,11.9355,79.5239,0.77,25,8.96,9,0.87,OSM00655,Withdrawal Detected
HC30801,TN30,OSM00293,Job Fraud,10471.49,6,Tiruchirappalli,10.7845,78.7757,0.4,18,46.47,3,0.93,OSM00293,Withdrawal Detected
HC30802,TN30,OSM00418,Loan Fraud,143385.48,17,Tiruchirappalli,10.7981,78.6855,0.57,17,13.98,18,0.78,OSM00418,Withdrawal Attempted
HC30803,TN30,OSM01164,Phishing,281461.36,17,Tiruchirappalli,10.7272,78.5617,0.68,25,22.5,15,0.34,OSM01164,No Activity
HC30804,TN13,OSM00354,Job Fraud,210089.37,3,Madurai,9.9627,78.1993,0.78,9,9.04,2,0.57,OSM00354,No Activity
HC30805,TN30,OSM01120,Loan Fraud,37433.91,11,Tiruchirappalli,10.8219,78.694,0.68,25,49.52,8,0.38,OSM01120,Withdrawal Attempted
HC30806,TN03,OSM00183,Phishing,15528.67,11,Chennai,13.0185,80.1779,0.72,19,50.0,6,0.88,OSM00183,No Activity
HC30807,TN37,OSM00969,OTP Fraud,79236.34,0,Viluppuram,11.7662,79.5497,0.89,23,44.64,13,0.7,OSM00969,Withdrawal Attempted
HC30808,TN11,OSM00835,Identity Theft,285063.92,21,Karur,10.9681,78.049,0.42,9,27.12,3,0.71,OSM00835,Withdrawal Detected
HC30809,TN04,OSM00887,Job Fraud,6535.0,3,Coimbatore,10.9958,76.9779,0.99,18,10.65,10,0.15,OSM00887,Withdrawal Detected
HC30810,TN12,OSM00332,Investment Scam,22697.84,11,Krishnagiri,12.528,77.7897,0.78,2,6.82,20,0.13,OSM00332,Withdrawal Attempted
HC30811,TN03,OSM00578,OTP Fraud,77584.44,3,Chennai,12.8875,80.1477,0.41,3,47.77,9,0.75,OSM00578,Withdrawal Detected
HC30812,TN29,OSM01334,Card Skimming,152783.19,23,Thoothukudi,8.8003,78.1333,0.96,17,8.15,4,0.13,OSM01334,Withdrawal Detected
HC30813,TN03,OSM01590,Job Fraud,277885.61,0,Chennai,13.0571,80.2458,0.55,7,23.89,2,0.98,OSM01590,Withdrawal Detected
HC30814,TN03,OSM00517,Loan Fraud,74649.98,4,Chennai,12.9226,80.1293,0.73,3,48.99,19,0.37,OSM00517,Withdrawal Detected
HC30815,TN16,OSM00200,Phishing,49023.04,18,Kanniyakumari,8.1792,77.4223,0.68,15,12.73,15,0.22,OSM00200,Withdrawal Detected
HC30816,TN29,OSM01335,Investment Scam,34443.0,10,Thoothukudi,8.7877,78.1332,0.72,9,10.78,3,0.89,OSM01335,Withdrawal Attempted
HC30817,TN10,OSM00588,Phishing,171017.33,9,Kancheepuram,12.832,79.6945,0.64,19,37.62,18,0.82,OSM00588,Withdrawal Detected
HC30818,TN06,OSM00074,Phishing,4518.58,16,Dharmapuri,12.0167,78.0891,0.53,18,48.42,18,0.64,OSM00074,No Activity
HC30819,TN04,OSM00114,SIM Swap,123918.14,20,Coimbatore,10.9937,76.9618,0.96,2,49.7,14,0.8,OSM00114,Withdrawal Detected
HC30820,TN05,OSM00881,OTP Fraud,44200.69,10,Cuddalore,11.6051,79.5069,0.74,15,39.94,13,0.24,OSM00881,Withdrawal Detected
HC30821,TN37,OSM01169,Romance Scam,286372.61,20,Viluppuram,11.775,79.5089,0.72,10,43.81,18,0.12,OSM01169,No Activity
HC30822,TN33,OSM01551,UPI Fraud,153520.69,10,Tiruppur,11.0735,77.3703,0.97,7,18.66,11,0.87,OSM01551,No Activity
HC30823,TN03,OSM00601,Card Skimming,178985.97,19,Chennai,12.8304,80.2296,0.91,25,24.13,15,0.9,OSM00601,No Activity
HC30824,TN22,OSM01445,UPI Fraud,55024.95,21,Salem,11.6703,78.1142,0.86,7,12.7,19,0.57,OSM01445,No Activity
HC30825,TN03,OSM00934,Investment Scam,114557.73,4,Chennai,13.1026,80.2905,0.93,12,21.86,8,0.38,OSM00934,Withdrawal Detected
HC30826,TN30,OSM00556,OTP Fraud,258582.83,15,Tiruchirappalli,10.8152,78.6965,0.69,24,26.35,15,0.19,OSM00556,Withdrawal Detected
HC30827,TN03,OSM01358,UPI Fraud,95318.18,14,Chennai,13.0039,80.2517,0.54,25,47.18,17,0.68,OSM01358,Withdrawal Attempted
HC30828,TN03,OSM01123,OTP Fraud,81911.56,7,Chennai,13.0594,80.2445,0.43,13,34.08,17,0.96,OSM01123,Withdrawal Detected
HC30829,TN29,OSM01059,Job Fraud,59417.52,4,Thoothukudi,8.8175,78.1338,0.62,8,19.83,12,0.94,OSM01059,Withdrawal Attempted
HC30830,TN03,OSM00755,Phishing,3500.41,11,Chennai,13.0871,80.213,0.63,14,30.64,5,0.45,OSM00755,No Activity
HC30831,TN03,OSM00637,OTP Fraud,9799.87,4,Chennai,12.9286,80.1118,0.5,22,4.55,14,0.15,OSM00637,Withdrawal Attempted
HC30832,TN29,OSM01369,Romance Scam,137391.35,21,Thoothukudi,8.7993,78.1331,0.5,3,6.66,16,0.67,OSM01369,No Activity
HC30833,TN24,OSM00671,SIM Swap,80097.85,6,Tenkasi,8.9333,77.274,0.86,24,8.12,1,0.33,OSM00671,Withdrawal Attempted
HC30834,TN16,OSM00452,Romance Scam,83784.05,11,Kanniyakumari,8.0893,77.5492,0.67,19,8.0,4,0.97,OSM00452,Withdrawal Attempted
HC30835,TN03,OSM00971,Romance Scam,122470.73,19,Chennai,13.0999,80.2801,0.5,6,17.27,19,0.87,OSM00971,Withdrawal Attempted
HC30836,TN12,OSM01234,Identity Theft,115305.66,2,Krishnagiri,12.665,78.0059,0.69,13,32.81,12,0.49,OSM01234,Withdrawal Detected
HC30837,TN04,OSM01507,Phishing,210943.48,2,Coimbatore,10.6618,77.0079,0.57,17,13.21,4,0.59,OSM01507,Withdrawal Detected
HC30838,TN03,OSM00643,UPI Fraud,103288.85,6,Chennai,13.02,80.1408,0.95,21,49.97,9,0.46,OSM00643,Withdrawal Detected
HC30839,TN12,OSM01342,Identity Theft,290102.24,9,Krishnagiri,12.6615,78.013,0.93,5,24.01,12,0.55,OSM01342,No Activity
HC30840,TN03,OSM00183,Phishing,165944.09,7,Chennai,13.0185,80.1779,0.65,21,33.01,1,0.51,OSM00183,Withdrawal Attempted
HC30841,TN04,OSM01316,Romance Scam,184268.54,21,Coimbatore,11.0311,77.0287,0.66,5,38.66,7,0.23,OSM01316,No Activity
HC30842,TN16,OSM00964,Phishing,92214.1,17,Kanniyakumari,8.1936,77.4269,0.86,8,28.46,3,0.59,OSM00964,No Activity
HC30843,TN29,OSM00946,SIM Swap,47235.45,10,Thoothukudi,8.793,78.1208,0.44,12,44.79,14,0.9,OSM00946,Withdrawal Attempted
HC30844,TN29,OSM01367,UPI Fraud,282400.13,13,Thoothukudi,8.8068,78.1422,0.56,22,30.54,8,0.73,OSM01367,Withdrawal Attempted
HC30845,TN09,OSM01161,Phishing,156158.57,9,Kallakurichi,11.4777,79.0584,0.58,21,24.81,15,0.12,OSM01161,Withdrawal Attempted
HC30846,TN13,OSM01449,Loan Fraud,168484.25,5,Madurai,9.9255,78.0941,0.47,12,46.37,10,0.72,OSM01449,No Activity
HC30847,TN03,OSM00975,Investment Scam,170084.33,18,Chennai,13.0912,80.2825,0.89,13,9.97,10,0.61,OSM00975,Withdrawal Attempted
HC30848,TN33,OSM01553,Phishing,53904.27,20,Tiruppur,11.0382,77.3926,0.89,25,42.24,11,0.41,OSM01553,No Activity
HC30849,TN33,OSM00367,OTP Fraud,23928.97,9,Tiruppur,11.1672,77.3473,0.64,22,45.88,5,0.83,OSM00367,No Activity
HC30850,TN03,OSM00962,Identity Theft,209142.17,3,Chennai,13.0602,80.2603,0.95,15,6.58,20,0.88,OSM00962,No Activity
HC30851,TN08,OSM00474,Romance Scam,32794.11,11,Erode,11.45,77.7716,0.43,9,7.92,7,0.8,OSM00474,Withdrawal Detected
HC30852,TN29,OSM01382,Investment Scam,178241.18,23,Thoothukudi,9.0753,77.9349,0.64,14,33.01,4,0.15,OSM01382,Withdrawal Attempted
HC30853,TN30,OSM00785,Loan Fraud,226269.11,6,Tiruchirappalli,10.8605,78.6897,0.76,21,38.87,1,0.86,OSM00785,Withdrawal Attempted
HC30854,TN03,OSM00250,Phishing,296367.82,8,Chennai,13.0239,80.2165,0.96,23,34.73,13,0.39,OSM00250,No Activity
HC30855,TN33,OSM00367,Romance Scam,278505.21,10,Tiruppur,11.1672,77.3473,0.67,17,24.02,11,0.11,OSM00367,Withdrawal Detected
HC30856,TN16,OSM01055,Phishing,203568.94,5,Kanniyakumari,8.3881,77.6092,0.62,22,35.85,18,0.37,OSM01055,Withdrawal Detected
HC30857,TN03,OSM00336,SIM Swap,88662.6,18,Chennai,13.0644,80.249,0.67,7,24.59,12,0.68,OSM00336,Withdrawal Attempted
HC30858,TN04,OSM00667,Job Fraud,136993.39,21,Coimbatore,11.0165,76.9633,0.82,17,40.14,19,0.18,OSM00667,No Activity
HC30859,TN09,OSM00854,Phishing,145679.46,17,Kallakurichi,11.5773,78.9172,0.88,25,13.9,14,0.13,OSM00854,Withdrawal Attempted
HC30860,TN03,OSM01591,Investment Scam,119843.9,11,Chennai,12.9471,80.2098,0.73,22,29.14,10,0.9,OSM01591,Withdrawal Detected
HC30861,TN03,OSM01401,UPI Fraud,273144.57,6,Chennai,13.0027,80.2473,0.52,12,44.28,2,0.52,OSM01401,Withdrawal Attempted
HC30862,TN03,OSM00607,Phishing,23814.83,17,Chennai,13.0864,80.1984,0.86,6,14.26,1,0.94,OSM00607,Withdrawal Detected
HC30863,TN19,OSM01555,Loan Fraud,127958.86,0,Pudukkottai,10.077,78.7792,0.62,11,49.21,17,0.84,OSM01555,No Activity
HC30864,TN03,OSM01304,Romance Scam,17400.4,8,Chennai,12.981,80.1609,0.95,21,2.13,5,0.43,OSM01304,Withdrawal Detected
HC30865,TN30,OSM01163,UPI Fraud,43971.7,8,Tiruchirappalli,10.7596,78.6103,0.89,4,9.53,13,0.74,OSM01163,Withdrawal Attempted
HC30866,TN03,OSM00959,OTP Fraud,260408.36,16,Chennai,12.9974,80.2704,0.79,17,23.56,6,0.88,OSM00959,No Activity
HC30867,TN05,OSM01015,Identity Theft,238382.38,20,Cuddalore,11.6541,79.5497,0.48,19,10.97,14,0.83,OSM01015,Withdrawal Detected
HC30868,TN03,OSM00796,Phishing,136036.02,7,Chennai,13.0582,80.2414,0.78,16,47.01,3,0.61,OSM00796,No Activity
HC30869,TN19,OSM01570,SIM Swap,152817.81,14,Pudukkottai,10.0857,78.7937,0.72,8,8.64,17,0.53,OSM01570,Withdrawal Attempted
HC30870,TN11,OSM00437,Card Skimming,140698.09,1,Karur,10.8522,77.8482,0.63,25,9.79,4,0.53,OSM00437,No Activity
HC30871,TN25,OSM00272,Identity Theft,127672.75,21,Thanjavur,10.7873,79.1397,0.93,16,23.38,8,0.92,OSM00272,Withdrawal Attempted
HC30872,TN13,OSM01450,Investment Scam,55667.16,20,Madurai,9.9243,78.0946,0.83,6,38.64,19,0.41,OSM01450,No Activity
HC30873,TN30,OSM00954,Loan Fraud,251718.7,19,Tiruchirappalli,10.8867,78.7174,0.81,2,16.57,2,0.61,OSM00954,No Activity
HC30874,TN03,OSM00961,UPI Fraud,191548.11,19,Chennai,13.053,80.2514,0.94,21,38.22,12,0.77,OSM00961,No Activity
HC30875,TN19,OSM00446,Loan Fraud,108625.61,8,Pudukkottai,10.4821,78.7849,0.89,10,20.42,16,0.4,OSM00446,Withdrawal Detected
HC30876,TN03,OSM00190,UPI Fraud,160209.44,3,Chennai,13.0756,80.2693,0.75,11,10.81,18,0.68,OSM00190,Withdrawal Detected
HC30877,TN04,OSM00052,Identity Theft,185384.18,13,Coimbatore,10.9954,76.9754,0.68,5,40.97,4,0.79,OSM00052,No Activity
HC30878,TN29,OSM01562,Phishing,123490.41,18,Thoothukudi,8.7929,78.1204,0.47,6,19.46,19,0.49,OSM01562,Withdrawal Attempted
HC30879,TN03,OSM00493,Romance Scam,220344.78,21,Chennai,12.9267,80.1266,0.59,6,42.46,6,0.96,OSM00493,Withdrawal Detected
HC30880,TN29,OSM01492,Identity Theft,131126.34,11,Thoothukudi,8.6204,78.0703,0.7,16,4.14,7,0.74,OSM01492,Withdrawal Attempted
HC30881,TN25,OSM00987,Job Fraud,244381.52,11,Thanjavur,10.7297,79.0169,0.94,20,15.11,4,0.98,OSM00987,No Activity
HC30882,TN12,OSM01279,Job Fraud,208927.08,20,Krishnagiri,12.3587,78.2886,0.71,5,39.04,4,0.67,OSM01279,Withdrawal Attempted
HC30883,TN12,OSM01235,Card Skimming,150369.61,16,Krishnagiri,12.6011,78.1254,0.45,25,12.7,12,0.78,OSM01235,No Activity
HC30884,TN07,OSM01264,Card Skimming,229024.58,14,Dindigul,10.3597,77.9762,0.61,3,22.97,1,0.53,OSM01264,No Activity
HC30885,TN04,OSM00356,Identity Theft,35813.93,23,Coimbatore,11.168,76.9509,0.69,21,29.23,7,0.76,OSM00356,Withdrawal Attempted
HC30886,TN03,OSM00846,Investment Scam,267957.68,17,Chennai,12.9773,80.1938,0.7,8,28.84,3,0.26,OSM00846,Withdrawal Attempted
HC30887,TN24,OSM01107,Card Skimming,199519.2,0,Tenkasi,8.9761,77.2534,0.82,17,36.91,2,0.79,OSM01107,No Activity
HC30888,TN14,OSM01094,Phishing,201649.35,9,Mayiladuthurai,11.4368,79.5415,0.67,18,14.55,7,0.84,OSM01094,Withdrawal Detected
HC30889,TN04,OSM01339,OTP Fraud,234762.23,9,Coimbatore,11.1025,76.9318,0.68,9,27.88,14,0.96,OSM01339,No Activity
HC30890,TN29,OSM01052,UPI Fraud,169162.76,4,Thoothukudi,8.5602,77.9705,0.64,23,4.57,1,0.51,OSM01052,Withdrawal Detected
HC30891,TN35,OSM00094,Card Skimming,133896.12,9,The Nilgiris,11.3086,76.9328,0.71,5,40.62,2,0.17,OSM00094,No Activity
HC30892,TN04,OSM00657,Phishing,299445.02,14,Coimbatore,11.0159,77.0234,0.63,23,27.47,10,0.79,OSM00657,Withdrawal Attempted
HC30893,TN07,OSM01261,UPI Fraud,74738.16,18,Dindigul,10.3547,77.9658,0.45,3,4.67,9,0.96,OSM01261,Withdrawal Detected
HC30894,TN03,OSM00659,OTP Fraud,4228.76,7,Chennai,13.0801,80.2866,0.7,6,28.53,6,0.47,OSM00659,Withdrawal Attempted
HC30895,TN03,OSM00248,Job Fraud,268702.74,2,Chennai,13.0245,80.2245,0.53,10,37.95,10,0.91,OSM00248,Withdrawal Attempted
HC30896,TN16,OSM01055,Identity Theft,286563.51,14,Kanniyakumari,8.3881,77.6092,0.95,14,29.8,4,0.8,OSM01055,No Activity
HC30897,TN03,OSM00659,Romance Scam,186973.97,5,Chennai,13.0801,80.2866,0.54,17,20.62,16,0.22,OSM00659,No Activity
HC30898,TN31,OSM00067,Investment Scam,137222.67,16,Tirunelveli,8.7363,77.893,0.83,13,17.16,5,0.1,OSM00067,Withdrawal Attempted
HC30899,TN19,OSM01141,SIM Swap,138880.59,9,Pudukkottai,10.0735,78.7822,0.64,21,35.87,2,0.48,OSM01141,Withdrawal Attempted
HC30900,TN05,OSM01019,Job Fraud,77045.29,11,Cuddalore,11.7316,79.7642,0.76,22,34.52,9,0.11,OSM01019,No Activity
HC30901,TN03,OSM00511,SIM Swap,220973.23,12,Chennai,12.9229,80.1511,0.75,6,3.82,5,0.47,OSM00511,No Activity
HC30902,TN37,OSM00822,Loan Fraud,93811.9,3,Viluppuram,11.9379,79.5022,0.65,7,0.65,9,0.44,OSM00822,No Activity
HC30903,TN03,OSM00582,SIM Swap,249046.38,16,Chennai,12.9072,80.1425,0.95,23,42.48,11,0.33,OSM00582,Withdrawal Attempted
HC30904,TN13,OSM01479,Phishing,194076.33,12,Madurai,9.9293,78.1489,0.98,3,13.2,1,0.43,OSM01479,Withdrawal Detected
HC30905,TN24,OSM00671,Identity Theft,151113.08,8,Tenkasi,8.9333,77.274,0.6,19,6.28,10,0.46,OSM00671,No Activity
HC30906,TN14,OSM01601,Investment Scam,138821.26,18,Mayiladuthurai,10.9901,79.4354,0.71,17,6.67,1,0.57,OSM01601,Withdrawal Detected
HC30907,TN25,OSM01205,UPI Fraud,64878.23,17,Thanjavur,10.9576,79.3741,0.72,8,18.09,18,0.69,OSM01205,Withdrawal Detected
HC30908,TN04,OSM00042,SIM Swap,230772.25,1,Coimbatore,11.0212,76.9943,0.91,20,26.83,1,0.74,OSM00042,Withdrawal Detected
HC30909,TN03,OSM01311,Investment Scam,266737.58,5,Chennai,12.8639,80.2424,0.7,25,15.05,9,0.33,OSM01311,No Activity
HC30910,TN03,OSM00605,Card Skimming,233923.06,21,Chennai,12.8491,80.2285,0.93,22,21.56,3,0.9,OSM00605,Withdrawal Attempted
HC30911,TN03,OSM00374,Investment Scam,160092.3,15,Chennai,12.9068,80.2293,0.76,9,15.21,2,0.62,OSM00374,Withdrawal Attempted
HC30912,TN03,OSM00190,OTP Fraud,78123.27,20,Chennai,13.0756,80.2693,0.9,21,15.52,10,0.4,OSM00190,No Activity
HC30913,TN30,OSM00286,UPI Fraud,73408.43,2,Tiruchirappalli,10.756,78.8299,0.9,13,8.56,5,0.59,OSM00286,Withdrawal Attempted
HC30914,TN35,OSM00002,OTP Fraud,235744.1,14,The Nilgiris,11.4113,76.703,0.46,7,24.81,13,0.32,OSM00002,Withdrawal Attempted
HC30915,TN13,OSM00778,Identity Theft,245632.51,0,Madurai,9.919,78.1151,0.75,20,0.64,12,0.14,OSM00778,Withdrawal Detected
HC30916,TN21,OSM01271,Loan Fraud,248408.37,5,Ranipet,12.9228,79.3318,0.88,16,21.09,12,0.91,OSM01271,Withdrawal Detected
HC30917,TN35,OSM00817,Identity Theft,236697.3,4,The Nilgiris,11.3782,76.7439,0.51,18,28.57,17,0.52,OSM00817,Withdrawal Detected
HC30918,TN30,OSM00372,Job Fraud,295387.86,15,Tiruchirappalli,10.7883,78.6683,0.43,14,23.37,17,0.57,OSM00372,Withdrawal Detected
HC30919,TN13,OSM00746,OTP Fraud,245503.68,21,Madurai,9.922,78.1125,0.95,21,1.58,16,0.48,OSM00746,No Activity
HC30920,TN16,OSM01557,Investment Scam,96435.26,18,Kanniyakumari,8.3907,77.6097,0.43,20,17.75,19,0.74,OSM01557,Withdrawal Attempted
HC30921,TN04,OSM01316,Romance Scam,240799.73,0,Coimbatore,11.0311,77.0287,0.57,17,45.92,8,0.75,OSM01316,Withdrawal Detected
HC30922,TN03,OSM00685,OTP Fraud,206145.12,18,Chennai,12.9801,80.2509,0.87,4,29.1,10,0.94,OSM00685,No Activity
HC30923,TN07,OSM01269,OTP Fraud,188197.48,0,Dindigul,10.3608,77.9757,0.78,7,32.19,2,0.89,OSM01269,No Activity
HC30924,TN04,OSM00072,Identity Theft,290396.47,12,Coimbatore,11.2428,76.9607,0.86,8,19.6,14,0.24,OSM00072,No Activity
HC30925,TN03,OSM00249,SIM Swap,212419.37,3,Chennai,13.0233,80.2164,0.54,16,3.97,14,0.64,OSM00249,Withdrawal Detected
HC30926,TN03,OSM00145,Investment Scam,120540.27,0,Chennai,13.0674,80.2063,0.93,13,19.14,18,0.52,OSM00145,Withdrawal Attempted
HC30927,TN29,OSM01363,OTP Fraud,123979.23,1,Thoothukudi,8.8022,78.15,0.73,3,3.57,17,0.66,OSM01363,No Activity
HC30928,TN37,OSM01000,Investment Scam,90373.57,8,Viluppuram,11.9378,79.5033,0.45,20,28.63,16,0.4,OSM01000,Withdrawal Attempted
HC30929,TN02,OSM00471,SIM Swap,155489.63,14,Chengalpattu,12.7414,80.1963,0.75,8,9.22,12,0.46,OSM00471,No Activity
HC30930,TN12,OSM00193,UPI Fraud,137515.03,1,Krishnagiri,12.7293,77.8277,0.69,22,20.54,12,0.44,OSM00193,Withdrawal Detected
HC30931,TN14,OSM01220,OTP Fraud,227253.52,3,Mayiladuthurai,11.0511,79.4117,0.99,6,4.19,13,0.99,OSM01220,Withdrawal Attempted
HC30932,TN08,OSM00422,Card Skimming,184646.74,12,Erode,11.4549,77.4393,0.48,3,12.62,9,0.9,OSM00422,Withdrawal Attempted
HC30933,TN29,OSM01058,OTP Fraud,138784.61,16,Thoothukudi,8.8103,78.1335,0.66,12,41.34,18,0.71,OSM01058,Withdrawal Attempted
HC30934,TN37,OSM01431,Identity Theft,278952.25,5,Viluppuram,11.7786,79.527,0.52,14,47.02,2,0.93,OSM01431,Withdrawal Attempted
HC30935,TN03,OSM00268,Card Skimming,137595.74,20,Chennai,13.0373,80.2273,0.89,21,9.16,7,0.61,OSM00268,Withdrawal Detected
HC30936,TN03,OSM00315,Romance Scam,161516.54,10,Chennai,13.0363,80.2216,0.63,9,5.05,3,0.44,OSM00315,Withdrawal Attempted
HC30937,TN36,OSM01223,Investment Scam,18528.89,4,Vellore,12.5964,79.1849,0.89,17,28.27,19,0.61,OSM01223,Withdrawal Detected
HC30938,TN15,OSM00922,Romance Scam,23493.1,12,Nagapattinam,10.6815,79.8492,0.83,10,49.4,13,0.64,OSM00922,No Activity
HC30939,TN14,OSM00993,Phishing,28177.35,10,Mayiladuthurai,11.3547,79.5546,0.64,16,11.89,18,0.44,OSM00993,Withdrawal Attempted
HC30940,TN14,OSM00993,Loan Fraud,58489.7,14,Mayiladuthurai,11.3547,79.5546,0.66,21,11.15,14,0.24,OSM00993,No Activity
HC30941,TN26,OSM00464,Investment Scam,181620.71,4,Theni,9.9999,77.6182,0.84,20,3.91,4,0.45,OSM00464,No Activity
HC30942,TN03,OSM00382,Job Fraud,125957.64,2,Chennai,13.0403,80.2423,0.7,9,30.52,9,0.42,OSM00382,Withdrawal Attempted
HC30943,TN03,OSM00611,Romance Scam,51498.35,20,Chennai,12.9619,80.2564,0.77,7,30.38,2,0.88,OSM00611,Withdrawal Attempted
HC30944,TN03,OSM00908,Romance Scam,247288.73,7,Chennai,13.0905,80.2878,0.91,13,24.96,12,0.78,OSM00908,No Activity
HC30945,TN33,OSM01540,Loan Fraud,12338.9,7,Tiruppur,11.1925,77.2833,0.73,19,32.86,14,0.8,OSM01540,Withdrawal Attempted
HC30946,TN04,OSM00691,Phishing,259978.4,12,Coimbatore,11.2409,76.96,0.46,15,11.96,19,0.99,OSM00691,No Activity
HC30947,TN37,OSM00552,Romance Scam,239313.02,9,Viluppuram,11.9397,79.493,0.47,22,0.18,6,0.36,OSM00552,No Activity
HC30948,TN30,OSM00418,Card Skimming,208493.67,13,Tiruchirappalli,10.7981,78.6855,0.46,22,27.92,17,0.23,OSM00418,Withdrawal Attempted
HC30949,TN14,OSM01603,Investment Scam,65222.32,22,Mayiladuthurai,10.9888,79.4353,0.79,15,35.33,13,0.88,OSM01603,Withdrawal Detected
HC30950,TN03,OSM00065,Investment Scam,131595.05,1,Chennai,12.9728,80.258,0.83,16,19.95,15,0.45,OSM00065,No Activity
HC30951,TN26,OSM00924,OTP Fraud,262419.9,5,Theni,10.236,77.4935,0.58,11,26.1,13,0.48,OSM00924,Withdrawal Detected
HC30952,TN24,OSM01107,Loan Fraud,151262.13,1,Tenkasi,8.9761,77.2534,0.8,4,9.9,3,0.34,OSM01107,No Activity
HC30953,TN11,OSM00388,SIM Swap,80821.6,10,Karur,10.9534,78.0663,0.8,9,34.87,12,0.11,OSM00388,No Activity
HC30954,TN30,OSM00208,Romance Scam,2243.6,4,Tiruchirappalli,10.8146,78.6673,0.56,10,4.91,8,0.31,OSM00208,No Activity
HC30955,TN11,OSM00368,Loan Fraud,226539.25,22,Karur,11.0151,78.3005,0.59,17,49.27,7,0.29,OSM00368,Withdrawal Attempted
HC30956,TN05,OSM01213,SIM Swap,144467.79,17,Cuddalore,11.7232,79.7684,0.63,18,37.1,19,0.85,OSM01213,No Activity
HC30957,TN03,OSM00718,OTP Fraud,269875.81,9,Chennai,13.0674,80.2707,0.78,14,41.64,6,0.18,OSM00718,Withdrawal Detected
HC30958,TN03,OSM00416,OTP Fraud,2468.32,3,Chennai,13.0448,80.2639,0.97,10,7.74,19,0.78,OSM00416,Withdrawal Detected
HC30959,TN35,OSM00032,Phishing,240522.22,22,The Nilgiris,11.3003,76.9386,0.65,11,43.18,18,0.96,OSM00032,Withdrawal Detected
HC30960,TN19,OSM00906,Investment Scam,129901.54,2,Pudukkottai,10.0752,78.7794,0.65,19,37.65,10,0.94,OSM00906,Withdrawal Detected
HC30961,TN13,OSM01467,Card Skimming,196883.39,8,Madurai,9.9315,78.0898,0.85,10,0.37,4,0.74,OSM01467,Withdrawal Detected
HC30962,TN03,OSM00763,OTP Fraud,269422.44,8,Chennai,13.0271,80.1771,0.53,14,11.74,2,0.89,OSM00763,No Activity
HC30963,TN04,OSM00356,Job Fraud,63415.21,18,Coimbatore,11.168,76.9509,0.44,9,46.81,18,0.87,OSM00356,Withdrawal Attempted
HC30964,TN03,OSM00977,Job Fraud,72313.75,22,Chennai,13.0918,80.2754,0.53,17,5.96,9,0.29,OSM00977,No Activity
HC30965,TN21,OSM00498,OTP Fraud,296624.6,11,Ranipet,12.9412,79.3355,0.81,23,22.18,2,0.59,OSM00498,Withdrawal Attempted
HC30966,TN03,OSM00034,Loan Fraud,87153.82,5,Chennai,12.9431,80.1342,0.77,14,0.36,7,0.33,OSM00034,Withdrawal Detected
HC30967,TN25,OSM01355,Phishing,150956.41,7,Thanjavur,10.7632,79.1284,0.72,8,35.9,12,0.92,OSM01355,No Activity
HC30968,TN03,OSM00857,SIM Swap,30475.24,11,Chennai,13.0501,80.1804,0.59,22,30.67,7,0.12,OSM00857,Withdrawal Detected
HC30969,TN04,OSM01598,Identity Theft,116444.59,0,Coimbatore,11.0234,76.9771,0.88,22,47.57,13,0.52,OSM01598,No Activity
HC30970,TN35,OSM00126,Romance Scam,194282.65,10,The Nilgiris,11.408,76.7069,0.43,10,40.0,18,0.78,OSM00126,Withdrawal Attempted
HC30971,TN06,OSM00143,Phishing,204351.0,18,Dharmapuri,12.3162,78.206,0.42,14,11.89,9,0.68,OSM00143,No Activity
HC30972,TN04,OSM00139,Loan Fraud,70643.02,8,Coimbatore,11.0759,77.0023,0.48,25,49.98,16,0.69,OSM00139,Withdrawal Detected
HC30973,TN19,OSM00446,Identity Theft,263475.77,20,Pudukkottai,10.4821,78.7849,0.82,23,43.03,10,0.36,OSM00446,Withdrawal Detected
HC30974,TN03,OSM01280,SIM Swap,76700.62,10,Chennai,13.1214,80.1481,0.55,15,8.26,14,0.71,OSM01280,Withdrawal Attempted
HC30975,TN05,OSM00761,Card Skimming,96338.56,0,Cuddalore,11.8646,79.7578,0.45,7,2.29,10,0.36,OSM00761,Withdrawal Detected
HC30976,TN04,OSM00099,OTP Fraud,249446.53,10,Coimbatore,11.0213,76.971,0.98,13,30.15,5,0.91,OSM00099,Withdrawal Attempted
HC30977,TN03,OSM00217,UPI Fraud,125644.06,21,Chennai,13.0149,80.1744,0.83,10,48.32,7,0.22,OSM00217,Withdrawal Detected
HC30978,TN03,OSM00251,UPI Fraud,234706.72,23,Chennai,13.0242,80.2185,0.93,22,16.43,7,0.24,OSM00251,Withdrawal Detected
HC30979,TN02,OSM00470,OTP Fraud,75598.2,0,Chengalpattu,12.7421,80.198,0.57,7,15.37,3,0.35,OSM00470,Withdrawal Detected
HC30980,TN03,OSM00928,Phishing,149799.81,5,Chennai,13.0896,80.2853,0.77,9,32.57,8,0.65,OSM00928,Withdrawal Detected
HC30981,TN13,OSM01475,Investment Scam,61910.08,17,Madurai,9.923,78.1486,0.46,5,40.76,6,0.86,OSM01475,Withdrawal Detected
HC30982,TN03,OSM00859,Investment Scam,168200.53,8,Chennai,12.9693,80.1902,0.47,3,45.75,12,0.22,OSM00859,No Activity
HC30983,TN26,OSM00171,Phishing,193394.5,4,Theni,10.2359,77.4934,0.64,5,24.16,8,0.23,OSM00171,Withdrawal Detected
HC30984,TN19,OSM01446,SIM Swap,62127.0,2,Pudukkottai,10.0746,78.7821,0.65,19,26.15,4,0.71,OSM01446,Withdrawal Attempted
HC30985,TN22,OSM00413,OTP Fraud,140580.54,11,Salem,11.6294,78.1485,0.58,21,6.84,16,0.47,OSM00413,Withdrawal Attempted
HC30986,TN05,OSM00234,Job Fraud,232837.05,6,Cuddalore,11.9912,79.8272,0.61,3,25.75,13,0.62,OSM00234,Withdrawal Attempted
HC30987,TN03,OSM00610,Job Fraud,42547.04,13,Chennai,13.0738,80.2002,0.59,6,35.17,7,0.56,OSM00610,Withdrawal Detected
HC30988,TN29,OSM01363,Investment Scam,81747.52,18,Thoothukudi,8.8022,78.15,0.66,9,14.28,3,0.51,OSM01363,No Activity
HC30989,TN04,OSM01037,UPI Fraud,16274.16,15,Coimbatore,11.0457,77.0378,0.44,25,30.51,6,0.16,OSM01037,Withdrawal Attempted
HC30990,TN03,OSM00210,Loan Fraud,251281.63,2,Chennai,12.9828,80.1916,0.85,25,45.68,5,0.75,OSM00210,No Activity
HC30991,TN03,OSM00849,UPI Fraud,286387.99,8,Chennai,12.9652,80.1921,0.49,3,44.71,19,0.15,OSM00849,Withdrawal Detected
HC30992,TN19,OSM00852,Romance Scam,98377.33,9,Pudukkottai,10.0733,78.7755,0.69,9,29.87,2,0.44,OSM00852,Withdrawal Attempted
HC30993,TN03,OSM00617,Identity Theft,283107.72,16,Chennai,13.1056,80.2086,0.7,18,37.27,9,0.3,OSM00617,Withdrawal Attempted
HC30994,TN22,OSM00966,Card Skimming,198756.35,5,Salem,11.7709,78.0545,0.52,13,49.1,3,0.28,OSM00966,No Activity
HC30995,TN06,OSM00143,UPI Fraud,257719.74,12,Dharmapuri,12.3162,78.206,0.76,11,48.21,11,0.66,OSM00143,No Activity
HC30996,TN33,OSM01554,Card Skimming,142334.05,15,Tiruppur,10.7256,77.5238,0.6,8,2.98,19,0.45,OSM01554,Withdrawal Detected
HC30997,TN32,OSM00155,UPI Fraud,263882.94,15,Tirupathur,12.5859,78.6314,0.95,5,21.5,16,0.9,OSM00155,Withdrawal Attempted
HC30998,TN13,OSM01481,SIM Swap,74088.13,4,Madurai,9.9315,78.1487,0.86,11,27.16,16,0.22,OSM01481,Withdrawal Detected
HC30999,TN03,OSM00684,Identity Theft,294341.62,17,Chennai,12.9773,80.251,0.51,18,6.49,2,0.19,OSM00684,Withdrawal Attempted
HC31000,TN03,OSM00718,Investment Scam,273325.4,2,Chennai,13.0674,80.2707,0.61,12,46.62,7,0.56,OSM00718,Withdrawal Attempted
